-- EDA	

INSERT INTO customers (customer_id, customer_name, reg_date)
VALUES
(1, 'Customer_1', '2022-02-23'),
(2, 'Customer_2', '2024-08-04'),
(3, 'Customer_3', '2024-11-25'),
(4, 'Customer_4', '2024-12-28'),
(5, 'Customer_5', '2024-02-15'),
(6, 'Customer_6', '2023-11-24'),
(7, 'Customer_7', '2022-12-29'),
(8, 'Customer_8', '2023-03-04'),
(9, 'Customer_9', '2021-01-13'),
(10, 'Customer_10', '2021-12-20'),
(11, 'Customer_11', '2024-03-19'),
(12, 'Customer_12', '2024-04-04'),
(13, 'Customer_13', '2022-06-09'),
(14, 'Customer_14', '2022-03-14'),
(15, 'Customer_15', '2024-06-18'),
(16, 'Customer_16', '2023-02-25'),
(17, 'Customer_17', '2022-10-05'),
(18, 'Customer_18', '2022-11-24'),
(19, 'Customer_19', '2022-02-13'),
(20, 'Customer_20', '2021-12-30'),
(21, 'Customer_21', '2022-07-20'),
(22, 'Customer_22', '2022-06-13'),
(23, 'Customer_23', '2024-06-18'),
(24, 'Customer_24', '2024-12-25'),
(25, 'Customer_25', '2022-10-31'),
(26, 'Customer_26', '2024-07-12'),
(27, 'Customer_27', '2021-03-02'),
(28, 'Customer_28', '2022-03-09'),
(29, 'Customer_29', '2022-10-27'),
(30, 'Customer_30', '2022-01-10'),
(31, 'Customer_31', '2023-06-14'),
(32, 'Customer_32', '2021-07-02'),
(33, 'Customer_33', '2024-06-20'),
(34, 'Customer_34', '2022-07-31'),
(35, 'Customer_35', '2023-01-17'),
(36, 'Customer_36', '2023-06-26'),
(37, 'Customer_37', '2024-03-28'),
(38, 'Customer_38', '2021-08-13'),
(39, 'Customer_39', '2021-06-04'),
(40, 'Customer_40', '2021-11-24'),
(41, 'Customer_41', '2022-03-06'),
(42, 'Customer_42', '2023-06-24'),
(43, 'Customer_43', '2021-11-16'),
(44, 'Customer_44', '2022-06-17'),
(45, 'Customer_45', '2022-09-19'),
(46, 'Customer_46', '2023-09-06'),
(47, 'Customer_47', '2024-01-08'),
(48, 'Customer_48', '2022-12-25'),
(49, 'Customer_49', '2021-12-02'),
(50, 'Customer_50', '2024-01-18'),
(51, 'Customer_51', '2021-12-18'),
(52, 'Customer_52', '2021-01-22'),
(53, 'Customer_53', '2024-10-01'),
(54, 'Customer_54', '2021-10-05'),
(55, 'Customer_55', '2024-08-05'),
(56, 'Customer_56', '2022-03-14'),
(57, 'Customer_57', '2023-06-12'),
(58, 'Customer_58', '2021-04-13'),
(59, 'Customer_59', '2022-08-24'),
(60, 'Customer_60', '2023-09-26'),
(61, 'Customer_61', '2024-01-21'),
(62, 'Customer_62', '2024-03-19'),
(63, 'Customer_63', '2021-08-19'),
(64, 'Customer_64', '2022-03-24'),
(65, 'Customer_65', '2023-01-17'),
(66, 'Customer_66', '2024-04-28'),
(67, 'Customer_67', '2023-10-25'),
(68, 'Customer_68', '2022-06-19'),
(69, 'Customer_69', '2021-12-12'),
(70, 'Customer_70', '2021-08-25'),
(71, 'Customer_71', '2021-01-24'),
(72, 'Customer_72', '2023-10-21'),
(73, 'Customer_73', '2021-05-02'),
(74, 'Customer_74', '2022-08-20'),
(75, 'Customer_75', '2021-01-02'),
(76, 'Customer_76', '2024-09-09'),
(77, 'Customer_77', '2022-10-24'),
(78, 'Customer_78', '2022-12-30'),
(79, 'Customer_79', '2024-01-22'),
(80, 'Customer_80', '2022-03-29'),
(81, 'Customer_81', '2024-05-20'),
(82, 'Customer_82', '2022-12-05'),
(83, 'Customer_83', '2022-12-22'),
(84, 'Customer_84', '2021-04-20'),
(85, 'Customer_85', '2023-07-18'),
(86, 'Customer_86', '2024-12-17'),
(87, 'Customer_87', '2022-10-29'),
(88, 'Customer_88', '2021-03-24'),
(89, 'Customer_89', '2023-09-29'),
(90, 'Customer_90', '2022-03-18'),
(91, 'Customer_91', '2024-01-19'),
(92, 'Customer_92', '2021-04-27'),
(93, 'Customer_93', '2023-03-26'),
(94, 'Customer_94', '2022-07-05'),
(95, 'Customer_95', '2021-07-27'),
(96, 'Customer_96', '2023-12-23'),
(97, 'Customer_97', '2022-12-14'),
(98, 'Customer_98', '2023-03-01'),
(99, 'Customer_99', '2023-01-26'),
(100, 'Customer_100', '2021-06-21'),
(101, 'Customer_101', '2021-10-08'),
(102, 'Customer_102', '2024-12-02'),
(103, 'Customer_103', '2024-08-17'),
(104, 'Customer_104', '2024-07-06'),
(105, 'Customer_105', '2024-07-27'),
(106, 'Customer_106', '2022-03-29'),
(107, 'Customer_107', '2021-10-31'),
(108, 'Customer_108', '2021-09-01'),
(109, 'Customer_109', '2022-05-27'),
(110, 'Customer_110', '2022-07-03'),
(111, 'Customer_111', '2021-02-11'),
(112, 'Customer_112', '2021-05-13'),
(113, 'Customer_113', '2023-10-10'),
(114, 'Customer_114', '2024-03-11'),
(115, 'Customer_115', '2024-08-17'),
(116, 'Customer_116', '2024-01-03'),
(117, 'Customer_117', '2024-03-26'),
(118, 'Customer_118', '2023-03-13'),
(119, 'Customer_119', '2021-07-10'),
(120, 'Customer_120', '2022-08-30'),
(121, 'Customer_121', '2023-04-30'),
(122, 'Customer_122', '2024-01-28'),
(123, 'Customer_123', '2021-08-26'),
(124, 'Customer_124', '2023-07-10'),
(125, 'Customer_125', '2022-04-08'),
(126, 'Customer_126', '2022-06-29'),
(127, 'Customer_127', '2021-11-20'),
(128, 'Customer_128', '2024-08-13'),
(129, 'Customer_129', '2021-09-13'),
(130, 'Customer_130', '2023-06-01'),
(131, 'Customer_131', '2023-08-28'),
(132, 'Customer_132', '2022-07-22'),
(133, 'Customer_133', '2022-05-21'),
(134, 'Customer_134', '2021-04-15'),
(135, 'Customer_135', '2024-09-13'),
(136, 'Customer_136', '2021-11-17'),
(137, 'Customer_137', '2023-12-15'),
(138, 'Customer_138', '2024-11-12'),
(139, 'Customer_139', '2024-02-13'),
(140, 'Customer_140', '2021-10-16'),
(141, 'Customer_141', '2024-02-08'),
(142, 'Customer_142', '2023-11-06'),
(143, 'Customer_143', '2021-08-11'),
(144, 'Customer_144', '2023-09-24'),
(145, 'Customer_145', '2023-12-13'),
(146, 'Customer_146', '2024-07-21'),
(147, 'Customer_147', '2023-01-14'),
(148, 'Customer_148', '2021-11-18'),
(149, 'Customer_149', '2023-02-27'),
(150, 'Customer_150', '2022-05-19'),
(151, 'Customer_151', '2023-09-19'),
(152, 'Customer_152', '2021-02-08'),
(153, 'Customer_153', '2023-04-03'),
(154, 'Customer_154', '2021-03-07'),
(155, 'Customer_155', '2021-12-23'),
(156, 'Customer_156', '2023-09-22'),
(157, 'Customer_157', '2023-01-11'),
(158, 'Customer_158', '2022-07-07'),
(159, 'Customer_159', '2024-07-22'),
(160, 'Customer_160', '2022-10-12'),
(161, 'Customer_161', '2022-06-20'),
(162, 'Customer_162', '2023-04-25'),
(163, 'Customer_163', '2021-02-17'),
(164, 'Customer_164', '2022-10-16'),
(165, 'Customer_165', '2023-02-24'),
(166, 'Customer_166', '2022-02-01'),
(167, 'Customer_167', '2021-05-31'),
(168, 'Customer_168', '2024-02-16'),
(169, 'Customer_169', '2021-07-19'),
(170, 'Customer_170', '2023-05-18'),
(171, 'Customer_171', '2021-05-30'),
(172, 'Customer_172', '2022-10-07'),
(173, 'Customer_173', '2023-10-14'),
(174, 'Customer_174', '2024-04-02'),
(175, 'Customer_175', '2022-05-21'),
(176, 'Customer_176', '2024-10-21'),
(177, 'Customer_177', '2023-01-21'),
(178, 'Customer_178', '2021-12-15'),
(179, 'Customer_179', '2021-08-02'),
(180, 'Customer_180', '2023-12-22'),
(181, 'Customer_181', '2022-11-25'),
(182, 'Customer_182', '2021-01-25'),
(183, 'Customer_183', '2021-12-27'),
(184, 'Customer_184', '2021-12-28'),
(185, 'Customer_185', '2024-11-01'),
(186, 'Customer_186', '2022-02-19'),
(187, 'Customer_187', '2023-02-09'),
(188, 'Customer_188', '2024-02-23'),
(189, 'Customer_189', '2024-05-27'),
(190, 'Customer_190', '2023-10-29'),
(191, 'Customer_191', '2021-01-26'),
(192, 'Customer_192', '2024-08-03'),
(193, 'Customer_193', '2023-10-21'),
(194, 'Customer_194', '2023-05-10'),
(195, 'Customer_195', '2021-01-27'),
(196, 'Customer_196', '2024-06-30'),
(197, 'Customer_197', '2023-12-25'),
(198, 'Customer_198', '2021-05-27'),
(199, 'Customer_199', '2022-12-28'),
(200, 'Customer_200', '2022-01-17'),
(201, 'Customer_201', '2024-07-19'),
(202, 'Customer_202', '2022-03-21'),
(203, 'Customer_203', '2023-11-30'),
(204, 'Customer_204', '2021-03-14'),
(205, 'Customer_205', '2024-10-02'),
(206, 'Customer_206', '2021-07-11'),
(207, 'Customer_207', '2023-02-11'),
(208, 'Customer_208', '2023-08-14'),
(209, 'Customer_209', '2021-05-17'),
(210, 'Customer_210', '2024-04-09'),
(211, 'Customer_211', '2023-11-03'),
(212, 'Customer_212', '2022-02-07'),
(213, 'Customer_213', '2023-05-10'),
(214, 'Customer_214', '2024-10-17'),
(215, 'Customer_215', '2023-03-03'),
(216, 'Customer_216', '2023-05-11'),
(217, 'Customer_217', '2021-10-31'),
(218, 'Customer_218', '2024-06-02'),
(219, 'Customer_219', '2024-05-23'),
(220, 'Customer_220', '2023-11-28'),
(221, 'Customer_221', '2021-03-28'),
(222, 'Customer_222', '2023-06-25'),
(223, 'Customer_223', '2023-12-25'),
(224, 'Customer_224', '2021-03-29'),
(225, 'Customer_225', '2021-11-09'),
(226, 'Customer_226', '2024-11-10'),
(227, 'Customer_227', '2022-06-20'),
(228, 'Customer_228', '2022-05-05'),
(229, 'Customer_229', '2024-11-24'),
(230, 'Customer_230', '2021-04-29'),
(231, 'Customer_231', '2021-09-28'),
(232, 'Customer_232', '2023-12-14'),
(233, 'Customer_233', '2021-08-21'),
(234, 'Customer_234', '2021-06-20'),
(235, 'Customer_235', '2022-03-26'),
(236, 'Customer_236', '2023-08-09'),
(237, 'Customer_237', '2021-07-05'),
(238, 'Customer_238', '2022-03-10'),
(239, 'Customer_239', '2022-06-10'),
(240, 'Customer_240', '2021-08-18'),
(241, 'Customer_241', '2021-08-24'),
(242, 'Customer_242', '2024-11-14'),
(243, 'Customer_243', '2023-06-18'),
(244, 'Customer_244', '2023-03-11'),
(245, 'Customer_245', '2022-11-02'),
(246, 'Customer_246', '2021-07-25'),
(247, 'Customer_247', '2021-04-07'),
(248, 'Customer_248', '2021-04-07'),
(249, 'Customer_249', '2022-09-02'),
(250, 'Customer_250', '2022-02-27');


INSERT INTO restaurants (restaurant_id, restaurant_name, city, opening_hours)
VALUES
(1, 'Restaurant_1', 'San Francisco', '11:00 AM - 10:00 PM'),
(2, 'Restaurant_2', 'Portland', '11:00 AM - 10:00 PM'),
(3, 'Restaurant_3', 'Miami', '8:00 AM - 8:00 PM'),
(4, 'Restaurant_4', 'San Francisco', '12:00 AM - 10:00 PM'),
(5, 'Restaurant_5', 'Portland', '8:00 AM - 12:00 PM'),
(6, 'Restaurant_6', 'San Francisco', '12:00 AM - 8:00 PM'),
(7, 'Restaurant_7', 'San Francisco', '9:00 AM - 12:00 PM'),
(8, 'Restaurant_8', 'Seattle', '9:00 AM - 8:00 PM'),
(9, 'Restaurant_9', 'Boston', '9:00 AM - 11:00 PM'),
(10, 'Restaurant_10', 'Houston', '12:00 AM - 10:00 PM'),
(11, 'Restaurant_11', 'Seattle', '12:00 AM - 9:00 PM'),
(12, 'Restaurant_12', 'Houston', '9:00 AM - 8:00 PM'),
(13, 'Restaurant_13', 'Seattle', '10:00 AM - 12:00 PM'),
(14, 'Restaurant_14', 'Los Angeles', '8:00 AM - 12:00 PM'),
(15, 'Restaurant_15', 'Denver', '9:00 AM - 12:00 PM'),
(16, 'Restaurant_16', 'San Francisco', '8:00 AM - 11:00 PM'),
(17, 'Restaurant_17', 'Denver', '8:00 AM - 11:00 PM'),
(18, 'Restaurant_18', 'New York', '8:00 AM - 10:00 PM'),
(19, 'Restaurant_19', 'Chicago', '10:00 AM - 11:00 PM'),
(20, 'Restaurant_20', 'Seattle', '12:00 AM - 8:00 PM'),
(21, 'Restaurant_21', 'Houston', '10:00 AM - 9:00 PM'),
(22, 'Restaurant_22', 'Boston', '9:00 AM - 9:00 PM'),
(23, 'Restaurant_23', 'Portland', '8:00 AM - 11:00 PM'),
(24, 'Restaurant_24', 'Houston', '9:00 AM - 12:00 PM'),
(25, 'Restaurant_25', 'Seattle', '12:00 AM - 10:00 PM'),
(26, 'Restaurant_26', 'Chicago', '12:00 AM - 11:00 PM'),
(27, 'Restaurant_27', 'Seattle', '11:00 AM - 10:00 PM'),
(28, 'Restaurant_28', 'Denver', '12:00 AM - 11:00 PM'),
(29, 'Restaurant_29', 'New York', '12:00 AM - 12:00 PM'),
(30, 'Restaurant_30', 'Denver', '12:00 AM - 8:00 PM'),
(31, 'Restaurant_31', 'Boston', '10:00 AM - 11:00 PM'),
(32, 'Restaurant_32', 'Boston', '9:00 AM - 8:00 PM'),
(33, 'Restaurant_33', 'Chicago', '9:00 AM - 9:00 PM'),
(34, 'Restaurant_34', 'New York', '9:00 AM - 10:00 PM'),
(35, 'Restaurant_35', 'Los Angeles', '8:00 AM - 10:00 PM'),
(36, 'Restaurant_36', 'Los Angeles', '11:00 AM - 12:00 PM'),
(37, 'Restaurant_37', 'Denver', '12:00 AM - 12:00 PM'),
(38, 'Restaurant_38', 'Chicago', '10:00 AM - 11:00 PM'),
(39, 'Restaurant_39', 'New York', '8:00 AM - 9:00 PM'),
(40, 'Restaurant_40', 'Los Angeles', '8:00 AM - 8:00 PM'),
(41, 'Restaurant_41', 'Portland', '8:00 AM - 10:00 PM'),
(42, 'Restaurant_42', 'Miami', '10:00 AM - 12:00 PM'),
(43, 'Restaurant_43', 'Seattle', '12:00 AM - 8:00 PM'),
(44, 'Restaurant_44', 'Los Angeles', '10:00 AM - 11:00 PM'),
(45, 'Restaurant_45', 'New York', '9:00 AM - 10:00 PM'),
(46, 'Restaurant_46', 'New York', '12:00 AM - 12:00 PM'),
(47, 'Restaurant_47', 'Chicago', '10:00 AM - 10:00 PM'),
(48, 'Restaurant_48', 'New York', '11:00 AM - 9:00 PM'),
(49, 'Restaurant_49', 'Houston', '11:00 AM - 8:00 PM'),
(50, 'Restaurant_50', 'Houston', '9:00 AM - 9:00 PM'),
(51, 'Restaurant_51', 'Los Angeles', '11:00 AM - 10:00 PM'),
(52, 'Restaurant_52', 'Los Angeles', '8:00 AM - 11:00 PM'),
(53, 'Restaurant_53', 'Boston', '8:00 AM - 8:00 PM'),
(54, 'Restaurant_54', 'Portland', '10:00 AM - 9:00 PM'),
(55, 'Restaurant_55', 'New York', '10:00 AM - 12:00 PM'),
(56, 'Restaurant_56', 'Los Angeles', '8:00 AM - 12:00 PM'),
(57, 'Restaurant_57', 'Los Angeles', '11:00 AM - 11:00 PM'),
(58, 'Restaurant_58', 'Denver', '12:00 AM - 9:00 PM'),
(59, 'Restaurant_59', 'Miami', '8:00 AM - 10:00 PM'),
(60, 'Restaurant_60', 'San Francisco', '8:00 AM - 8:00 PM'),
(61, 'Restaurant_61', 'San Francisco', '9:00 AM - 11:00 PM'),
(62, 'Restaurant_62', 'Denver', '11:00 AM - 11:00 PM'),
(63, 'Restaurant_63', 'Portland', '11:00 AM - 8:00 PM'),
(64, 'Restaurant_64', 'Los Angeles', '12:00 AM - 9:00 PM'),
(65, 'Restaurant_65', 'Portland', '12:00 AM - 10:00 PM'),
(66, 'Restaurant_66', 'San Francisco', '10:00 AM - 12:00 PM'),
(67, 'Restaurant_67', 'San Francisco', '8:00 AM - 8:00 PM'),
(68, 'Restaurant_68', 'Houston', '10:00 AM - 8:00 PM'),
(69, 'Restaurant_69', 'Miami', '11:00 AM - 8:00 PM'),
(70, 'Restaurant_70', 'San Francisco', '11:00 AM - 8:00 PM'),
(71, 'Restaurant_71', 'Portland', '8:00 AM - 11:00 PM'),
(72, 'Restaurant_72', 'Portland', '12:00 AM - 8:00 PM'),
(73, 'Restaurant_73', 'Miami', '9:00 AM - 9:00 PM'),
(74, 'Restaurant_74', 'San Francisco', '11:00 AM - 10:00 PM'),
(75, 'Restaurant_75', 'Chicago', '9:00 AM - 11:00 PM'),
(76, 'Restaurant_76', 'Boston', '11:00 AM - 12:00 PM'),
(77, 'Restaurant_77', 'Los Angeles', '10:00 AM - 9:00 PM'),
(78, 'Restaurant_78', 'San Francisco', '12:00 AM - 12:00 PM'),
(79, 'Restaurant_79', 'Portland', '8:00 AM - 12:00 PM'),
(80, 'Restaurant_80', 'San Francisco', '9:00 AM - 8:00 PM'),
(81, 'Restaurant_81', 'Chicago', '12:00 AM - 11:00 PM'),
(82, 'Restaurant_82', 'Houston', '12:00 AM - 12:00 PM'),
(83, 'Restaurant_83', 'Seattle', '8:00 AM - 9:00 PM'),
(84, 'Restaurant_84', 'Los Angeles', '10:00 AM - 10:00 PM'),
(85, 'Restaurant_85', 'Seattle', '8:00 AM - 10:00 PM'),
(86, 'Restaurant_86', 'New York', '11:00 AM - 10:00 PM'),
(87, 'Restaurant_87', 'Denver', '12:00 AM - 10:00 PM'),
(88, 'Restaurant_88', 'New York', '12:00 AM - 11:00 PM'),
(89, 'Restaurant_89', 'Houston', '8:00 AM - 9:00 PM'),
(90, 'Restaurant_90', 'San Francisco', '11:00 AM - 8:00 PM'),
(91, 'Restaurant_91', 'Los Angeles', '12:00 AM - 10:00 PM'),
(92, 'Restaurant_92', 'Seattle', '11:00 AM - 9:00 PM'),
(93, 'Restaurant_93', 'Chicago', '9:00 AM - 8:00 PM'),
(94, 'Restaurant_94', 'Los Angeles', '11:00 AM - 10:00 PM'),
(95, 'Restaurant_95', 'Miami', '11:00 AM - 12:00 PM'),
(96, 'Restaurant_96', 'Los Angeles', '10:00 AM - 11:00 PM'),
(97, 'Restaurant_97', 'Houston', '8:00 AM - 11:00 PM'),
(98, 'Restaurant_98', 'Los Angeles', '11:00 AM - 8:00 PM'),
(99, 'Restaurant_99', 'Chicago', '8:00 AM - 9:00 PM'),
(100, 'Restaurant_100', 'San Francisco', '11:00 AM - 9:00 PM');


INSERT INTO orders (order_id, customer_id, restaurant_id, order_item, order_date, order_time, order_status, total_amount)
VALUES
(1, 30, 72, 'Item_64', '2024-08-03', '20:38:32', 'Delivered', 71.4),
(2, 200, 55, 'Item_67', '2021-03-21', '09:37:21', 'Canceled', 44.03),
(3, 64, 73, 'Item_56', '2023-10-03', '07:59:02', 'Delivered', 84.51),
(4, 38, 97, 'Item_56', '2022-08-30', '07:22:34', 'Delivered', 59.21),
(5, 47, 3, 'Item_53', '2023-07-29', '02:02:20', 'Canceled', 9.51),
(6, 189, 40, 'Item_71', '2021-04-16', '17:23:36', 'Pending', 93.54),
(7, 155, 1, 'Item_70', '2021-11-27', '12:09:31', 'Delivered', 53.76),
(8, 140, 77, 'Item_14', '2023-02-03', '11:05:07', 'Delivered', 17.28),
(9, 50, 14, 'Item_40', '2021-11-14', '19:43:41', 'Delivered', 24.7),
(10, 12, 47, 'Item_71', '2022-03-17', '20:32:09', 'Pending', 69.49),
(11, 79, 88, 'Item_1', '2022-01-16', '16:42:26', 'Canceled', 28.76),
(12, 17, 11, 'Item_21', '2021-02-27', '02:38:08', 'Delivered', 93.65),
(13, 84, 48, 'Item_64', '2021-10-03', '10:55:45', 'Canceled', 66.08),
(14, 242, 44, 'Item_44', '2022-01-05', '23:39:27', 'Delivered', 73.88),
(15, 89, 57, 'Item_91', '2022-09-11', '15:10:16', 'Pending', 68.9),
(16, 30, 30, 'Item_2', '2021-06-11', '04:39:21', 'Pending', 70.57),
(17, 85, 15, 'Item_46', '2022-02-28', '16:26:18', 'Canceled', 70.85),
(18, 95, 47, 'Item_34', '2022-06-14', '09:37:03', 'Canceled', 72.14),
(19, 57, 62, 'Item_6', '2022-08-17', '12:57:15', 'Canceled', 65.29),
(20, 240, 99, 'Item_54', '2022-01-02', '22:50:37', 'Pending', 98.78),
(21, 207, 65, 'Item_48', '2024-07-30', '01:22:23', 'Canceled', 75.71),
(22, 163, 39, 'Item_31', '2022-05-30', '03:12:08', 'Canceled', 69.55),
(23, 153, 98, 'Item_75', '2024-07-12', '02:48:22', 'Delivered', 95.61),
(24, 136, 11, 'Item_80', '2024-10-09', '04:11:38', 'Delivered', 50.02),
(25, 42, 16, 'Item_75', '2024-09-23', '01:25:02', 'Canceled', 12.84),
(26, 249, 65, 'Item_25', '2023-04-10', '05:39:17', 'Pending', 82.1),
(27, 216, 49, 'Item_94', '2024-09-17', '20:50:40', 'Delivered', 23.85),
(28, 28, 61, 'Item_85', '2024-01-03', '13:17:42', 'Canceled', 64.67),
(29, 88, 39, 'Item_22', '2024-08-17', '12:24:29', 'Pending', 53.51),
(30, 157, 46, 'Item_41', '2024-10-30', '08:14:21', 'Delivered', 50.17),
(31, 124, 64, 'Item_71', '2021-09-05', '16:18:54', 'Pending', 29.62),
(32, 243, 7, 'Item_45', '2024-12-19', '06:28:37', 'Canceled', 52.35),
(33, 204, 46, 'Item_9', '2023-11-28', '09:46:08', 'Canceled', 56.78),
(34, 240, 34, 'Item_67', '2022-02-13', '14:31:08', 'Delivered', 70.87),
(35, 47, 35, 'Item_77', '2024-05-07', '04:39:25', 'Canceled', 54.56),
(36, 218, 30, 'Item_18', '2022-06-28', '17:42:45', 'Delivered', 48.85),
(37, 105, 55, 'Item_20', '2024-12-15', '18:00:59', 'Delivered', 9.95),
(38, 81, 13, 'Item_83', '2024-10-04', '23:54:17', 'Pending', 27.41),
(39, 164, 91, 'Item_28', '2024-09-24', '01:27:47', 'Pending', 52.53),
(40, 124, 93, 'Item_53', '2022-11-15', '05:00:14', 'Canceled', 47.68),
(41, 162, 67, 'Item_48', '2022-11-30', '21:02:10', 'Canceled', 52.8),
(42, 150, 6, 'Item_86', '2023-10-10', '20:23:41', 'Delivered', 20.83),
(43, 40, 26, 'Item_28', '2023-07-23', '06:24:23', 'Pending', 75.75),
(44, 5, 9, 'Item_41', '2022-10-20', '02:55:33', 'Pending', 94.8),
(45, 176, 47, 'Item_86', '2024-01-28', '15:00:08', 'Delivered', 53.94),
(46, 48, 90, 'Item_38', '2021-11-15', '22:04:24', 'Pending', 57.43),
(47, 234, 23, 'Item_21', '2024-05-17', '07:31:19', 'Delivered', 73.14),
(48, 56, 46, 'Item_4', '2022-08-19', '07:41:10', 'Pending', 19.68),
(49, 136, 76, 'Item_56', '2022-06-08', '14:48:57', 'Pending', 96.73),
(50, 200, 22, 'Item_69', '2023-11-03', '09:32:54', 'Delivered', 95.67),
(51, 181, 3, 'Item_31', '2023-12-21', '11:04:14', 'Canceled', 47.44),
(52, 231, 24, 'Item_56', '2023-07-07', '10:01:05', 'Delivered', 88.1),
(53, 117, 88, 'Item_43', '2023-03-12', '03:42:20', 'Delivered', 17.98),
(54, 12, 68, 'Item_20', '2023-01-05', '20:54:06', 'Canceled', 73.83),
(55, 196, 17, 'Item_1', '2021-12-03', '13:41:42', 'Pending', 95.22),
(56, 242, 96, 'Item_13', '2021-12-20', '14:27:27', 'Canceled', 79.57),
(57, 165, 9, 'Item_67', '2024-11-23', '16:20:34', 'Delivered', 32.65),
(58, 101, 64, 'Item_100', '2022-09-29', '09:07:48', 'Canceled', 10.71),
(59, 72, 11, 'Item_94', '2022-05-19', '03:31:47', 'Delivered', 84.85),
(60, 95, 52, 'Item_71', '2023-05-30', '00:12:32', 'Canceled', 64.53),
(61, 120, 72, 'Item_10', '2023-01-30', '10:59:53', 'Delivered', 79.38),
(62, 45, 78, 'Item_63', '2022-03-10', '16:32:25', 'Pending', 53.75),
(63, 19, 56, 'Item_50', '2023-03-25', '18:03:00', 'Canceled', 84.63),
(64, 121, 29, 'Item_17', '2022-07-03', '01:49:01', 'Canceled', 89.32),
(65, 46, 14, 'Item_34', '2022-04-06', '04:32:04', 'Delivered', 67.35),
(66, 2, 88, 'Item_11', '2023-11-08', '12:45:17', 'Delivered', 52.32),
(67, 81, 9, 'Item_29', '2024-10-04', '19:39:43', 'Delivered', 50.63),
(68, 233, 89, 'Item_90', '2022-10-22', '08:02:26', 'Canceled', 57.64),
(69, 239, 77, 'Item_35', '2022-05-02', '09:49:52', 'Pending', 96.5),
(70, 43, 44, 'Item_48', '2023-02-17', '15:29:03', 'Canceled', 7.38),
(71, 87, 47, 'Item_68', '2024-01-16', '11:25:03', 'Canceled', 86.11),
(72, 16, 68, 'Item_91', '2023-05-29', '13:00:21', 'Pending', 46.9),
(73, 7, 99, 'Item_27', '2023-10-17', '23:28:20', 'Delivered', 34.9),
(74, 102, 52, 'Item_14', '2024-07-12', '20:39:10', 'Pending', 42.67),
(75, 143, 48, 'Item_48', '2023-05-26', '21:13:52', 'Pending', 84.06),
(76, 27, 15, 'Item_89', '2021-06-04', '22:20:05', 'Delivered', 73.78),
(77, 190, 89, 'Item_82', '2021-10-08', '14:22:48', 'Pending', 50.63),
(78, 113, 52, 'Item_62', '2021-04-12', '10:18:10', 'Pending', 14.63),
(79, 59, 84, 'Item_63', '2021-08-04', '05:24:27', 'Canceled', 14.17),
(80, 215, 24, 'Item_96', '2023-08-01', '17:05:27', 'Canceled', 47.5),
(81, 165, 31, 'Item_20', '2022-04-12', '00:49:05', 'Delivered', 87.88),
(82, 23, 28, 'Item_19', '2021-07-12', '08:58:43', 'Delivered', 21.3),
(83, 150, 1, 'Item_52', '2023-10-31', '12:04:45', 'Delivered', 8.67),
(84, 180, 23, 'Item_90', '2022-05-19', '02:03:28', 'Pending', 5.93),
(85, 191, 66, 'Item_35', '2021-10-09', '16:38:32', 'Pending', 90.67),
(86, 154, 22, 'Item_40', '2024-01-27', '18:04:32', 'Delivered', 99.88),
(87, 50, 98, 'Item_13', '2024-03-22', '23:41:16', 'Delivered', 98.26),
(88, 54, 56, 'Item_90', '2022-12-14', '23:24:14', 'Canceled', 32.73),
(89, 170, 26, 'Item_76', '2024-05-10', '19:43:39', 'Pending', 64.23),
(90, 109, 16, 'Item_77', '2023-02-10', '02:38:16', 'Canceled', 11.23),
(91, 155, 42, 'Item_86', '2022-09-19', '05:39:49', 'Canceled', 88.89),
(92, 83, 14, 'Item_34', '2022-03-14', '01:01:16', 'Pending', 80.47),
(93, 86, 13, 'Item_15', '2021-11-08', '02:27:38', 'Delivered', 27.29),
(94, 174, 29, 'Item_72', '2021-01-22', '07:20:10', 'Canceled', 64.13),
(95, 74, 17, 'Item_35', '2021-05-22', '23:53:43', 'Canceled', 68.85),
(96, 86, 45, 'Item_81', '2022-08-21', '03:42:01', 'Pending', 64.65),
(97, 118, 1, 'Item_68', '2023-03-11', '01:16:49', 'Pending', 87.97),
(98, 46, 11, 'Item_62', '2023-05-24', '21:23:58', 'Delivered', 26.59),
(99, 170, 61, 'Item_51', '2022-06-11', '14:45:54', 'Canceled', 73.17),
(100, 160, 57, 'Item_98', '2021-07-01', '23:10:26', 'Pending', 98.92),
(101, 126, 34, 'Item_100', '2024-07-31', '20:08:01', 'Delivered', 64.17),
(102, 125, 64, 'Item_24', '2023-06-23', '13:27:48', 'Pending', 46.43),
(103, 229, 2, 'Item_95', '2024-11-16', '15:46:33', 'Pending', 31.31),
(104, 19, 60, 'Item_25', '2022-08-13', '15:33:57', 'Canceled', 70.82),
(105, 249, 73, 'Item_69', '2024-07-08', '06:21:15', 'Delivered', 28.65),
(106, 142, 61, 'Item_39', '2023-10-12', '07:24:57', 'Delivered', 30.11),
(107, 60, 60, 'Item_97', '2024-06-21', '10:30:09', 'Canceled', 20.9),
(108, 4, 85, 'Item_12', '2021-01-11', '21:34:23', 'Pending', 9.53),
(109, 35, 38, 'Item_19', '2023-07-17', '04:49:39', 'Delivered', 77.32),
(110, 85, 28, 'Item_45', '2023-11-21', '19:22:35', 'Delivered', 15.0),
(111, 162, 100, 'Item_37', '2023-06-18', '03:26:34', 'Delivered', 6.13),
(112, 149, 81, 'Item_32', '2021-11-30', '10:25:47', 'Delivered', 46.23),
(113, 115, 84, 'Item_43', '2021-06-09', '08:10:46', 'Canceled', 49.89),
(114, 175, 30, 'Item_83', '2021-04-23', '02:02:34', 'Delivered', 33.47),
(115, 151, 36, 'Item_42', '2024-08-28', '10:47:44', 'Pending', 27.58),
(116, 28, 43, 'Item_20', '2022-01-25', '18:40:02', 'Delivered', 50.67),
(117, 15, 7, 'Item_78', '2023-06-04', '18:01:19', 'Canceled', 58.88),
(118, 91, 88, 'Item_92', '2024-02-28', '18:51:26', 'Canceled', 20.02),
(119, 36, 6, 'Item_33', '2021-02-17', '11:12:19', 'Pending', 38.42),
(120, 153, 35, 'Item_18', '2024-02-18', '12:18:16', 'Delivered', 81.16),
(121, 50, 64, 'Item_11', '2021-03-19', '22:46:55', 'Pending', 45.52),
(122, 192, 50, 'Item_69', '2021-09-21', '16:28:12', 'Pending', 56.85),
(123, 93, 100, 'Item_76', '2021-05-21', '21:08:02', 'Delivered', 19.82),
(124, 191, 49, 'Item_32', '2022-07-22', '16:54:34', 'Delivered', 39.94),
(125, 150, 6, 'Item_85', '2024-08-16', '21:46:12', 'Canceled', 87.71),
(126, 92, 76, 'Item_5', '2024-01-24', '18:02:32', 'Canceled', 78.1),
(127, 243, 20, 'Item_98', '2022-12-29', '00:15:29', 'Canceled', 53.67),
(128, 90, 9, 'Item_13', '2023-07-07', '02:39:44', 'Pending', 92.92),
(129, 65, 17, 'Item_44', '2022-05-20', '12:04:32', 'Pending', 62.43),
(130, 48, 82, 'Item_94', '2024-04-13', '18:07:48', 'Pending', 35.96),
(131, 151, 73, 'Item_17', '2023-07-03', '08:32:53', 'Delivered', 5.0),
(132, 128, 14, 'Item_63', '2024-05-16', '15:31:46', 'Delivered', 57.94),
(133, 249, 6, 'Item_53', '2021-01-11', '11:48:33', 'Canceled', 86.94),
(134, 234, 56, 'Item_29', '2023-08-02', '21:34:44', 'Delivered', 9.29),
(135, 126, 22, 'Item_16', '2024-04-28', '02:31:17', 'Pending', 90.39),
(136, 24, 90, 'Item_23', '2024-04-16', '09:09:21', 'Pending', 81.28),
(137, 248, 44, 'Item_30', '2024-10-10', '12:36:46', 'Pending', 80.59),
(138, 197, 79, 'Item_81', '2021-01-03', '23:43:30', 'Canceled', 11.79),
(139, 121, 31, 'Item_46', '2022-09-26', '04:14:50', 'Pending', 86.47),
(140, 103, 17, 'Item_74', '2023-01-10', '15:03:39', 'Delivered', 34.79),
(141, 187, 9, 'Item_73', '2021-11-05', '03:07:08', 'Delivered', 91.43),
(142, 161, 53, 'Item_92', '2021-12-28', '13:14:15', 'Canceled', 5.58),
(143, 239, 23, 'Item_1', '2022-03-06', '17:52:07', 'Delivered', 53.72),
(144, 167, 43, 'Item_98', '2022-05-30', '06:41:36', 'Canceled', 21.46),
(145, 8, 52, 'Item_67', '2022-05-22', '16:04:10', 'Delivered', 47.84),
(146, 84, 1, 'Item_51', '2021-09-14', '04:29:18', 'Pending', 62.2),
(147, 37, 63, 'Item_23', '2023-03-29', '02:50:08', 'Canceled', 82.66),
(148, 181, 68, 'Item_29', '2023-01-20', '21:24:32', 'Pending', 75.26),
(149, 239, 15, 'Item_77', '2024-08-08', '11:44:15', 'Canceled', 82.29),
(150, 224, 57, 'Item_41', '2024-01-08', '00:10:30', 'Delivered', 71.38),
(151, 9, 89, 'Item_37', '2021-09-27', '02:00:57', 'Delivered', 30.99),
(152, 122, 73, 'Item_99', '2021-06-06', '16:29:53', 'Pending', 30.05),
(153, 177, 12, 'Item_25', '2022-06-02', '00:48:53', 'Canceled', 97.24),
(154, 195, 83, 'Item_49', '2023-10-29', '22:39:46', 'Delivered', 44.85),
(155, 55, 3, 'Item_29', '2023-08-10', '06:27:28', 'Delivered', 9.51),
(156, 15, 7, 'Item_41', '2024-03-07', '07:18:11', 'Delivered', 26.69),
(157, 65, 38, 'Item_23', '2023-03-16', '03:50:03', 'Pending', 19.66),
(158, 111, 86, 'Item_91', '2024-08-02', '07:15:01', 'Pending', 92.58),
(159, 54, 40, 'Item_55', '2023-06-21', '13:29:05', 'Delivered', 51.18),
(160, 238, 3, 'Item_98', '2021-05-16', '09:00:57', 'Delivered', 46.47),
(161, 150, 22, 'Item_73', '2022-08-01', '03:29:02', 'Pending', 37.48),
(162, 203, 20, 'Item_23', '2022-08-26', '03:18:18', 'Pending', 96.04),
(163, 139, 3, 'Item_70', '2022-12-28', '19:55:11', 'Delivered', 60.47),
(164, 20, 7, 'Item_38', '2021-03-12', '10:19:05', 'Canceled', 64.79),
(165, 218, 95, 'Item_84', '2022-03-15', '15:09:55', 'Delivered', 51.12),
(166, 99, 16, 'Item_10', '2022-04-23', '04:55:15', 'Pending', 41.29),
(167, 132, 97, 'Item_60', '2021-03-05', '19:47:46', 'Canceled', 67.73),
(168, 19, 40, 'Item_42', '2023-08-09', '09:26:21', 'Delivered', 58.62),
(169, 148, 21, 'Item_62', '2022-07-19', '21:55:47', 'Delivered', 69.08),
(170, 17, 23, 'Item_32', '2021-01-17', '03:33:29', 'Pending', 62.79),
(171, 54, 12, 'Item_9', '2022-03-23', '20:08:57', 'Canceled', 82.52),
(172, 12, 34, 'Item_23', '2021-12-05', '14:57:49', 'Pending', 27.91),
(173, 62, 19, 'Item_82', '2021-03-20', '17:09:13', 'Canceled', 82.47),
(174, 63, 100, 'Item_2', '2023-08-08', '00:55:21', 'Delivered', 55.72),
(175, 112, 97, 'Item_2', '2021-11-13', '22:48:24', 'Pending', 46.23),
(176, 128, 76, 'Item_49', '2023-11-29', '21:28:55', 'Canceled', 79.18),
(177, 107, 24, 'Item_33', '2024-08-15', '09:38:51', 'Pending', 95.85),
(178, 84, 87, 'Item_60', '2021-05-12', '12:10:39', 'Canceled', 34.82),
(179, 105, 87, 'Item_85', '2022-09-03', '19:19:41', 'Pending', 62.07),
(180, 152, 59, 'Item_3', '2023-11-20', '22:57:57', 'Canceled', 13.09),
(181, 193, 90, 'Item_75', '2024-10-11', '17:27:22', 'Canceled', 97.0),
(182, 107, 17, 'Item_65', '2023-06-08', '03:21:46', 'Delivered', 46.51),
(183, 174, 95, 'Item_25', '2022-10-04', '22:49:08', 'Canceled', 53.91),
(184, 246, 71, 'Item_81', '2022-08-11', '22:47:42', 'Canceled', 29.77),
(185, 55, 96, 'Item_8', '2023-04-25', '16:25:22', 'Delivered', 53.02),
(186, 227, 98, 'Item_43', '2024-10-10', '22:04:47', 'Delivered', 11.3),
(187, 230, 82, 'Item_71', '2024-02-07', '07:32:15', 'Canceled', 24.93),
(188, 171, 68, 'Item_19', '2024-05-24', '10:36:18', 'Pending', 91.92),
(189, 1, 81, 'Item_61', '2021-04-09', '11:21:05', 'Canceled', 34.88),
(190, 83, 43, 'Item_40', '2023-06-14', '14:17:08', 'Canceled', 57.31),
(191, 18, 24, 'Item_83', '2021-11-26', '08:41:24', 'Pending', 84.29),
(192, 155, 16, 'Item_44', '2022-08-02', '02:35:00', 'Canceled', 74.38),
(193, 8, 79, 'Item_20', '2023-02-12', '04:17:23', 'Pending', 54.5),
(194, 196, 68, 'Item_14', '2023-02-11', '18:24:53', 'Pending', 25.88),
(195, 185, 20, 'Item_57', '2024-06-26', '17:56:49', 'Canceled', 35.73),
(196, 12, 93, 'Item_4', '2021-04-15', '23:28:38', 'Canceled', 13.23),
(197, 213, 53, 'Item_31', '2023-03-30', '08:42:16', 'Delivered', 86.25),
(198, 46, 91, 'Item_93', '2021-05-08', '12:37:45', 'Delivered', 21.11),
(199, 5, 12, 'Item_19', '2023-10-06', '20:56:56', 'Delivered', 52.59),
(200, 92, 4, 'Item_62', '2024-04-12', '01:11:50', 'Canceled', 97.83),
(201, 233, 27, 'Item_68', '2022-10-12', '00:37:40', 'Delivered', 43.74),
(202, 126, 95, 'Item_2', '2022-04-17', '02:58:18', 'Delivered', 45.53),
(203, 143, 32, 'Item_62', '2022-05-06', '02:54:52', 'Pending', 93.14),
(204, 217, 15, 'Item_40', '2023-01-21', '19:41:52', 'Delivered', 43.9),
(205, 86, 4, 'Item_1', '2021-05-21', '06:19:16', 'Pending', 40.16),
(206, 197, 59, 'Item_48', '2021-06-02', '07:35:09', 'Pending', 16.74),
(207, 138, 82, 'Item_20', '2022-03-18', '01:43:30', 'Pending', 13.44),
(208, 77, 22, 'Item_91', '2024-01-20', '06:49:38', 'Delivered', 67.51),
(209, 196, 13, 'Item_18', '2024-12-20', '02:32:40', 'Canceled', 56.55),
(210, 5, 80, 'Item_52', '2021-06-16', '14:40:41', 'Canceled', 5.5),
(211, 238, 100, 'Item_62', '2024-04-11', '13:26:17', 'Pending', 95.81),
(212, 44, 59, 'Item_100', '2024-08-05', '15:43:50', 'Delivered', 33.41),
(213, 121, 15, 'Item_42', '2022-03-08', '12:43:31', 'Delivered', 88.37),
(214, 36, 86, 'Item_76', '2022-12-16', '15:31:37', 'Delivered', 88.1),
(215, 212, 40, 'Item_45', '2024-06-24', '02:47:37', 'Pending', 48.88),
(216, 173, 74, 'Item_7', '2024-11-10', '21:34:56', 'Canceled', 96.01),
(217, 76, 74, 'Item_87', '2024-05-08', '11:38:00', 'Delivered', 85.28),
(218, 137, 57, 'Item_25', '2022-10-22', '15:24:09', 'Canceled', 15.48),
(219, 134, 61, 'Item_84', '2021-09-27', '19:10:13', 'Pending', 68.2),
(220, 176, 12, 'Item_43', '2024-03-26', '09:04:16', 'Pending', 76.44),
(221, 217, 75, 'Item_76', '2022-01-15', '02:53:37', 'Canceled', 52.05),
(222, 102, 90, 'Item_37', '2024-09-29', '12:48:56', 'Canceled', 19.03),
(223, 61, 89, 'Item_26', '2023-08-02', '18:17:57', 'Pending', 8.05),
(224, 129, 45, 'Item_75', '2022-01-21', '23:29:12', 'Canceled', 21.29),
(225, 37, 34, 'Item_3', '2024-05-03', '13:20:30', 'Canceled', 55.64),
(226, 30, 9, 'Item_25', '2021-07-09', '07:26:43', 'Canceled', 50.54),
(227, 150, 97, 'Item_87', '2024-12-09', '05:17:58', 'Delivered', 10.63),
(228, 99, 47, 'Item_7', '2022-03-16', '18:44:02', 'Pending', 29.22),
(229, 9, 94, 'Item_42', '2023-04-08', '12:11:42', 'Delivered', 79.86),
(230, 113, 66, 'Item_45', '2023-06-04', '03:42:28', 'Pending', 100.0),
(231, 9, 55, 'Item_94', '2022-03-21', '06:24:03', 'Canceled', 81.4),
(232, 248, 3, 'Item_31', '2021-10-20', '18:58:46', 'Delivered', 79.67),
(233, 21, 64, 'Item_49', '2022-12-27', '13:05:09', 'Pending', 85.07),
(234, 149, 49, 'Item_50', '2023-11-14', '11:40:46', 'Pending', 95.56),
(235, 171, 20, 'Item_73', '2023-06-15', '13:23:28', 'Pending', 83.73),
(236, 181, 47, 'Item_99', '2024-08-14', '07:42:03', 'Pending', 26.29),
(237, 40, 43, 'Item_39', '2023-11-20', '06:27:37', 'Delivered', 19.51),
(238, 213, 80, 'Item_14', '2022-08-17', '04:05:23', 'Delivered', 11.09),
(239, 115, 65, 'Item_79', '2021-11-16', '02:03:25', 'Delivered', 5.44),
(240, 144, 38, 'Item_55', '2022-02-15', '17:03:07', 'Delivered', 49.69),
(241, 248, 1, 'Item_35', '2024-11-25', '19:09:34', 'Pending', 32.88),
(242, 154, 7, 'Item_38', '2021-08-17', '00:30:18', 'Canceled', 95.92),
(243, 110, 45, 'Item_22', '2022-12-26', '23:39:21', 'Pending', 72.89),
(244, 184, 43, 'Item_44', '2024-07-26', '10:42:45', 'Pending', 25.68),
(245, 74, 35, 'Item_33', '2022-09-29', '17:13:06', 'Delivered', 84.74),
(246, 168, 3, 'Item_42', '2021-11-09', '09:12:02', 'Delivered', 20.24),
(247, 204, 14, 'Item_22', '2024-06-08', '21:51:16', 'Delivered', 57.77),
(248, 198, 20, 'Item_57', '2021-03-29', '10:48:36', 'Delivered', 74.52),
(249, 199, 82, 'Item_69', '2022-12-28', '15:09:06', 'Delivered', 88.12),
(250, 168, 47, 'Item_94', '2024-04-11', '01:57:47', 'Pending', 28.17),
(251, 133, 49, 'Item_82', '2022-11-08', '12:48:48', 'Pending', 11.99),
(252, 103, 81, 'Item_27', '2022-08-05', '07:42:48', 'Pending', 68.39),
(253, 164, 81, 'Item_48', '2022-06-19', '01:52:47', 'Delivered', 60.67),
(254, 116, 73, 'Item_86', '2021-08-02', '05:04:07', 'Delivered', 43.84),
(255, 218, 45, 'Item_20', '2024-05-01', '21:10:10', 'Pending', 69.76),
(256, 180, 86, 'Item_7', '2024-05-14', '00:40:14', 'Canceled', 56.96),
(257, 87, 58, 'Item_38', '2023-08-13', '14:23:42', 'Canceled', 27.99),
(258, 81, 83, 'Item_47', '2024-01-23', '09:29:54', 'Delivered', 38.82),
(259, 88, 11, 'Item_7', '2022-11-26', '12:34:26', 'Canceled', 53.06),
(260, 127, 10, 'Item_68', '2021-02-28', '21:39:12', 'Pending', 89.76),
(261, 7, 22, 'Item_33', '2022-05-26', '03:45:50', 'Pending', 21.88),
(262, 22, 98, 'Item_52', '2024-11-29', '09:46:59', 'Delivered', 11.13),
(263, 140, 12, 'Item_75', '2024-01-10', '07:07:24', 'Canceled', 34.26),
(264, 20, 46, 'Item_67', '2021-03-09', '04:33:41', 'Delivered', 56.1),
(265, 3, 54, 'Item_36', '2021-07-21', '21:39:31', 'Canceled', 93.32),
(266, 23, 99, 'Item_10', '2023-09-25', '22:23:36', 'Delivered', 99.84),
(267, 152, 80, 'Item_98', '2024-02-14', '04:48:26', 'Canceled', 44.93),
(268, 236, 91, 'Item_59', '2021-12-07', '22:41:00', 'Delivered', 29.39),
(269, 6, 34, 'Item_22', '2023-12-21', '06:36:30', 'Pending', 81.62),
(270, 5, 5, 'Item_36', '2023-04-21', '05:26:33', 'Canceled', 62.46),
(271, 136, 53, 'Item_28', '2024-07-22', '12:35:47', 'Pending', 56.23),
(272, 145, 2, 'Item_56', '2022-04-27', '20:22:00', 'Delivered', 64.81),
(273, 37, 16, 'Item_84', '2021-10-28', '15:07:02', 'Delivered', 51.82),
(274, 195, 34, 'Item_8', '2022-11-21', '11:08:31', 'Canceled', 13.93),
(275, 141, 99, 'Item_36', '2024-05-30', '01:53:42', 'Pending', 80.02),
(276, 208, 59, 'Item_82', '2023-02-26', '00:29:43', 'Canceled', 39.51),
(277, 29, 100, 'Item_76', '2023-01-16', '01:42:56', 'Canceled', 51.91),
(278, 137, 61, 'Item_5', '2024-06-12', '04:59:40', 'Pending', 66.65),
(279, 40, 27, 'Item_62', '2021-06-20', '16:59:17', 'Canceled', 58.77),
(280, 192, 6, 'Item_45', '2023-05-17', '19:29:31', 'Canceled', 68.58),
(281, 131, 63, 'Item_58', '2023-05-31', '05:16:55', 'Delivered', 94.08),
(282, 237, 90, 'Item_36', '2023-12-30', '18:38:59', 'Canceled', 24.67),
(283, 141, 12, 'Item_81', '2024-02-03', '01:10:30', 'Delivered', 82.51),
(284, 128, 19, 'Item_22', '2021-10-31', '06:38:44', 'Delivered', 41.23),
(285, 40, 67, 'Item_4', '2021-12-04', '03:50:15', 'Pending', 26.53),
(286, 15, 43, 'Item_66', '2023-02-16', '19:33:29', 'Canceled', 73.73),
(287, 178, 32, 'Item_48', '2021-05-19', '14:12:26', 'Canceled', 6.95),
(288, 10, 18, 'Item_64', '2024-01-19', '14:49:40', 'Delivered', 53.85),
(289, 221, 38, 'Item_89', '2022-09-11', '20:48:07', 'Delivered', 25.09),
(290, 9, 23, 'Item_33', '2024-10-23', '00:55:29', 'Delivered', 70.36),
(291, 130, 9, 'Item_68', '2021-03-03', '12:11:43', 'Delivered', 82.37),
(292, 249, 5, 'Item_70', '2023-09-24', '07:51:35', 'Delivered', 59.64),
(293, 18, 15, 'Item_38', '2022-09-28', '01:59:46', 'Delivered', 69.07),
(294, 250, 29, 'Item_10', '2021-02-27', '05:18:58', 'Canceled', 96.51),
(295, 129, 42, 'Item_72', '2023-07-11', '20:56:50', 'Canceled', 74.48),
(296, 20, 40, 'Item_95', '2021-10-10', '08:49:22', 'Delivered', 99.71),
(297, 147, 22, 'Item_23', '2024-12-10', '09:18:26', 'Delivered', 82.24),
(298, 92, 55, 'Item_17', '2022-08-05', '04:14:05', 'Canceled', 62.27),
(299, 125, 35, 'Item_39', '2024-12-24', '22:15:35', 'Pending', 52.99),
(300, 23, 69, 'Item_96', '2022-11-02', '18:42:51', 'Pending', 35.82),
(301, 245, 69, 'Item_36', '2021-10-23', '19:17:29', 'Pending', 27.2),
(302, 5, 20, 'Item_77', '2024-04-08', '23:53:18', 'Canceled', 26.1),
(303, 27, 27, 'Item_22', '2024-12-29', '01:41:34', 'Canceled', 89.2),
(304, 98, 47, 'Item_99', '2022-04-06', '15:08:50', 'Canceled', 42.48),
(305, 250, 23, 'Item_21', '2021-07-08', '19:55:02', 'Canceled', 94.22),
(306, 18, 68, 'Item_52', '2024-12-02', '10:58:26', 'Canceled', 71.87),
(307, 238, 95, 'Item_22', '2023-02-23', '15:11:43', 'Canceled', 19.34),
(308, 148, 80, 'Item_82', '2024-10-02', '11:30:58', 'Pending', 23.06),
(309, 234, 50, 'Item_4', '2022-10-20', '09:52:38', 'Delivered', 95.12),
(310, 19, 61, 'Item_61', '2021-05-27', '17:57:03', 'Pending', 45.46),
(311, 210, 55, 'Item_53', '2021-10-04', '12:04:09', 'Delivered', 85.78),
(312, 107, 60, 'Item_18', '2021-08-11', '14:48:34', 'Delivered', 9.26),
(313, 194, 97, 'Item_55', '2021-12-21', '16:27:43', 'Pending', 57.54),
(314, 203, 79, 'Item_58', '2021-08-15', '19:10:19', 'Pending', 79.3),
(315, 196, 6, 'Item_100', '2023-09-01', '16:31:56', 'Delivered', 8.08),
(316, 195, 95, 'Item_66', '2024-01-05', '17:55:14', 'Delivered', 21.68),
(317, 6, 75, 'Item_45', '2023-03-01', '23:08:13', 'Delivered', 39.36),
(318, 169, 54, 'Item_67', '2023-10-19', '17:20:25', 'Canceled', 16.26),
(319, 229, 58, 'Item_54', '2022-12-02', '23:36:05', 'Delivered', 56.58),
(320, 182, 29, 'Item_99', '2021-09-20', '09:09:59', 'Delivered', 60.37),
(321, 110, 32, 'Item_100', '2023-08-10', '05:16:12', 'Canceled', 31.23),
(322, 159, 4, 'Item_31', '2022-06-14', '20:37:12', 'Delivered', 21.01),
(323, 90, 22, 'Item_28', '2021-03-06', '23:03:17', 'Delivered', 23.44),
(324, 93, 13, 'Item_60', '2022-11-18', '00:44:59', 'Pending', 99.81),
(325, 4, 26, 'Item_35', '2023-09-15', '17:15:57', 'Delivered', 23.82),
(326, 42, 10, 'Item_100', '2024-03-19', '18:45:58', 'Pending', 27.49),
(327, 243, 69, 'Item_64', '2023-03-05', '14:33:15', 'Canceled', 90.96),
(328, 88, 98, 'Item_27', '2024-03-28', '04:46:32', 'Pending', 60.79),
(329, 177, 24, 'Item_18', '2021-04-28', '18:03:19', 'Pending', 85.78),
(330, 63, 92, 'Item_28', '2022-07-14', '06:13:14', 'Pending', 30.11),
(331, 35, 25, 'Item_68', '2024-11-16', '10:06:14', 'Pending', 18.93),
(332, 149, 60, 'Item_76', '2021-04-22', '22:38:41', 'Delivered', 5.85),
(333, 217, 48, 'Item_14', '2022-06-08', '17:42:29', 'Pending', 95.76),
(334, 31, 66, 'Item_71', '2024-10-24', '19:29:02', 'Delivered', 28.15),
(335, 4, 38, 'Item_11', '2021-07-16', '02:59:15', 'Delivered', 88.06),
(336, 121, 60, 'Item_7', '2023-05-07', '10:37:11', 'Canceled', 15.73),
(337, 89, 73, 'Item_94', '2021-06-23', '05:10:13', 'Canceled', 37.38),
(338, 65, 61, 'Item_68', '2024-05-06', '13:08:46', 'Canceled', 49.82),
(339, 18, 2, 'Item_69', '2023-02-09', '11:16:29', 'Delivered', 55.54),
(340, 84, 57, 'Item_19', '2023-03-28', '06:34:57', 'Delivered', 89.07),
(341, 151, 60, 'Item_10', '2022-06-30', '20:03:55', 'Pending', 95.38),
(342, 188, 77, 'Item_38', '2024-10-22', '02:42:43', 'Delivered', 77.84),
(343, 96, 89, 'Item_27', '2021-03-11', '10:38:33', 'Canceled', 28.02),
(344, 95, 64, 'Item_50', '2021-03-15', '02:11:41', 'Pending', 28.89),
(345, 96, 9, 'Item_68', '2021-03-05', '16:04:57', 'Canceled', 67.06),
(346, 131, 88, 'Item_87', '2021-05-09', '03:05:16', 'Canceled', 27.96),
(347, 76, 41, 'Item_26', '2023-06-08', '03:01:26', 'Pending', 23.71),
(348, 177, 82, 'Item_74', '2021-09-26', '05:32:02', 'Delivered', 94.41),
(349, 90, 69, 'Item_37', '2022-05-22', '17:33:57', 'Canceled', 65.34),
(350, 181, 57, 'Item_41', '2021-03-04', '21:33:48', 'Pending', 33.91),
(351, 2, 52, 'Item_50', '2023-09-16', '19:09:40', 'Canceled', 13.15),
(352, 16, 77, 'Item_56', '2021-03-11', '06:11:55', 'Delivered', 36.8),
(353, 67, 73, 'Item_75', '2021-08-09', '07:37:00', 'Canceled', 82.92),
(354, 95, 68, 'Item_77', '2023-02-21', '16:18:28', 'Canceled', 37.8),
(355, 197, 72, 'Item_24', '2024-07-09', '18:00:52', 'Canceled', 56.53),
(356, 142, 14, 'Item_19', '2021-07-21', '21:08:01', 'Pending', 30.81),
(357, 88, 39, 'Item_78', '2022-07-03', '13:59:28', 'Delivered', 61.52),
(358, 144, 72, 'Item_18', '2022-02-01', '17:37:35', 'Canceled', 41.0),
(359, 243, 43, 'Item_37', '2023-06-14', '14:48:21', 'Delivered', 73.28),
(360, 169, 35, 'Item_14', '2023-08-02', '19:07:03', 'Pending', 52.95),
(361, 245, 92, 'Item_28', '2023-09-21', '14:02:09', 'Delivered', 56.55),
(362, 1, 25, 'Item_76', '2021-10-01', '05:56:05', 'Delivered', 79.27),
(363, 138, 41, 'Item_27', '2021-11-28', '02:55:47', 'Pending', 54.08),
(364, 124, 81, 'Item_32', '2024-10-04', '17:11:56', 'Delivered', 82.14),
(365, 22, 54, 'Item_61', '2023-08-29', '13:04:47', 'Pending', 66.86),
(366, 188, 29, 'Item_21', '2021-03-19', '03:16:59', 'Canceled', 89.22),
(367, 121, 45, 'Item_6', '2021-03-15', '17:21:09', 'Delivered', 29.28),
(368, 235, 36, 'Item_82', '2021-02-19', '08:02:33', 'Canceled', 8.92),
(369, 168, 25, 'Item_87', '2022-03-09', '15:15:58', 'Delivered', 95.77),
(370, 189, 92, 'Item_48', '2022-12-04', '10:13:20', 'Canceled', 34.24),
(371, 138, 66, 'Item_35', '2022-03-06', '03:04:37', 'Delivered', 48.36),
(372, 58, 48, 'Item_23', '2023-02-19', '17:40:12', 'Delivered', 84.15),
(373, 235, 48, 'Item_42', '2023-09-24', '14:09:33', 'Canceled', 30.13),
(374, 167, 76, 'Item_3', '2021-05-26', '18:40:02', 'Delivered', 94.16),
(375, 234, 62, 'Item_22', '2024-07-13', '08:39:05', 'Canceled', 53.59),
(376, 216, 74, 'Item_86', '2024-08-05', '03:52:48', 'Canceled', 49.82),
(377, 183, 39, 'Item_57', '2023-11-25', '20:13:54', 'Delivered', 20.37),
(378, 147, 26, 'Item_48', '2022-09-28', '09:36:24', 'Canceled', 93.23),
(379, 5, 29, 'Item_83', '2022-02-09', '21:57:00', 'Delivered', 24.57),
(380, 116, 80, 'Item_77', '2024-12-23', '14:11:55', 'Canceled', 60.63),
(381, 116, 73, 'Item_22', '2021-07-06', '18:39:42', 'Canceled', 73.47),
(382, 67, 48, 'Item_8', '2021-03-29', '19:55:42', 'Pending', 25.04),
(383, 134, 49, 'Item_93', '2024-02-17', '22:39:35', 'Pending', 44.09),
(384, 166, 16, 'Item_17', '2022-01-21', '14:56:57', 'Canceled', 24.14),
(385, 164, 37, 'Item_10', '2022-10-30', '02:14:08', 'Delivered', 56.48),
(386, 147, 35, 'Item_62', '2021-11-03', '02:15:29', 'Delivered', 19.64),
(387, 45, 92, 'Item_77', '2021-11-05', '21:04:26', 'Canceled', 53.33),
(388, 59, 64, 'Item_83', '2023-07-24', '18:04:08', 'Canceled', 98.41),
(389, 109, 94, 'Item_10', '2023-01-26', '21:16:04', 'Canceled', 40.38),
(390, 176, 74, 'Item_86', '2024-04-24', '00:23:29', 'Delivered', 24.86),
(391, 174, 68, 'Item_89', '2024-07-17', '09:01:00', 'Delivered', 44.87),
(392, 60, 27, 'Item_24', '2024-03-21', '15:31:21', 'Canceled', 13.35),
(393, 154, 34, 'Item_74', '2024-05-16', '12:38:15', 'Canceled', 51.6),
(394, 51, 66, 'Item_83', '2023-02-20', '17:35:35', 'Canceled', 96.93),
(395, 112, 77, 'Item_24', '2021-07-06', '22:28:31', 'Delivered', 70.23),
(396, 35, 86, 'Item_7', '2021-09-24', '02:56:12', 'Canceled', 38.16),
(397, 134, 79, 'Item_7', '2024-08-14', '03:59:03', 'Delivered', 12.6),
(398, 63, 61, 'Item_48', '2024-12-24', '13:28:25', 'Delivered', 88.48),
(399, 47, 76, 'Item_55', '2021-07-28', '22:07:07', 'Pending', 91.12),
(400, 173, 71, 'Item_65', '2023-02-20', '03:35:50', 'Pending', 10.29),
(401, 220, 67, 'Item_28', '2022-01-25', '11:59:06', 'Pending', 53.05),
(402, 90, 81, 'Item_41', '2021-12-15', '09:27:13', 'Pending', 7.18),
(403, 37, 16, 'Item_14', '2021-11-30', '10:59:42', 'Pending', 45.19),
(404, 35, 92, 'Item_98', '2021-02-06', '16:29:31', 'Canceled', 58.07),
(405, 246, 71, 'Item_71', '2023-03-01', '06:22:18', 'Delivered', 92.63),
(406, 21, 54, 'Item_95', '2022-01-18', '09:52:46', 'Canceled', 89.78),
(407, 29, 100, 'Item_33', '2023-09-29', '17:48:56', 'Delivered', 60.58),
(408, 63, 26, 'Item_87', '2024-12-15', '13:01:50', 'Pending', 90.46),
(409, 52, 79, 'Item_4', '2021-05-09', '17:19:24', 'Delivered', 85.43),
(410, 96, 2, 'Item_36', '2021-11-06', '14:06:35', 'Pending', 96.03),
(411, 222, 19, 'Item_61', '2024-12-28', '19:06:19', 'Pending', 75.67),
(412, 187, 18, 'Item_47', '2024-11-01', '18:41:30', 'Delivered', 16.29),
(413, 117, 88, 'Item_66', '2022-08-17', '20:11:04', 'Canceled', 16.29),
(414, 203, 91, 'Item_22', '2023-03-21', '05:07:06', 'Canceled', 54.89),
(415, 24, 86, 'Item_75', '2024-04-30', '08:46:17', 'Canceled', 71.98),
(416, 65, 33, 'Item_76', '2022-12-14', '15:12:42', 'Canceled', 97.83),
(417, 108, 93, 'Item_63', '2024-12-07', '22:12:03', 'Delivered', 35.98),
(418, 28, 26, 'Item_92', '2021-11-14', '15:54:24', 'Delivered', 91.77),
(419, 79, 73, 'Item_38', '2024-06-23', '19:35:38', 'Pending', 10.77),
(420, 139, 63, 'Item_96', '2024-07-03', '16:26:04', 'Delivered', 50.8),
(421, 245, 2, 'Item_20', '2023-07-15', '18:16:02', 'Pending', 84.07),
(422, 228, 8, 'Item_28', '2021-02-25', '08:23:45', 'Delivered', 83.69),
(423, 108, 14, 'Item_78', '2023-02-15', '06:46:40', 'Canceled', 95.37),
(424, 198, 14, 'Item_8', '2021-10-17', '08:41:53', 'Delivered', 13.78),
(425, 207, 33, 'Item_93', '2024-11-29', '21:23:38', 'Pending', 98.65),
(426, 65, 79, 'Item_8', '2022-06-27', '20:27:20', 'Delivered', 68.46),
(427, 201, 53, 'Item_83', '2021-07-03', '19:59:56', 'Pending', 48.81),
(428, 171, 78, 'Item_1', '2024-02-10', '05:44:48', 'Canceled', 6.71),
(429, 133, 43, 'Item_80', '2024-07-17', '19:17:49', 'Delivered', 37.82),
(430, 76, 93, 'Item_22', '2022-10-01', '18:58:10', 'Canceled', 39.82),
(431, 66, 70, 'Item_10', '2022-09-05', '23:48:06', 'Canceled', 90.33),
(432, 229, 45, 'Item_83', '2021-10-17', '02:40:20', 'Pending', 87.98),
(433, 163, 20, 'Item_27', '2022-06-20', '08:15:10', 'Delivered', 55.08),
(434, 76, 68, 'Item_7', '2023-02-07', '07:16:33', 'Delivered', 56.73),
(435, 201, 11, 'Item_24', '2023-07-06', '09:30:14', 'Pending', 42.22),
(436, 85, 94, 'Item_67', '2023-09-21', '06:01:50', 'Delivered', 63.0),
(437, 54, 17, 'Item_73', '2024-07-19', '20:17:21', 'Canceled', 64.05),
(438, 119, 77, 'Item_63', '2023-09-17', '05:53:33', 'Delivered', 18.95),
(439, 30, 1, 'Item_55', '2023-09-12', '21:28:14', 'Canceled', 97.11),
(440, 115, 24, 'Item_89', '2022-10-23', '12:18:34', 'Pending', 14.42),
(441, 12, 97, 'Item_33', '2022-03-21', '23:02:38', 'Pending', 35.16),
(442, 50, 25, 'Item_83', '2022-07-29', '02:45:48', 'Delivered', 24.82),
(443, 179, 88, 'Item_91', '2022-10-31', '10:17:59', 'Delivered', 86.84),
(444, 49, 38, 'Item_92', '2022-09-05', '05:01:32', 'Canceled', 19.4),
(445, 190, 100, 'Item_62', '2021-05-17', '13:53:50', 'Delivered', 71.5),
(446, 94, 19, 'Item_15', '2023-10-22', '19:01:49', 'Pending', 34.17),
(447, 133, 69, 'Item_11', '2023-09-06', '06:47:48', 'Canceled', 19.85),
(448, 32, 57, 'Item_41', '2021-08-14', '23:38:37', 'Pending', 61.47),
(449, 139, 75, 'Item_58', '2022-02-23', '04:32:58', 'Pending', 26.64),
(450, 154, 57, 'Item_75', '2022-05-26', '13:31:38', 'Pending', 18.08),
(451, 20, 9, 'Item_18', '2023-06-21', '16:03:01', 'Delivered', 25.22),
(452, 65, 16, 'Item_66', '2021-02-04', '13:29:11', 'Delivered', 58.83),
(453, 50, 83, 'Item_45', '2021-12-31', '20:07:57', 'Delivered', 5.32),
(454, 150, 17, 'Item_60', '2022-08-22', '06:11:20', 'Pending', 46.45),
(455, 31, 60, 'Item_64', '2023-01-08', '06:46:53', 'Pending', 14.92),
(456, 103, 74, 'Item_70', '2021-01-22', '04:47:57', 'Delivered', 27.56),
(457, 218, 19, 'Item_87', '2023-07-11', '16:43:26', 'Canceled', 77.83),
(458, 27, 74, 'Item_67', '2021-05-11', '20:35:46', 'Canceled', 81.69),
(459, 70, 71, 'Item_4', '2021-03-17', '06:01:11', 'Pending', 26.46),
(460, 67, 87, 'Item_92', '2022-12-21', '19:07:17', 'Delivered', 78.25),
(461, 152, 33, 'Item_14', '2023-12-23', '17:01:14', 'Canceled', 29.05),
(462, 234, 58, 'Item_70', '2023-04-15', '00:25:54', 'Canceled', 99.95),
(463, 144, 77, 'Item_28', '2023-09-15', '13:45:39', 'Delivered', 10.18),
(464, 177, 44, 'Item_92', '2024-08-09', '13:31:27', 'Delivered', 95.71),
(465, 30, 92, 'Item_39', '2024-03-25', '02:49:03', 'Delivered', 41.47),
(466, 34, 86, 'Item_69', '2021-03-02', '11:55:58', 'Canceled', 18.53),
(467, 130, 60, 'Item_17', '2022-03-23', '19:40:36', 'Delivered', 68.14),
(468, 233, 38, 'Item_97', '2023-03-09', '09:42:11', 'Delivered', 83.51),
(469, 18, 45, 'Item_81', '2023-01-22', '22:26:41', 'Delivered', 63.44),
(470, 155, 16, 'Item_84', '2021-04-02', '21:37:33', 'Delivered', 5.94),
(471, 236, 92, 'Item_23', '2024-07-20', '12:53:15', 'Delivered', 88.85),
(472, 8, 78, 'Item_46', '2024-06-08', '15:44:07', 'Delivered', 38.34),
(473, 182, 4, 'Item_94', '2024-03-01', '16:04:46', 'Delivered', 71.91),
(474, 238, 82, 'Item_39', '2023-03-16', '16:56:15', 'Pending', 56.91),
(475, 206, 7, 'Item_1', '2022-10-30', '13:55:28', 'Pending', 65.12),
(476, 206, 58, 'Item_45', '2024-09-25', '15:53:46', 'Pending', 36.85),
(477, 18, 10, 'Item_92', '2024-10-18', '12:09:19', 'Delivered', 73.96),
(478, 97, 77, 'Item_87', '2022-08-27', '18:59:29', 'Canceled', 88.15),
(479, 26, 74, 'Item_29', '2023-11-16', '15:35:42', 'Pending', 21.75),
(480, 132, 72, 'Item_14', '2023-12-09', '05:54:09', 'Canceled', 32.65),
(481, 35, 62, 'Item_54', '2024-01-29', '02:58:47', 'Pending', 57.19),
(482, 218, 100, 'Item_38', '2023-07-05', '04:02:58', 'Canceled', 88.48),
(483, 215, 97, 'Item_34', '2021-10-05', '18:23:11', 'Canceled', 29.03),
(484, 72, 46, 'Item_69', '2024-11-27', '02:03:03', 'Delivered', 37.25),
(485, 168, 95, 'Item_88', '2023-04-02', '13:40:49', 'Canceled', 32.8),
(486, 1, 41, 'Item_40', '2021-10-07', '04:23:49', 'Delivered', 21.3),
(487, 105, 87, 'Item_99', '2023-12-08', '20:16:54', 'Pending', 49.03),
(488, 236, 69, 'Item_32', '2024-11-18', '03:40:11', 'Pending', 99.87),
(489, 44, 85, 'Item_74', '2023-12-13', '06:20:14', 'Delivered', 15.01),
(490, 25, 49, 'Item_16', '2023-05-02', '17:44:53', 'Canceled', 96.87),
(491, 6, 5, 'Item_9', '2021-01-14', '14:42:06', 'Canceled', 20.73),
(492, 118, 52, 'Item_100', '2023-03-16', '05:43:54', 'Delivered', 87.66),
(493, 84, 34, 'Item_5', '2021-02-14', '14:01:48', 'Canceled', 36.12),
(494, 51, 97, 'Item_14', '2022-12-08', '13:40:41', 'Pending', 25.47),
(495, 83, 38, 'Item_80', '2023-08-10', '16:09:37', 'Delivered', 43.39),
(496, 38, 39, 'Item_74', '2024-03-25', '09:58:38', 'Pending', 53.91),
(497, 175, 25, 'Item_68', '2023-12-26', '18:49:59', 'Pending', 25.68),
(498, 132, 80, 'Item_19', '2024-06-25', '06:47:25', 'Pending', 59.82),
(499, 76, 73, 'Item_3', '2021-04-24', '22:39:54', 'Canceled', 44.19),
(500, 195, 95, 'Item_59', '2024-06-22', '02:26:38', 'Pending', 29.33);


INSERT INTO riders (rider_id, rider_name, sign_up)
VALUES
(1, 'Rider_1', '2024-07-07'),
(2, 'Rider_2', '2022-01-03'),
(3, 'Rider_3', '2023-04-19'),
(4, 'Rider_4', '2023-07-29'),
(5, 'Rider_5', '2023-11-06'),
(6, 'Rider_6', '2022-03-17'),
(7, 'Rider_7', '2024-12-16'),
(8, 'Rider_8', '2024-06-23'),
(9, 'Rider_9', '2022-04-09'),
(10, 'Rider_10', '2021-03-05'),
(11, 'Rider_11', '2024-08-20'),
(12, 'Rider_12', '2022-09-26'),
(13, 'Rider_13', '2021-08-28'),
(14, 'Rider_14', '2024-11-22'),
(15, 'Rider_15', '2021-08-07'),
(16, 'Rider_16', '2022-07-04'),
(17, 'Rider_17', '2024-02-13'),
(18, 'Rider_18', '2021-10-12'),
(19, 'Rider_19', '2023-04-27'),
(20, 'Rider_20', '2021-05-11'),
(21, 'Rider_21', '2022-01-22'),
(22, 'Rider_22', '2021-03-02'),
(23, 'Rider_23', '2021-06-01'),
(24, 'Rider_24', '2022-08-22'),
(25, 'Rider_25', '2022-08-09'),
(26, 'Rider_26', '2022-04-17'),
(27, 'Rider_27', '2022-09-15'),
(28, 'Rider_28', '2024-05-23'),
(29, 'Rider_29', '2023-06-03'),
(30, 'Rider_30', '2024-08-26'),
(31, 'Rider_31', '2022-03-29'),
(32, 'Rider_32', '2024-04-18'),
(33, 'Rider_33', '2023-03-26'),
(34, 'Rider_34', '2024-09-22'),
(35, 'Rider_35', '2022-12-09'),
(36, 'Rider_36', '2021-12-07'),
(37, 'Rider_37', '2023-07-30'),
(38, 'Rider_38', '2023-02-22'),
(39, 'Rider_39', '2023-07-31'),
(40, 'Rider_40', '2021-02-01'),
(41, 'Rider_41', '2021-07-26'),
(42, 'Rider_42', '2023-08-20'),
(43, 'Rider_43', '2021-12-14'),
(44, 'Rider_44', '2024-03-30'),
(45, 'Rider_45', '2024-12-27'),
(46, 'Rider_46', '2024-08-19'),
(47, 'Rider_47', '2023-05-08'),
(48, 'Rider_48', '2023-10-23'),
(49, 'Rider_49', '2023-07-14'),
(50, 'Rider_50', '2023-03-05'),
(51, 'Rider_51', '2024-06-16'),
(52, 'Rider_52', '2024-03-27'),
(53, 'Rider_53', '2023-08-02'),
(54, 'Rider_54', '2022-03-23'),
(55, 'Rider_55', '2023-02-25'),
(56, 'Rider_56', '2022-07-21'),
(57, 'Rider_57', '2024-05-09'),
(58, 'Rider_58', '2022-05-25'),
(59, 'Rider_59', '2023-08-16'),
(60, 'Rider_60', '2022-08-07'),
(61, 'Rider_61', '2022-05-30'),
(62, 'Rider_62', '2021-08-09'),
(63, 'Rider_63', '2024-09-08'),
(64, 'Rider_64', '2022-08-25'),
(65, 'Rider_65', '2022-02-22'),
(66, 'Rider_66', '2022-12-18'),
(67, 'Rider_67', '2022-11-21'),
(68, 'Rider_68', '2023-11-11'),
(69, 'Rider_69', '2021-05-11'),
(70, 'Rider_70', '2024-12-26'),
(71, 'Rider_71', '2021-05-15'),
(72, 'Rider_72', '2023-02-15'),
(73, 'Rider_73', '2023-07-25'),
(74, 'Rider_74', '2021-09-13'),
(75, 'Rider_75', '2023-02-08'),
(76, 'Rider_76', '2021-07-23'),
(77, 'Rider_77', '2024-10-17'),
(78, 'Rider_78', '2022-08-14'),
(79, 'Rider_79', '2023-04-15'),
(80, 'Rider_80', '2023-06-28'),
(81, 'Rider_81', '2023-02-17'),
(82, 'Rider_82', '2021-04-03'),
(83, 'Rider_83', '2022-10-01'),
(84, 'Rider_84', '2022-04-05'),
(85, 'Rider_85', '2024-01-12'),
(86, 'Rider_86', '2023-05-25'),
(87, 'Rider_87', '2021-01-30'),
(88, 'Rider_88', '2023-12-06'),
(89, 'Rider_89', '2022-01-19'),
(90, 'Rider_90', '2024-11-25'),
(91, 'Rider_91', '2023-05-07'),
(92, 'Rider_92', '2022-11-26'),
(93, 'Rider_93', '2021-06-16'),
(94, 'Rider_94', '2021-05-28'),
(95, 'Rider_95', '2022-07-15'),
(96, 'Rider_96', '2022-04-17'),
(97, 'Rider_97', '2024-01-13'),
(98, 'Rider_98', '2021-05-16'),
(99, 'Rider_99', '2023-08-13'),
(100, 'Rider_100', '2023-03-13');


INSERT INTO deliveries (delivery_id, order_id, delivery_status, delivery_time, rider_id)
VALUES
(1, 249, 'Canceled', '13:16:08', 52),
(2, 381, 'Pending', Null, 52),
(3, 223, 'Pending', '21:06:35', Null),
(4, 486, 'Canceled', '15:53:06', Null),
(5, 253, 'Pending', '22:34:11', 57),
(6, 223, 'Delivered', Null, Null),
(7, 12, 'Canceled', '14:52:24', Null),
(8, 392, 'Canceled', '14:52:19', 78),
(9, 421, 'Delivered', Null, Null),
(10, 401, 'Canceled', '12:22:53', 95),
(11, 485, 'Pending', Null, Null),
(12, 464, 'Canceled', '21:52:42', Null),
(13, 19, 'Delivered', Null, Null),
(14, 477, 'Delivered', Null, 32),
(15, 44, 'Canceled', '04:21:43', Null),
(16, 287, 'Pending', '07:07:05', 54),
(17, 127, 'Canceled', Null, Null),
(18, 89, 'Canceled', '04:56:00', Null),
(19, 490, 'Canceled', Null, Null),
(20, 388, 'Delivered', '20:46:10', Null),
(21, 48, 'Pending', Null, 88),
(22, 372, 'Canceled', '01:41:13', Null),
(23, 162, 'Canceled', '04:05:36', Null),
(24, 351, 'Delivered', Null, 69),
(25, 308, 'Pending', Null, 18),
(26, 154, 'Canceled', '14:01:20', Null),
(27, 176, 'Pending', Null, Null),
(28, 186, 'Delivered', '17:12:36', 95),
(29, 235, 'Pending', '10:04:39', 57),
(30, 207, 'Canceled', '19:44:30', 78),
(31, 112, 'Canceled', Null, Null),
(32, 228, 'Pending', '00:17:42', Null),
(33, 107, 'Canceled', Null, 11),
(34, 385, 'Canceled', Null, Null),
(35, 228, 'Delivered', '12:10:36', 25),
(36, 160, 'Pending', '16:15:35', 50),
(37, 99, 'Canceled', '00:57:39', Null),
(38, 99, 'Pending', Null, Null),
(39, 295, 'Delivered', '03:13:23', 27),
(40, 297, 'Canceled', Null, 95),
(41, 271, 'Canceled', '12:40:30', Null),
(42, 381, 'Delivered', '03:37:06', Null),
(43, 232, 'Canceled', Null, Null),
(44, 179, 'Delivered', Null, 5),
(45, 340, 'Delivered', Null, Null),
(46, 108, 'Canceled', Null, Null),
(47, 79, 'Pending', Null, Null),
(48, 437, 'Pending', Null, 60),
(49, 298, 'Canceled', Null, 76),
(50, 177, 'Pending', '14:51:30', Null),
(51, 395, 'Delivered', Null, 81),
(52, 120, 'Delivered', '23:42:35', 17),
(53, 496, 'Delivered', Null, Null),
(54, 381, 'Pending', Null, Null),
(55, 221, 'Pending', Null, 88),
(56, 135, 'Pending', Null, Null),
(57, 162, 'Delivered', '06:46:02', 75),
(58, 466, 'Canceled', Null, Null),
(59, 478, 'Delivered', '02:23:17', 62),
(60, 59, 'Pending', '00:12:15', 23),
(61, 339, 'Delivered', '10:21:50', 50),
(62, 262, 'Delivered', Null, 83),
(63, 163, 'Delivered', '09:50:01', 42),
(64, 367, 'Pending', '19:47:23', 94),
(65, 423, 'Delivered', '14:29:25', Null),
(66, 308, 'Pending', '01:25:54', Null),
(67, 186, 'Delivered', '22:20:00', Null),
(68, 351, 'Canceled', '08:07:20', 76),
(69, 179, 'Canceled', Null, 13),
(70, 272, 'Pending', Null, 19),
(71, 184, 'Canceled', Null, 24),
(72, 210, 'Pending', Null, Null),
(73, 247, 'Pending', '12:48:20', 48),
(74, 405, 'Canceled', Null, 24),
(75, 406, 'Delivered', Null, Null),
(76, 57, 'Delivered', Null, Null),
(77, 119, 'Canceled', '10:18:46', Null),
(78, 100, 'Canceled', '05:53:39', 93),
(79, 265, 'Pending', Null, Null),
(80, 224, 'Canceled', Null, Null),
(81, 487, 'Canceled', '19:39:49', Null),
(82, 219, 'Pending', '21:52:15', Null),
(83, 261, 'Pending', '06:34:09', Null),
(84, 170, 'Pending', Null, 29),
(85, 210, 'Canceled', '21:04:17', 31),
(86, 281, 'Delivered', Null, Null),
(87, 392, 'Pending', Null, Null),
(88, 212, 'Canceled', '12:25:47', 54),
(89, 50, 'Delivered', '00:23:34', 44),
(90, 152, 'Delivered', Null, Null),
(91, 268, 'Canceled', Null, 30),
(92, 89, 'Delivered', Null, 76),
(93, 480, 'Pending', Null, 83),
(94, 453, 'Pending', Null, 98),
(95, 285, 'Delivered', Null, Null),
(96, 119, 'Canceled', Null, 64),
(97, 277, 'Canceled', Null, Null),
(98, 61, 'Delivered', '06:26:03', Null),
(99, 34, 'Pending', '02:03:46', Null),
(100, 204, 'Delivered', Null, Null),
(101, 292, 'Pending', '02:03:22', 5),
(102, 165, 'Canceled', '17:15:55', Null),
(103, 172, 'Pending', '06:28:07', 93),
(104, 478, 'Delivered', Null, Null),
(105, 386, 'Delivered', '20:18:43', 77),
(106, 325, 'Canceled', '22:58:59', 94),
(107, 446, 'Canceled', Null, 67),
(108, 398, 'Pending', '23:56:48', Null),
(109, 111, 'Pending', Null, 19),
(110, 123, 'Delivered', '09:54:05', Null),
(111, 344, 'Canceled', '07:28:57', Null),
(112, 87, 'Pending', Null, 97),
(113, 267, 'Pending', Null, Null),
(114, 325, 'Pending', '10:12:15', 50),
(115, 2, 'Delivered', Null, 51),
(116, 224, 'Pending', Null, Null),
(117, 432, 'Canceled', '10:34:43', 43),
(118, 493, 'Canceled', '20:55:24', 19),
(119, 159, 'Pending', '17:06:04', 87),
(120, 96, 'Canceled', Null, Null),
(121, 123, 'Canceled', '18:41:15', Null),
(122, 113, 'Delivered', Null, 6),
(123, 68, 'Canceled', '19:28:25', Null),
(124, 364, 'Canceled', '00:23:20', 43),
(125, 445, 'Pending', Null, Null),
(126, 112, 'Canceled', '14:40:17', 99),
(127, 86, 'Pending', Null, Null),
(128, 345, 'Canceled', '18:57:41', 77),
(129, 249, 'Pending', '05:40:04', Null),
(130, 20, 'Delivered', '02:14:06', 43),
(131, 445, 'Delivered', Null, 45),
(132, 81, 'Canceled', '10:11:03', Null),
(133, 261, 'Delivered', '15:22:14', 92),
(134, 36, 'Canceled', '04:58:29', 50),
(135, 87, 'Delivered', Null, Null),
(136, 284, 'Canceled', Null, 100),
(137, 350, 'Pending', '23:14:14', 29),
(138, 88, 'Pending', Null, 38),
(139, 89, 'Pending', Null, 24),
(140, 174, 'Pending', Null, 90),
(141, 274, 'Canceled', '12:57:09', 31),
(142, 148, 'Canceled', '01:10:44', 10),
(143, 44, 'Pending', Null, 70),
(144, 43, 'Delivered', Null, 77),
(145, 94, 'Canceled', '12:00:30', 26),
(146, 46, 'Pending', Null, Null),
(147, 155, 'Pending', Null, Null),
(148, 476, 'Pending', '08:07:22', Null),
(149, 99, 'Canceled', '03:11:12', 58),
(150, 403, 'Pending', '04:09:23', Null),
(151, 290, 'Canceled', Null, Null),
(152, 467, 'Canceled', '02:35:09', 82),
(153, 265, 'Canceled', '07:37:00', 15),
(154, 231, 'Canceled', Null, 14),
(155, 404, 'Canceled', '18:54:08', Null),
(156, 98, 'Canceled', Null, Null),
(157, 91, 'Delivered', '02:05:04', 47),
(158, 335, 'Delivered', '13:09:22', Null),
(159, 248, 'Canceled', '07:04:29', 71),
(160, 331, 'Canceled', '08:54:21', Null),
(161, 299, 'Pending', '10:09:34', Null),
(162, 370, 'Pending', Null, Null),
(163, 31, 'Pending', '18:37:40', 71),
(164, 347, 'Delivered', '12:48:05', 14),
(165, 226, 'Pending', '10:20:55', 49),
(166, 198, 'Pending', '03:37:35', 43),
(167, 446, 'Delivered', Null, Null),
(168, 52, 'Delivered', Null, 9),
(169, 24, 'Delivered', '02:39:15', Null),
(170, 336, 'Delivered', Null, 43),
(171, 254, 'Delivered', Null, Null),
(172, 219, 'Delivered', Null, Null),
(173, 341, 'Canceled', Null, 44),
(174, 76, 'Pending', Null, Null),
(175, 87, 'Pending', Null, 27),
(176, 370, 'Canceled', '04:53:23', Null),
(177, 207, 'Pending', '16:27:07', 87),
(178, 61, 'Canceled', '04:19:33', Null),
(179, 224, 'Pending', '07:31:58', Null),
(180, 427, 'Pending', Null, 38),
(181, 224, 'Pending', '19:45:24', 19),
(182, 107, 'Pending', Null, 46),
(183, 91, 'Pending', Null, Null),
(184, 350, 'Pending', Null, Null),
(185, 248, 'Pending', Null, 39),
(186, 8, 'Delivered', Null, 74),
(187, 289, 'Delivered', Null, 59),
(188, 490, 'Canceled', '06:53:56', Null),
(189, 367, 'Pending', '04:26:58', 43),
(190, 323, 'Pending', '00:26:36', Null),
(191, 335, 'Canceled', Null, 46),
(192, 374, 'Canceled', Null, Null),
(193, 350, 'Pending', '22:43:37', 93),
(194, 450, 'Canceled', Null, Null),
(195, 95, 'Canceled', '16:49:02', 16),
(196, 487, 'Canceled', '20:33:39', Null),
(197, 275, 'Canceled', '19:14:10', Null),
(198, 185, 'Delivered', Null, Null),
(199, 122, 'Pending', Null, 55),
(200, 42, 'Canceled', '01:35:12', Null),
(201, 71, 'Delivered', '04:58:48', 3),
(202, 35, 'Pending', Null, Null),
(203, 204, 'Delivered', Null, Null),
(204, 212, 'Pending', '10:41:04', Null),
(205, 117, 'Canceled', Null, Null),
(206, 283, 'Pending', Null, Null),
(207, 95, 'Delivered', Null, Null),
(208, 313, 'Canceled', Null, 99),
(209, 422, 'Canceled', Null, 70),
(210, 18, 'Delivered', Null, 85),
(211, 86, 'Delivered', '15:44:24', 4),
(212, 49, 'Canceled', '00:01:44', 34),
(213, 94, 'Canceled', Null, 22),
(214, 403, 'Canceled', '21:53:54', 39),
(215, 6, 'Canceled', Null, 9),
(216, 270, 'Delivered', '06:09:46', Null),
(217, 57, 'Pending', '18:00:01', Null),
(218, 484, 'Pending', '06:41:50', Null),
(219, 205, 'Pending', '03:04:38', Null),
(220, 209, 'Delivered', '00:01:25', Null),
(221, 305, 'Pending', Null, 42),
(222, 225, 'Delivered', Null, Null),
(223, 238, 'Delivered', Null, Null),
(224, 87, 'Canceled', Null, 76),
(225, 402, 'Pending', '11:54:49', 76),
(226, 143, 'Canceled', '15:57:46', Null),
(227, 200, 'Canceled', Null, 94),
(228, 30, 'Pending', '07:34:03', Null),
(229, 435, 'Canceled', '13:41:27', 60),
(230, 410, 'Canceled', Null, 32),
(231, 399, 'Delivered', Null, Null),
(232, 406, 'Pending', '09:46:51', Null),
(233, 104, 'Pending', '22:00:37', 42),
(234, 422, 'Canceled', Null, 66),
(235, 351, 'Pending', '15:55:29', 37),
(236, 437, 'Canceled', Null, 59),
(237, 388, 'Canceled', Null, 16),
(238, 37, 'Canceled', Null, 25),
(239, 167, 'Delivered', '20:48:06', 85),
(240, 293, 'Pending', Null, Null),
(241, 331, 'Pending', '03:37:42', Null),
(242, 23, 'Canceled', '19:41:42', 48),
(243, 29, 'Canceled', Null, 3),
(244, 475, 'Pending', '09:42:28', Null),
(245, 33, 'Delivered', '11:09:10', Null),
(246, 275, 'Canceled', Null, Null),
(247, 105, 'Delivered', Null, 73),
(248, 495, 'Pending', Null, Null),
(249, 29, 'Delivered', '05:18:29', Null),
(250, 424, 'Pending', '12:22:39', 93),
(251, 482, 'Delivered', '00:13:43', Null),
(252, 361, 'Pending', '00:41:24', 6),
(253, 391, 'Delivered', Null, Null),
(254, 449, 'Canceled', '02:18:31', Null),
(255, 327, 'Canceled', '23:02:57', Null),
(256, 332, 'Pending', '19:35:42', 62),
(257, 366, 'Canceled', Null, 71),
(258, 121, 'Delivered', '03:33:11', Null),
(259, 300, 'Delivered', '09:09:02', Null),
(260, 87, 'Pending', Null, 43),
(261, 349, 'Pending', Null, Null),
(262, 315, 'Canceled', Null, 38),
(263, 133, 'Pending', '20:32:24', 75),
(264, 153, 'Canceled', '11:26:51', 44),
(265, 252, 'Pending', Null, Null),
(266, 109, 'Canceled', '06:31:26', 78),
(267, 475, 'Pending', '23:40:43', 27),
(268, 369, 'Delivered', Null, Null),
(269, 56, 'Canceled', Null, Null),
(270, 96, 'Pending', '05:06:33', Null),
(271, 347, 'Delivered', '08:24:10', 97),
(272, 102, 'Pending', '14:18:40', Null),
(273, 20, 'Pending', Null, Null),
(274, 268, 'Delivered', Null, 62),
(275, 187, 'Pending', Null, 60),
(276, 331, 'Delivered', '13:12:42', Null),
(277, 485, 'Canceled', Null, Null),
(278, 33, 'Pending', Null, 80),
(279, 373, 'Pending', '22:46:32', Null),
(280, 53, 'Pending', '19:53:07', Null),
(281, 1, 'Canceled', Null, Null),
(282, 457, 'Delivered', Null, Null),
(283, 87, 'Canceled', '02:57:46', Null),
(284, 285, 'Pending', Null, 40),
(285, 178, 'Pending', '16:55:48', 23),
(286, 187, 'Canceled', '05:59:48', 44),
(287, 493, 'Pending', '21:37:32', Null),
(288, 302, 'Pending', '12:19:46', Null),
(289, 20, 'Delivered', '10:55:10', Null),
(290, 381, 'Delivered', '17:26:41', Null),
(291, 133, 'Pending', '12:05:04', Null),
(292, 210, 'Canceled', Null, 95),
(293, 34, 'Pending', '08:10:21', 31),
(294, 341, 'Canceled', Null, 53),
(295, 449, 'Canceled', '13:05:18', 42),
(296, 12, 'Canceled', '01:11:15', Null),
(297, 162, 'Delivered', Null, Null),
(298, 271, 'Pending', '21:06:00', Null),
(299, 368, 'Canceled', '04:15:42', Null),
(300, 191, 'Delivered', Null, Null),
(301, 43, 'Pending', '00:53:07', Null),
(302, 376, 'Pending', Null, Null),
(303, 71, 'Pending', Null, 13),
(304, 433, 'Delivered', Null, 33),
(305, 139, 'Canceled', '03:26:38', Null),
(306, 496, 'Pending', Null, Null),
(307, 270, 'Canceled', Null, Null),
(308, 159, 'Canceled', '21:25:56', 22),
(309, 176, 'Canceled', Null, 91),
(310, 481, 'Delivered', '21:06:04', Null),
(311, 106, 'Pending', '23:32:14', 45),
(312, 98, 'Canceled', '15:19:21', 42),
(313, 137, 'Pending', Null, 47),
(314, 133, 'Delivered', Null, Null),
(315, 86, 'Delivered', '10:59:19', 11),
(316, 382, 'Canceled', '18:05:26', 36),
(317, 475, 'Delivered', Null, 36),
(318, 343, 'Pending', '21:01:15', Null),
(319, 96, 'Delivered', Null, Null),
(320, 126, 'Pending', '02:15:57', 92),
(321, 408, 'Delivered', Null, 39),
(322, 22, 'Canceled', Null, Null),
(323, 325, 'Delivered', Null, 69),
(324, 373, 'Delivered', Null, Null),
(325, 445, 'Pending', '15:20:06', 87),
(326, 54, 'Pending', '07:14:47', Null),
(327, 374, 'Delivered', Null, Null),
(328, 450, 'Delivered', '18:49:33', Null),
(329, 357, 'Delivered', '18:52:54', 33),
(330, 208, 'Canceled', Null, Null),
(331, 403, 'Delivered', '07:59:38', Null),
(332, 163, 'Delivered', Null, Null),
(333, 152, 'Pending', Null, 22),
(334, 454, 'Pending', Null, Null),
(335, 344, 'Pending', '15:37:06', 68),
(336, 402, 'Pending', Null, 79),
(337, 435, 'Pending', Null, 40),
(338, 325, 'Canceled', '04:27:36', 85),
(339, 299, 'Canceled', '03:33:59', Null),
(340, 131, 'Canceled', Null, Null),
(341, 147, 'Pending', '04:20:41', 9),
(342, 395, 'Canceled', Null, 7),
(343, 486, 'Canceled', '19:29:01', Null),
(344, 206, 'Pending', Null, 16),
(345, 89, 'Pending', Null, Null),
(346, 252, 'Pending', '23:22:03', 6),
(347, 27, 'Canceled', '04:36:47', Null),
(348, 328, 'Canceled', '00:18:41', 25),
(349, 337, 'Canceled', '09:48:19', Null),
(350, 277, 'Pending', '10:06:26', 8),
(351, 444, 'Delivered', '17:20:42', Null),
(352, 116, 'Delivered', '17:22:33', Null),
(353, 296, 'Delivered', Null, Null),
(354, 258, 'Pending', Null, Null),
(355, 294, 'Delivered', Null, 65),
(356, 336, 'Pending', Null, Null),
(357, 252, 'Delivered', '04:01:09', Null),
(358, 410, 'Pending', '08:20:42', 37),
(359, 283, 'Canceled', Null, 74),
(360, 364, 'Delivered', Null, Null),
(361, 45, 'Delivered', '07:18:13', Null),
(362, 214, 'Canceled', '23:43:04', 8),
(363, 228, 'Delivered', Null, 5),
(364, 144, 'Delivered', Null, 88),
(365, 446, 'Delivered', '12:58:23', 73),
(366, 212, 'Pending', '23:31:49', Null),
(367, 459, 'Delivered', Null, Null),
(368, 5, 'Pending', '11:57:41', 11),
(369, 183, 'Delivered', '06:45:52', Null),
(370, 415, 'Pending', Null, Null),
(371, 107, 'Canceled', Null, Null),
(372, 496, 'Canceled', Null, Null),
(373, 351, 'Canceled', Null, Null),
(374, 460, 'Canceled', '13:53:06', 40),
(375, 476, 'Canceled', Null, Null),
(376, 38, 'Pending', '06:48:01', Null),
(377, 456, 'Pending', Null, 15),
(378, 325, 'Pending', '07:38:18', Null),
(379, 327, 'Pending', Null, Null),
(380, 499, 'Canceled', Null, Null),
(381, 145, 'Pending', Null, 35),
(382, 194, 'Pending', Null, 44),
(383, 80, 'Canceled', '00:38:35', 17),
(384, 176, 'Delivered', '19:17:15', 40),
(385, 365, 'Canceled', '13:09:56', Null),
(386, 436, 'Delivered', Null, Null),
(387, 314, 'Pending', Null, Null),
(388, 481, 'Pending', Null, Null),
(389, 433, 'Canceled', '05:12:43', Null),
(390, 429, 'Delivered', Null, Null),
(391, 476, 'Canceled', '18:09:38', Null),
(392, 307, 'Canceled', Null, Null),
(393, 309, 'Pending', Null, Null),
(394, 365, 'Pending', '09:12:40', 5),
(395, 17, 'Canceled', '13:14:52', Null),
(396, 496, 'Pending', Null, Null),
(397, 405, 'Canceled', Null, Null),
(398, 85, 'Delivered', Null, 12),
(399, 293, 'Pending', '07:03:58', Null),
(400, 76, 'Delivered', '14:03:31', Null),
(401, 90, 'Canceled', Null, 28),
(402, 36, 'Delivered', Null, 22),
(403, 252, 'Canceled', '13:34:19', Null),
(404, 270, 'Delivered', Null, 52),
(405, 388, 'Delivered', Null, 5),
(406, 168, 'Pending', '07:17:22', Null),
(407, 133, 'Delivered', Null, 24),
(408, 478, 'Pending', '05:19:39', Null),
(409, 151, 'Delivered', Null, 78),
(410, 348, 'Pending', Null, 18),
(411, 307, 'Canceled', '23:00:06', Null),
(412, 139, 'Canceled', Null, Null),
(413, 401, 'Canceled', Null, 93),
(414, 418, 'Pending', Null, 97),
(415, 38, 'Pending', Null, 50),
(416, 412, 'Canceled', Null, 98),
(417, 348, 'Delivered', '18:30:56', Null),
(418, 183, 'Canceled', '03:58:59', Null),
(419, 426, 'Canceled', Null, Null),
(420, 371, 'Canceled', '22:01:48', 49),
(421, 207, 'Delivered', Null, 31),
(422, 345, 'Canceled', '05:32:21', 76),
(423, 319, 'Delivered', '06:40:52', 53),
(424, 88, 'Delivered', Null, Null),
(425, 66, 'Pending', Null, 82),
(426, 293, 'Pending', Null, Null),
(427, 97, 'Delivered', Null, Null),
(428, 144, 'Delivered', '07:58:32', 2),
(429, 460, 'Pending', '11:21:58', 66),
(430, 252, 'Delivered', '07:02:36', Null),
(431, 66, 'Pending', Null, 64),
(432, 31, 'Delivered', Null, 25),
(433, 456, 'Pending', Null, Null),
(434, 460, 'Pending', Null, 86),
(435, 113, 'Canceled', Null, Null),
(436, 230, 'Canceled', Null, 19),
(437, 484, 'Delivered', Null, Null),
(438, 7, 'Pending', Null, 19),
(439, 226, 'Canceled', Null, 3),
(440, 390, 'Pending', Null, Null),
(441, 143, 'Canceled', '16:03:02', 22),
(442, 254, 'Pending', Null, Null),
(443, 328, 'Canceled', Null, 63),
(444, 11, 'Pending', Null, Null),
(445, 279, 'Canceled', Null, 61),
(446, 34, 'Delivered', Null, Null),
(447, 413, 'Canceled', Null, 24),
(448, 395, 'Delivered', Null, 61),
(449, 446, 'Canceled', Null, 96),
(450, 161, 'Pending', Null, 40);


