-- update db 

INSERT INTO customers (customer_id, customer_name, reg_date)
VALUES
(1, 'Daniel Bishop', '2021-12-04'),
(2, 'Susan Townsend', '2021-10-12'),
(3, 'Tanya Smith', '2023-07-23'),
(4, 'Ryan Smith', '2021-04-19'),
(5, 'Kathleen Todd', '2020-11-13'),
(6, 'Wanda Smith', '2022-08-28'),
(7, 'Dan Smith', '2022-07-14'),
(8, 'Julie Aguirre', '2020-11-01'),
(9, 'Shane Campbell', '2021-02-27'),
(10, 'Francisco Richardson', '2020-12-30'),
(11, 'Mary Burgess', '2020-06-15'),
(12, 'Phillip Daniel', '2022-02-24'),
(13, 'Charles Vance', '2020-07-16'),
(14, 'Sheila Hopkins', '2023-08-24'),
(15, 'Wayne Parks', '2023-03-14'),
(16, 'Richard Freeman', '2020-05-02'),
(17, 'Angela Gray', '2021-05-06'),
(18, 'Jason Nelson', '2021-11-03'),
(19, 'Keith Oneill', '2021-06-07'),
(20, 'Christopher Watkins', '2023-03-31'),
(21, 'Tanya Buck', '2023-06-13'),
(22, 'Margaret Floyd', '2022-10-26'),
(23, 'William Schneider', '2020-03-31'),
(24, 'Michael Thomas', '2020-04-29'),
(25, 'Justin Chan', '2022-01-03'),
(26, 'Selena Davis', '2022-09-18'),
(27, 'Alexis Clark', '2020-04-27'),
(28, 'Kyle Martin', '2021-05-23'),
(29, 'Lisa Lopez', '2020-11-04'),
(30, 'Jerry Evans', '2022-12-30'),
(31, 'Michelle Moody', '2020-05-28'),
(32, 'Melissa Hernandez', '2021-10-27'),
(33, 'Megan Tanner', '2023-06-10'),
(34, 'Robert Baker', '2023-03-13'),
(35, 'Joseph Boone', '2023-03-24'),
(36, 'Shawn Wu', '2021-08-16'),
(37, 'Shane Harper', '2020-04-01'),
(38, 'Dale Russell', '2021-07-08'),
(39, 'John Parker', '2022-12-28'),
(40, 'Sharon Marshall', '2023-11-30'),
(41, 'Robert Myers', '2022-06-07'),
(42, 'Carolyn Webb', '2020-08-02'),
(43, 'Gabriel Ray', '2020-06-24'),
(44, 'Nicholas Lester', '2021-10-08'),
(45, 'Rebecca Palmer', '2021-08-13'),
(46, 'Steve Wilson', '2022-12-20'),
(47, 'Billy Wilson', '2023-11-11'),
(48, 'John Davis', '2020-10-30'),
(49, 'Nancy Todd', '2021-08-04'),
(50, 'Katherine Joseph', '2022-07-08'),
(51, 'Erika Leonard', '2020-07-27'),
(52, 'Zachary Meza', '2020-02-28'),
(53, 'Melissa Terry', '2021-04-14'),
(54, 'Aaron Rodriguez', '2021-06-29'),
(55, 'Debra Patterson', '2021-05-15'),
(56, 'Renee Moss', '2021-09-25'),
(57, 'Mark Green', '2021-07-16'),
(58, 'Jamie Fleming', '2022-01-26'),
(59, 'Troy Terry', '2023-01-28'),
(60, 'Andrea Hernandez', '2021-01-23'),
(61, 'Wanda Allen', '2023-01-09'),
(62, 'Jesse Lynch', '2021-11-15'),
(63, 'Kristin Grant', '2020-02-22'),
(64, 'Brent Robles', '2020-06-18'),
(65, 'Brandon Johnson', '2021-04-03'),
(66, 'Nathan Snyder', '2020-08-30'),
(67, 'Barry Henderson', '2022-01-27'),
(68, 'Kimberly Thomas', '2022-01-30'),
(69, 'Jeffrey Perry', '2023-06-18'),
(70, 'Mr. Jacob Bryant', '2022-10-14'),
(71, 'Brenda Grimes', '2021-03-17'),
(72, 'Michael Harper', '2020-01-28'),
(73, 'Troy Rodriguez', '2020-01-25'),
(74, 'Kathryn Howard', '2020-09-29'),
(75, 'Kimberly Norris', '2021-02-14'),
(76, 'Reginald Sanchez', '2020-03-31'),
(77, 'Barbara Fuentes', '2022-05-21'),
(78, 'Maria Sosa', '2022-07-04'),
(79, 'Renee Anderson', '2020-12-04'),
(80, 'Melissa Knight', '2023-04-23'),
(81, 'Nicole Gordon', '2022-10-21'),
(82, 'Jodi Brown', '2020-07-31'),
(83, 'James Stone', '2020-09-06'),
(84, 'Gail Wilson', '2020-03-19'),
(85, 'Jason Washington', '2022-12-06'),
(86, 'Mr. David Ross Jr.', '2022-12-09'),
(87, 'Eric Waller', '2022-11-15'),
(88, 'Daniel Clarke', '2021-06-12'),
(89, 'Valerie Mckay', '2022-10-16'),
(90, 'Katherine Erickson', '2020-08-16'),
(91, 'Thomas Patton', '2022-06-29'),
(92, 'Danielle White', '2021-12-29'),
(93, 'Sara King', '2020-03-06'),
(94, 'Ryan Williams', '2022-08-26'),
(95, 'Kathleen Clark', '2020-06-29'),
(96, 'Penny Decker', '2021-02-11'),
(97, 'Justin Patterson', '2023-02-14'),
(98, 'Kristi Lopez', '2023-09-15'),
(99, 'Kimberly Butler', '2020-07-06'),
(100, 'Gabrielle Bradford', '2021-11-13'),
(101, 'Nancy Guzman', '2023-09-01'),
(102, 'Joseph Clayton', '2023-08-01'),
(103, 'Madeline Porter', '2023-10-21'),
(104, 'Laura Estes', '2021-03-05'),
(105, 'Christopher Lucero', '2022-05-12'),
(106, 'Nancy Brooks', '2020-04-09'),
(107, 'Hayley Smith', '2023-03-26'),
(108, 'April Zamora', '2021-05-05'),
(109, 'Dana Sanchez', '2023-02-06'),
(110, 'Eric Haynes', '2023-09-11'),
(111, 'John Curtis', '2020-10-02'),
(112, 'Jade Jackson', '2023-09-01'),
(113, 'David Lester', '2021-09-17'),
(114, 'David Parker', '2023-01-16'),
(115, 'Travis Parker', '2022-08-21'),
(116, 'Cindy Ramirez', '2023-12-07'),
(117, 'Troy Young', '2022-10-27'),
(118, 'Amanda Jones', '2023-02-19'),
(119, 'Wayne Castro', '2022-06-30'),
(120, 'James Terrell', '2022-05-17'),
(121, 'Charles Smith', '2022-05-14'),
(122, 'Zachary Adams', '2021-04-18'),
(123, 'Melissa Wood', '2023-03-10'),
(124, 'Kimberly Pearson', '2023-11-12'),
(125, 'Christopher Dunlap', '2021-01-18'),
(126, 'Haley Bennett', '2020-03-17'),
(127, 'Dean Evans', '2021-04-18'),
(128, 'Ryan Perez', '2021-03-31'),
(129, 'Shannon George', '2023-09-26'),
(130, 'Brian Rodriguez', '2023-08-05'),
(131, 'Terrance Kelly', '2023-06-10'),
(132, 'Alfred Sherman', '2020-08-03'),
(133, 'Andrea Martin', '2021-07-18'),
(134, 'Joan Harrison', '2022-03-23'),
(135, 'Jacob Bryant', '2023-07-22'),
(136, 'Toni White', '2020-02-21'),
(137, 'James Morgan', '2020-05-09'),
(138, 'Charles Phillips', '2020-12-31'),
(139, 'Stephen Wood', '2023-02-22'),
(140, 'Katherine Mcdowell', '2021-04-18'),
(141, 'Sally Hoffman', '2023-03-21'),
(142, 'Lisa Hoffman', '2023-04-11'),
(143, 'Gina Murphy', '2022-11-22'),
(144, 'Sally Thompson', '2022-07-16'),
(145, 'James Davis', '2022-11-26'),
(146, 'Samuel Chang', '2023-01-06'),
(147, 'Steven Smith', '2021-01-15'),
(148, 'Matthew Willis', '2020-10-09'),
(149, 'Tina Cowan', '2021-01-22'),
(150, 'Jeffrey Ramsey', '2021-01-16'),
(151, 'Carol Rivas', '2021-04-27'),
(152, 'Jamie Wu', '2020-11-10'),
(153, 'Heidi Harrison', '2020-08-16'),
(154, 'Sara Parsons', '2022-11-04'),
(155, 'Charles Bell', '2021-07-12'),
(156, 'Danielle Pruitt', '2020-09-27'),
(157, 'Tammy Armstrong', '2022-10-16'),
(158, 'Jessica Poole', '2020-03-07'),
(159, 'Steven Davies', '2023-03-13'),
(160, 'Tammy Young', '2022-06-09'),
(161, 'Wesley Ritter', '2023-08-25'),
(162, 'Sydney Matthews', '2022-06-21'),
(163, 'Brian Garza', '2021-02-21'),
(164, 'Benjamin Mccall MD', '2022-03-18'),
(165, 'Carl Harper', '2023-02-27'),
(166, 'Ronald Jimenez', '2021-08-16'),
(167, 'Michelle Tran', '2020-11-04'),
(168, 'Christopher Carter', '2020-12-31'),
(169, 'Maria Lindsey', '2023-05-16'),
(170, 'Keith Alexander', '2023-10-05'),
(171, 'Tara Gonzalez', '2023-04-29'),
(172, 'Richard Cooper', '2020-03-20'),
(173, 'Bradley Harrison', '2020-01-09'),
(174, 'Roberto Browning Jr.', '2023-04-25'),
(175, 'Michele Martinez', '2022-12-12'),
(176, 'Stephanie Adams', '2022-02-19'),
(177, 'James Smith', '2020-03-20'),
(178, 'Carmen Pratt', '2020-11-06'),
(179, 'Felicia Stevens', '2022-12-01'),
(180, 'David Gill', '2020-10-09'),
(181, 'Joshua Clay', '2023-07-21'),
(182, 'David Hill', '2022-10-03'),
(183, 'Carolyn Smith', '2021-08-11'),
(184, 'Gerald Martin', '2021-12-11'),
(185, 'Charlotte Flores', '2022-03-28'),
(186, 'Roy Graham', '2023-01-27'),
(187, 'Nicholas Bean', '2023-02-01'),
(188, 'Anthony Alvarez', '2021-03-09'),
(189, 'Katelyn Hawkins', '2023-04-09'),
(190, 'James Perez', '2023-09-26'),
(191, 'Peter Roberts', '2022-01-27'),
(192, 'Lydia Stephenson', '2020-10-18'),
(193, 'Cheryl Davidson', '2020-10-25'),
(194, 'Thomas Dixon', '2023-09-11'),
(195, 'Christy Smith', '2023-12-08'),
(196, 'Diane Castaneda', '2020-04-01'),
(197, 'Andrea Harris', '2023-06-15'),
(198, 'Jessica Wu', '2022-05-01'),
(199, 'Donna Jones MD', '2023-09-18'),
(200, 'Samuel Stevens', '2022-10-03'),
(201, 'Bradley Mills', '2020-08-13'),
(202, 'Jeffrey Duncan', '2020-08-25'),
(203, 'Jeffrey Lee', '2023-01-01'),
(204, 'Cameron Miller', '2023-11-22'),
(205, 'Margaret Guerra', '2023-05-02'),
(206, 'Meghan Henderson', '2020-10-13'),
(207, 'Jocelyn Daniels', '2020-05-22'),
(208, 'Christopher Parker', '2020-01-12'),
(209, 'Tiffany Krueger', '2022-12-27'),
(210, 'Mr. Joshua Smith', '2023-10-22'),
(211, 'Andrew Gomez DDS', '2022-11-21'),
(212, 'Jennifer Mitchell', '2022-03-29'),
(213, 'Michaela Curry', '2021-07-23'),
(214, 'Joshua Peterson', '2021-02-28'),
(215, 'Travis Howard', '2021-06-18'),
(216, 'Michelle Martin', '2020-02-06'),
(217, 'Andrew Martin', '2023-10-18'),
(218, 'Michelle Matthews', '2021-12-23'),
(219, 'Susan Stewart', '2020-10-01'),
(220, 'James Holloway', '2022-03-02'),
(221, 'Daniel Jones', '2021-06-29'),
(222, 'Clarence Rios', '2023-03-10'),
(223, 'Megan Harvey', '2021-11-21'),
(224, 'Cynthia Hernandez', '2021-05-06'),
(225, 'Rebecca Collins', '2021-11-26'),
(226, 'Peter Schultz', '2022-11-03'),
(227, 'Tara Mullins', '2022-03-31'),
(228, 'Kristin Joseph', '2023-10-09'),
(229, 'Kathryn Wallace', '2021-05-13'),
(230, 'Megan Castro', '2022-10-28'),
(231, 'Dr. Phillip Miranda', '2021-01-22'),
(232, 'Jean Nguyen', '2023-04-15'),
(233, 'Jennifer Perkins', '2022-09-28'),
(234, 'Sonia Smith', '2020-11-09'),
(235, 'Kathy Lee', '2020-08-05'),
(236, 'Karen Nelson', '2023-07-25'),
(237, 'Jeffrey Morgan', '2021-02-19'),
(238, 'Jeff Sanders', '2022-06-01'),
(239, 'Kurt Maldonado', '2020-11-23'),
(240, 'Logan King', '2021-03-19'),
(241, 'Dorothy Goodman', '2020-09-15'),
(242, 'Albert Stewart', '2020-07-05'),
(243, 'Amanda Ballard', '2023-01-11'),
(244, 'Monique Davidson', '2023-10-28'),
(245, 'Nicholas Cordova', '2023-07-24'),
(246, 'Jennifer Lee', '2022-11-03'),
(247, 'Michelle Reyes', '2022-06-04'),
(248, 'Jack Sullivan', '2021-05-09'),
(249, 'Deborah Walton', '2023-12-17'),
(250, 'Sean Robinson', '2021-02-22'),
(251, 'Gary Smith', '2021-12-24'),
(252, 'Linda Olson', '2021-06-03'),
(253, 'Bonnie Patterson MD', '2020-09-29'),
(254, 'Patricia Page', '2021-01-05'),
(255, 'Matthew Morales', '2020-02-03'),
(256, 'Christina Scott', '2023-07-22'),
(257, 'Ruth Moody', '2023-10-28'),
(258, 'David Lee', '2021-01-22'),
(259, 'John Sweeney', '2022-10-15'),
(260, 'Melanie Hawkins', '2022-02-28'),
(261, 'Priscilla Dyer', '2020-04-26'),
(262, 'Elizabeth Miller', '2020-05-24'),
(263, 'Adam Sims', '2023-07-03'),
(264, 'Lisa Morris', '2023-11-09'),
(265, 'Rebecca Brown', '2023-07-23'),
(266, 'Caitlyn Kemp', '2020-03-03'),
(267, 'Jeanette Mcclure', '2022-11-21'),
(268, 'William Gilbert', '2020-03-31'),
(269, 'Joshua Taylor', '2020-07-06'),
(270, 'Timothy Berry', '2021-08-11'),
(271, 'Amanda Mckay', '2023-11-15'),
(272, 'Samantha Cook', '2020-06-24'),
(273, 'Juan Carlson', '2020-07-26'),
(274, 'April Evans', '2023-06-28'),
(275, 'Jeffrey Santos', '2023-12-06'),
(276, 'Steven Davis', '2023-04-30'),
(277, 'Michele Whitaker', '2022-06-29'),
(278, 'Joanna Andrews', '2020-05-27'),
(279, 'Jonathan Monroe', '2023-02-17'),
(280, 'Danielle Thompson', '2021-03-15'),
(281, 'Vincent Martinez', '2021-11-28'),
(282, 'John Bennett', '2020-09-27'),
(283, 'Tracey Washington', '2021-07-04'),
(284, 'William Gonzalez', '2022-04-02'),
(285, 'Tracy Weeks', '2020-07-29'),
(286, 'Teresa Gibson', '2021-05-12'),
(287, 'Jeffrey Pearson', '2021-09-20'),
(288, 'Patty White', '2020-10-17'),
(289, 'Bill Martin', '2022-03-19'),
(290, 'Joan Beck', '2023-01-04'),
(291, 'Maria Luna', '2023-03-09'),
(292, 'Daniel Stephenson', '2023-07-05'),
(293, 'Susan Mullins', '2021-10-01'),
(294, 'Paul Erickson', '2021-12-20'),
(295, 'Courtney Stephens', '2022-07-08'),
(296, 'Katherine Douglas', '2020-07-01'),
(297, 'Howard Marsh', '2021-01-02'),
(298, 'Carly Thompson', '2020-01-21'),
(299, 'Clinton Miller', '2020-09-16'),
(300, 'Jack Brown', '2023-05-29'),
(301, 'Teresa Macdonald', '2022-12-21'),
(302, 'Brittany Thompson', '2022-03-21'),
(303, 'Adam York', '2020-10-08'),
(304, 'Don Hansen', '2022-03-24'),
(305, 'Wesley Pierce', '2021-10-26'),
(306, 'Bill Henderson', '2020-07-17'),
(307, 'Jill Perry', '2022-05-09'),
(308, 'Brenda Reeves', '2020-08-27'),
(309, 'Gerald Smith', '2023-06-25'),
(310, 'Tina Mcgrath', '2023-07-23'),
(311, 'Donna Johnson', '2020-10-22'),
(312, 'Scott Christian', '2021-06-26'),
(313, 'Lynn Collier', '2022-05-20'),
(314, 'Anthony Kaiser', '2022-05-09'),
(315, 'Theresa Petersen', '2023-07-20'),
(316, 'Sydney Smith', '2021-06-14'),
(317, 'Vincent Moore', '2020-10-10'),
(318, 'Mark Hayes', '2021-07-08'),
(319, 'Elizabeth Price', '2022-10-25'),
(320, 'Christopher Young', '2020-09-11'),
(321, 'Derek Jones', '2021-06-28'),
(322, 'Kristy House', '2022-09-20'),
(323, 'Rachel Huffman', '2023-01-04'),
(324, 'Juan Brown', '2020-11-10'),
(325, 'Brenda Mitchell', '2023-02-10'),
(326, 'David Moore', '2020-01-12'),
(327, 'Lisa Marsh', '2020-07-16'),
(328, 'Stephanie Schmitt', '2021-12-11'),
(329, 'Stephen Green', '2021-10-17'),
(330, 'Danielle Davis', '2022-12-16'),
(331, 'Mary Bailey DVM', '2021-03-03'),
(332, 'Joseph White', '2023-10-08'),
(333, 'James Richardson', '2021-07-11'),
(334, 'Valerie Diaz', '2020-07-25'),
(335, 'Rhonda Rogers', '2023-01-27'),
(336, 'Samuel Goodwin', '2020-08-14'),
(337, 'Robert Harrison', '2023-08-21'),
(338, 'Adam Ortega', '2023-04-18'),
(339, 'Kaitlyn Smith', '2021-09-01'),
(340, 'Jordan Gilbert', '2022-09-05'),
(341, 'Brittany Marquez', '2021-09-10'),
(342, 'Gail Hicks', '2020-10-20'),
(343, 'Jennifer Bowman', '2022-05-01'),
(344, 'Jessica Johnson', '2020-01-04'),
(345, 'Julie Patel', '2020-01-14'),
(346, 'Marcus Garcia', '2020-05-01'),
(347, 'Antonio Parks', '2020-08-07'),
(348, 'Austin Hale', '2022-04-02'),
(349, 'Morgan Stout', '2023-12-21'),
(350, 'Jessica Zimmerman', '2023-09-07'),
(351, 'Jason Lopez', '2023-02-25'),
(352, 'Monica Stafford', '2023-11-13'),
(353, 'Michelle White', '2022-05-25'),
(354, 'Jacqueline Salas', '2021-08-15'),
(355, 'Ronald Orr', '2020-11-27'),
(356, 'Lauren Lewis', '2020-04-13'),
(357, 'Collin Brewer', '2023-07-28'),
(358, 'Christopher Brooks', '2022-07-30'),
(359, 'Nicole Curry', '2021-04-11'),
(360, 'Ronald Hodge', '2021-12-13'),
(361, 'Patricia Hardy', '2022-08-09'),
(362, 'Christopher Graham', '2020-11-20'),
(363, 'Rebecca Diaz', '2021-12-21'),
(364, 'Mr. Kevin Harmon', '2022-03-08'),
(365, 'Brett Collins', '2020-09-13'),
(366, 'Kristin Larson', '2020-04-12'),
(367, 'Judy Watts', '2022-05-09'),
(368, 'Tim Mcknight', '2020-02-03'),
(369, 'Eugene Ford', '2020-05-19'),
(370, 'Clayton Ryan', '2021-09-02'),
(371, 'Christian Figueroa', '2020-02-12'),
(372, 'Christopher Garcia', '2023-09-05'),
(373, 'Bruce Gibbs', '2022-07-20'),
(374, 'Kaitlyn Santos', '2020-12-16'),
(375, 'Elizabeth Harmon', '2020-10-02'),
(376, 'Christine Arellano', '2023-12-11'),
(377, 'Sean Marsh', '2022-05-02'),
(378, 'Claudia Moore', '2020-05-22'),
(379, 'Robert Edwards', '2021-07-10'),
(380, 'William Kane', '2020-06-06'),
(381, 'Ashley Lewis', '2023-03-11'),
(382, 'Omar Donovan', '2021-05-26'),
(383, 'Elijah Rodgers', '2023-06-13'),
(384, 'William Smith', '2021-09-10'),
(385, 'Justin Johns', '2021-05-27'),
(386, 'Kenneth Smith', '2020-06-16'),
(387, 'Cynthia Woods', '2020-03-05'),
(388, 'Robert Johnson', '2023-03-29'),
(389, 'Carlos Dominguez', '2021-06-27'),
(390, 'Shannon Liu', '2020-05-05'),
(391, 'Jason Sanford Jr.', '2020-05-12'),
(392, 'Pamela Thompson', '2023-08-25'),
(393, 'Megan Turner', '2023-09-22'),
(394, 'Richard Schultz', '2023-01-29'),
(395, 'Melanie Crawford', '2020-03-15'),
(396, 'Eric Smith', '2023-04-16'),
(397, 'Heidi Welch', '2023-12-01'),
(398, 'Cynthia Hudson', '2020-08-17'),
(399, 'Jose Morrow', '2020-01-12'),
(400, 'Jennifer Ramirez', '2020-03-21'),
(401, 'Brenda Ramos', '2023-06-29'),
(402, 'Cynthia Peterson', '2021-05-11'),
(403, 'James Dickerson', '2020-05-26'),
(404, 'Luke Mullen', '2020-09-10'),
(405, 'Calvin Rodriguez', '2020-02-04'),
(406, 'Dr. Jessica Dunn DVM', '2020-07-19'),
(407, 'John Frost', '2021-02-07'),
(408, 'Rebecca Ryan', '2022-06-17'),
(409, 'Carolyn Sanford', '2022-05-12'),
(410, 'Monique Hunter', '2020-12-12'),
(411, 'Susan Choi', '2021-12-02'),
(412, 'Andrea Robinson', '2020-08-26'),
(413, 'Ryan Vaughn', '2022-11-02'),
(414, 'Corey Hernandez', '2021-06-08'),
(415, 'David Harrington', '2020-09-21'),
(416, 'Christie Johnson', '2022-08-13'),
(417, 'Erin Adams', '2023-09-24'),
(418, 'Stacy Raymond', '2022-12-19'),
(419, 'James Chen', '2021-05-17'),
(420, 'William Johnson', '2021-02-23'),
(421, 'Jenna Swanson', '2020-09-11'),
(422, 'Christina Ray', '2020-12-11'),
(423, 'Joshua Cabrera', '2022-08-09'),
(424, 'David Vargas', '2021-10-28'),
(425, 'Theresa Day', '2021-02-07'),
(426, 'Taylor Ross', '2020-02-16'),
(427, 'Mrs. Meagan Allen', '2020-08-11'),
(428, 'Mr. Anthony Washington', '2021-12-02'),
(429, 'Michael Johnson', '2021-07-07'),
(430, 'Shawn Stewart', '2022-03-05'),
(431, 'Kyle Rodriguez', '2023-05-24'),
(432, 'Mrs. Nina Keith MD', '2022-08-21'),
(433, 'David Bradley', '2021-07-26'),
(434, 'Catherine Maynard', '2022-07-03'),
(435, 'Anna Wheeler', '2020-07-06'),
(436, 'Darryl Hays', '2020-03-24'),
(437, 'William Allen', '2023-06-08'),
(438, 'Jonathan Anderson DDS', '2020-01-06'),
(439, 'Alexander Warren', '2023-10-24'),
(440, 'Isabella Aguirre', '2021-10-09'),
(441, 'Lisa Carroll', '2020-06-26'),
(442, 'Stephanie Foster', '2020-08-10'),
(443, 'Jessica Jones', '2021-03-31'),
(444, 'Samantha Olsen', '2020-05-02'),
(445, 'Ashley Martin', '2023-01-05'),
(446, 'Lisa Roberts', '2021-07-11'),
(447, 'Herbert Fuller', '2021-04-03'),
(448, 'Peggy Hale DDS', '2020-10-10'),
(449, 'Sherri Erickson', '2021-03-20'),
(450, 'Andrew Patterson', '2022-03-04'),
(451, 'Christopher Gomez', '2023-02-03'),
(452, 'David Chaney', '2022-03-22'),
(453, 'Charlotte Velasquez', '2021-02-21'),
(454, 'Erin Peterson', '2020-04-17'),
(455, 'Robin Harrison', '2022-02-20'),
(456, 'April Sawyer', '2022-06-14'),
(457, 'Jasmine Johnson', '2022-08-31'),
(458, 'Matthew King', '2020-02-29'),
(459, 'Cathy Smith', '2021-12-01'),
(460, 'Cathy Nunez', '2022-08-10'),
(461, 'Melissa Woods', '2020-08-03'),
(462, 'Brandon Owens', '2023-06-06'),
(463, 'Maxwell Holloway', '2023-01-26'),
(464, 'Hunter Martin', '2021-07-10'),
(465, 'Gregory Kramer', '2023-06-09'),
(466, 'Andrew Howard', '2021-11-17'),
(467, 'Dylan Mcdonald', '2021-04-28'),
(468, 'Gavin Phillips', '2021-08-02'),
(469, 'Andrew Rodriguez', '2022-07-09'),
(470, 'Jose Jenkins', '2022-12-06'),
(471, 'Cheryl Anderson', '2020-06-09'),
(472, 'Theresa Adams', '2020-03-20'),
(473, 'Elizabeth Martin', '2021-08-23'),
(474, 'Oscar Reyes', '2020-02-18'),
(475, 'Frances Evans', '2020-01-07'),
(476, 'Phillip Fletcher', '2021-02-23'),
(477, 'Shawn Burns', '2023-08-10'),
(478, 'Dr. Casey Green', '2020-11-21'),
(479, 'Janet Hansen', '2022-07-01'),
(480, 'Sarah Grant', '2021-11-12'),
(481, 'Stephanie Dillon MD', '2022-07-15'),
(482, 'Mrs. Alyssa Wallace', '2021-09-14'),
(483, 'Jeremy Rodriguez', '2023-08-20'),
(484, 'Henry Nichols', '2020-10-31'),
(485, 'Christopher Johnston', '2022-06-04'),
(486, 'Andre Brandt', '2022-08-07'),
(487, 'April White', '2020-09-08'),
(488, 'Timothy Myers', '2023-01-30'),
(489, 'John Williams', '2023-07-05'),
(490, 'Julie Wilson', '2021-11-28'),
(491, 'Charles Olson', '2020-01-09'),
(492, 'Bethany Kennedy', '2020-10-05'),
(493, 'Emily Johnson', '2021-02-16'),
(494, 'Jason Nixon', '2021-08-15'),
(495, 'Susan Porter', '2023-06-30'),
(496, 'Paul Bond', '2023-03-25'),
(497, 'Howard West', '2023-05-16'),
(498, 'Charles Smith', '2020-08-30'),
(499, 'Jessica Reed', '2022-12-17'),
(500, 'Mark Barnett', '2023-10-06'),
(501, 'Danielle Newman', '2022-10-14'),
(502, 'Jeffrey Bryant', '2022-12-27'),
(503, 'Melissa Gonzalez', '2021-07-13'),
(504, 'Christopher Green', '2020-05-17'),
(505, 'William Chandler', '2022-02-27'),
(506, 'Marcus Robbins', '2021-04-03'),
(507, 'Christopher Sanders', '2020-04-06'),
(508, 'Jason Vazquez', '2022-04-20'),
(509, 'Patricia Flores', '2023-02-13'),
(510, 'Tammy Baker', '2023-12-12'),
(511, 'Sharon Young', '2020-06-07'),
(512, 'James Hutchinson', '2021-05-13'),
(513, 'Deborah Sanchez', '2021-08-09'),
(514, 'Kayla Martinez', '2023-07-23'),
(515, 'Melinda Simmons', '2022-03-22'),
(516, 'Carolyn Anthony', '2020-05-30'),
(517, 'Ashley Evans', '2021-05-25'),
(518, 'Philip Cole', '2022-12-09'),
(519, 'Robert Brooks', '2022-06-10'),
(520, 'Jason Peters', '2020-06-18'),
(521, 'Richard Kelly', '2022-08-26'),
(522, 'Kaitlyn Williams', '2020-01-03'),
(523, 'Sharon Jacobs', '2020-04-11'),
(524, 'Kimberly Morgan', '2020-02-03'),
(525, 'Sarah Munoz', '2023-03-27'),
(526, 'Samuel Meyer', '2022-10-25'),
(527, 'Mitchell Baker', '2020-01-05'),
(528, 'Sarah White', '2020-08-07'),
(529, 'Jeffrey Cross', '2022-08-05'),
(530, 'Jeffrey Lopez', '2022-02-11'),
(531, 'Thomas Perez', '2023-06-19'),
(532, 'Pamela Brewer', '2022-11-05'),
(533, 'Andrea Harris', '2020-08-11'),
(534, 'Frank Freeman', '2020-08-14'),
(535, 'Judith Ortiz', '2020-10-29'),
(536, 'James Tucker', '2021-10-13'),
(537, 'James Fox', '2022-08-03'),
(538, 'Mr. Eric Haynes PhD', '2023-10-28'),
(539, 'Sandra Washington', '2020-09-06'),
(540, 'Gregory Short', '2020-08-27'),
(541, 'Christine Solis', '2021-05-23'),
(542, 'Patrick Barr', '2021-03-23'),
(543, 'Sara Rivers', '2020-06-03'),
(544, 'Nicholas House', '2023-05-02'),
(545, 'Jeffery Park', '2020-06-11'),
(546, 'Andrea Moore', '2022-09-15'),
(547, 'Elizabeth Rhodes', '2022-05-11'),
(548, 'Matthew Torres II', '2021-10-10'),
(549, 'Ms. Jennifer Day', '2020-12-05'),
(550, 'Nancy Bryant', '2022-08-15'),
(551, 'Joshua Stone', '2022-01-09'),
(552, 'James Miles', '2020-04-14'),
(553, 'Tracy Moody', '2023-03-10'),
(554, 'Bethany Perez', '2023-02-25'),
(555, 'Robert Nolan', '2022-04-10'),
(556, 'Melissa Jackson', '2023-05-22'),
(557, 'Angela Wilson', '2021-10-07'),
(558, 'Ashley Pearson', '2020-05-15'),
(559, 'Linda Dixon', '2022-03-08'),
(560, 'Savannah Burns', '2023-07-22'),
(561, 'Katie Bean', '2022-03-15'),
(562, 'Jacob Golden', '2023-06-06'),
(563, 'Charles Pearson', '2022-10-06'),
(564, 'Jacob Richard', '2023-04-19'),
(565, 'David Martin', '2023-04-30'),
(566, 'Jennifer Delgado', '2020-01-08'),
(567, 'Peter Williams', '2022-07-25'),
(568, 'Diana Gomez', '2022-07-06'),
(569, 'Lauren Johnson', '2022-04-10'),
(570, 'Morgan Christensen', '2022-11-20'),
(571, 'Michelle Smith', '2021-01-08'),
(572, 'Mark Roberts', '2023-10-30'),
(573, 'Gregory Howard', '2021-05-23'),
(574, 'Jaime Weber', '2022-07-13'),
(575, 'Denise Walters', '2022-04-23'),
(576, 'Tyler Sullivan', '2020-09-08'),
(577, 'Lori Clark', '2020-03-27'),
(578, 'Adam Chang', '2020-01-21'),
(579, 'Christopher Schultz', '2023-01-23'),
(580, 'Dominique Rodriguez', '2020-05-09'),
(581, 'Brian Hudson', '2021-05-10'),
(582, 'Anthony Johnson', '2023-09-29'),
(583, 'Steven Leonard', '2020-09-19'),
(584, 'Matthew Brown', '2020-05-09'),
(585, 'Heather Hickman', '2021-11-24'),
(586, 'Ashley Brown DDS', '2022-04-12'),
(587, 'April Levine', '2021-05-05'),
(588, 'Samuel Williams', '2021-01-04'),
(589, 'Andrea Davila', '2021-11-26'),
(590, 'Seth Howard', '2023-11-16'),
(591, 'John Jenkins', '2022-02-22'),
(592, 'James Cooper', '2020-01-25'),
(593, 'Maria Webster', '2023-08-25'),
(594, 'Dominique Ross', '2022-10-13'),
(595, 'Matthew Washington', '2023-08-19'),
(596, 'Justin Johnson', '2020-08-06'),
(597, 'John Gutierrez', '2020-04-26'),
(598, 'Latoya Roach', '2020-02-05'),
(599, 'Jeremy Ramirez', '2021-11-10'),
(600, 'Mr. Henry Rasmussen DDS', '2022-11-08'),
(601, 'Nicole Welch', '2023-06-11'),
(602, 'Darryl Conner', '2023-09-30'),
(603, 'David Miller', '2022-11-16'),
(604, 'Ronald Johnson', '2021-05-04'),
(605, 'Michael Montgomery', '2023-08-17'),
(606, 'James Robbins', '2022-12-24'),
(607, 'Richard Smith', '2021-03-28'),
(608, 'Krystal Chavez', '2023-02-15'),
(609, 'Matthew Rodriguez', '2022-02-10'),
(610, 'John Parker', '2022-12-10'),
(611, 'Jonathon Rivera', '2022-01-31'),
(612, 'Mrs. April Edwards', '2022-05-02'),
(613, 'Kevin Reed', '2021-10-20'),
(614, 'Rhonda Cannon', '2020-06-06'),
(615, 'Amanda Harris', '2023-05-14'),
(616, 'Larry Fritz', '2021-09-29'),
(617, 'Eileen Stark', '2023-05-15'),
(618, 'Kristen Middleton', '2022-09-01'),
(619, 'David Rogers', '2022-10-26'),
(620, 'Alexander Douglas', '2023-03-20'),
(621, 'Rebecca Norris', '2021-04-04'),
(622, 'Amy Jones', '2023-11-01'),
(623, 'Jessica Mann', '2020-09-05'),
(624, 'George Bell', '2023-12-29'),
(625, 'Melissa Bailey', '2020-01-04'),
(626, 'Stephen Rogers', '2023-10-30'),
(627, 'Bobby Byrd', '2021-07-27'),
(628, 'Lisa Chaney', '2020-04-16'),
(629, 'Tim Mays', '2021-03-25'),
(630, 'Joan West', '2020-10-13'),
(631, 'Mr. Jason Watkins DDS', '2021-06-05'),
(632, 'Justin Stevens', '2022-03-30'),
(633, 'Jessica Tapia', '2021-04-03'),
(634, 'Jonathan French', '2022-04-24'),
(635, 'Lisa Fisher', '2020-03-04'),
(636, 'Caleb Chung', '2020-10-05'),
(637, 'Jeffrey Wilson', '2021-01-31'),
(638, 'Nicole Jackson', '2023-10-26'),
(639, 'Tiffany Henry', '2021-08-14'),
(640, 'Christine Coleman', '2022-06-27'),
(641, 'Barbara Hopkins', '2020-12-27'),
(642, 'Kim Vasquez', '2022-01-01'),
(643, 'Jeremy Martin', '2023-07-08'),
(644, 'Anna Gutierrez', '2020-10-30'),
(645, 'Kevin Schneider', '2021-06-11'),
(646, 'Amanda Ali', '2021-05-31'),
(647, 'Jacob Monroe', '2023-12-30'),
(648, 'Daniel Hall', '2023-09-21'),
(649, 'Katie Maxwell', '2020-01-26'),
(650, 'Ryan Owen', '2023-03-01'),
(651, 'Bryan Norris', '2022-07-29'),
(652, 'Jennifer Williams', '2023-12-08'),
(653, 'Patrick Smith', '2020-12-20'),
(654, 'Amy Hanson', '2020-03-08'),
(655, 'Shane Cain', '2021-03-02'),
(656, 'Mary Rhodes', '2022-08-25'),
(657, 'Jeremy Spencer', '2021-04-20'),
(658, 'Alexa Nguyen', '2022-02-07'),
(659, 'Ann Ramos DDS', '2022-06-11'),
(660, 'Cindy Reeves', '2023-01-30'),
(661, 'Elizabeth Suarez', '2022-07-21'),
(662, 'Katrina White', '2020-01-17'),
(663, 'Gerald Harper', '2021-07-15'),
(664, 'Kyle Harris', '2020-08-05'),
(665, 'Jose Kennedy', '2022-01-16'),
(666, 'Eric Jacobson', '2020-01-17'),
(667, 'Heather Flores', '2021-04-29'),
(668, 'Christopher Johnston', '2020-07-22'),
(669, 'Philip Boyer', '2023-06-15'),
(670, 'Abigail Hicks', '2023-09-14'),
(671, 'Alison Hodge', '2023-11-15'),
(672, 'Tyler Allen', '2022-07-11'),
(673, 'John Ramirez', '2021-07-06'),
(674, 'Kimberly Neal', '2023-11-25'),
(675, 'Rodney Foster', '2021-05-14'),
(676, 'Kimberly Morrow', '2022-12-23'),
(677, 'Robyn Clark', '2020-09-14'),
(678, 'Kimberly Dixon', '2021-08-06'),
(679, 'Karen Harris', '2020-04-15'),
(680, 'William Holt', '2021-10-01'),
(681, 'Christine Walsh', '2023-02-08'),
(682, 'Christopher Esparza', '2020-09-09'),
(683, 'Dr. Michelle Powell', '2021-05-29'),
(684, 'Frank Taylor', '2022-01-23'),
(685, 'Christopher Miller', '2023-04-30'),
(686, 'Latoya Strong', '2020-06-12'),
(687, 'Andrea Peterson', '2021-05-12'),
(688, 'Mrs. Amy Garcia', '2020-01-25'),
(689, 'Hannah Lowe', '2022-12-20'),
(690, 'Allen Mcdonald', '2023-04-24'),
(691, 'Richard Rogers', '2021-03-22'),
(692, 'Deborah Estes', '2022-11-22'),
(693, 'Ryan Hall', '2023-05-02'),
(694, 'Emily Johnson', '2021-01-06'),
(695, 'Erica Jones', '2020-02-16'),
(696, 'Kathleen Garcia', '2020-04-16'),
(697, 'Rodney Brown', '2022-09-22'),
(698, 'Don Johnson', '2020-04-05'),
(699, 'Jack Wheeler', '2022-10-05'),
(700, 'Jerry Gonzalez', '2021-12-10'),
(701, 'Charles Davis', '2020-06-15'),
(702, 'Kathryn Vincent', '2021-07-01'),
(703, 'Sandra Carey', '2020-05-18'),
(704, 'Garrett Santos', '2021-04-11'),
(705, 'Karen Black', '2020-09-28'),
(706, 'Lisa Grant', '2022-11-18'),
(707, 'Daniel Castillo', '2022-01-16'),
(708, 'Brandi Day DVM', '2021-02-14'),
(709, 'Lori Li', '2020-10-31'),
(710, 'Joseph Vazquez', '2020-11-25'),
(711, 'Chelsea Pope', '2023-08-28'),
(712, 'Michael Fernandez', '2022-12-10'),
(713, 'John Parsons', '2022-11-09'),
(714, 'Emma Hall', '2023-08-26'),
(715, 'Holly Ward', '2023-10-11'),
(716, 'Kristina Mcdaniel', '2020-04-18'),
(717, 'Nicholas Eaton', '2022-02-26'),
(718, 'William Nguyen', '2020-02-16'),
(719, 'Joshua Diaz', '2020-08-11'),
(720, 'Stuart Wright', '2023-03-04'),
(721, 'Mary Castro', '2021-09-28'),
(722, 'Mrs. Rebecca Cole', '2022-04-02'),
(723, 'Shelia Hanson', '2021-04-23'),
(724, 'Katelyn Green', '2023-03-16'),
(725, 'Sean Smith', '2022-12-17'),
(726, 'Tanya Combs', '2022-10-06'),
(727, 'Megan Allen', '2020-01-06'),
(728, 'Dawn Gentry', '2023-03-04'),
(729, 'Katherine Mckinney', '2023-05-22'),
(730, 'Dustin Smith', '2023-09-29'),
(731, 'Fred Swanson', '2022-01-04'),
(732, 'Christian Francis PhD', '2021-09-08'),
(733, 'Sarah Roman', '2023-09-06'),
(734, 'Adrian Bryant', '2021-12-23'),
(735, 'Shannon Joyce', '2020-06-25'),
(736, 'Travis Schultz', '2021-08-03'),
(737, 'Edward Taylor', '2023-08-14'),
(738, 'John Farley', '2021-10-11'),
(739, 'Todd Fuller', '2023-01-09'),
(740, 'Jill Bray', '2022-01-26'),
(741, 'Robert Jones', '2023-06-23'),
(742, 'John Beasley', '2021-03-21'),
(743, 'Candice Martin', '2023-07-05'),
(744, 'Amy Gaines', '2020-08-06'),
(745, 'Robert Roberts', '2022-11-19'),
(746, 'Teresa Horn', '2021-05-09'),
(747, 'Patricia Miller', '2020-07-01'),
(748, 'Darren Pratt', '2022-06-05'),
(749, 'Shannon Reyes', '2021-03-28'),
(750, 'Scott Johnson', '2023-09-08'),
(751, 'Christopher Carter', '2023-12-28'),
(752, 'Samantha Gonzalez', '2021-04-21'),
(753, 'Bryan Reyes', '2020-03-22'),
(754, 'Craig Velasquez', '2020-02-08'),
(755, 'Dennis Morton', '2020-11-16'),
(756, 'Kimberly Henderson', '2022-06-09'),
(757, 'Danielle Herrera', '2021-01-22'),
(758, 'Stacy Collier', '2022-03-27'),
(759, 'Richard Miller', '2021-05-02'),
(760, 'Mary Boyd', '2023-01-04'),
(761, 'William Atkins', '2021-05-15'),
(762, 'Meagan Harris', '2020-01-13'),
(763, 'Lonnie Green', '2020-11-09'),
(764, 'Michael Cooley', '2023-04-28'),
(765, 'Christina Anderson', '2021-12-21'),
(766, 'Lori Dawson', '2020-08-01'),
(767, 'Kristin West', '2022-01-29'),
(768, 'Natasha Martin', '2021-04-24'),
(769, 'Michael Kennedy', '2021-02-06'),
(770, 'Betty Huber', '2021-08-04'),
(771, 'Katie Huang', '2023-06-28'),
(772, 'Melissa Lopez', '2020-01-08'),
(773, 'Dawn Barber', '2020-10-05'),
(774, 'Tim Schneider', '2020-01-10'),
(775, 'Traci Moses', '2023-12-25'),
(776, 'Ryan Huynh', '2021-01-20'),
(777, 'Darren Walters', '2022-05-14'),
(778, 'Nicole Smith', '2021-01-26'),
(779, 'Larry Hutchinson', '2022-01-15'),
(780, 'Dr. Michelle Carlson', '2021-12-09'),
(781, 'Chelsea Potter', '2020-05-24'),
(782, 'Kristopher Pratt', '2022-03-12'),
(783, 'Glenn Keller', '2020-02-12'),
(784, 'David Stewart', '2020-03-04'),
(785, 'Sharon Miller', '2022-09-30'),
(786, 'Daisy Bray', '2022-09-22'),
(787, 'Daniel Mcpherson', '2022-04-08'),
(788, 'Kelly Chase', '2022-07-01'),
(789, 'Jesus Mcguire', '2022-01-24'),
(790, 'George Vasquez', '2022-02-02'),
(791, 'Jeffrey Santos', '2020-07-23'),
(792, 'Nathan Steele', '2021-03-19'),
(793, 'Michael Blake', '2023-04-28'),
(794, 'Tyler Young', '2020-07-30'),
(795, 'Sue Anderson', '2021-11-27'),
(796, 'Christopher Mitchell', '2020-05-24'),
(797, 'Melissa Wilson', '2023-04-15'),
(798, 'Anthony Thompson', '2020-01-12'),
(799, 'Robert Cook', '2023-11-10'),
(800, 'Amy Chang', '2020-01-24'),
(801, 'Tiffany Johnson', '2020-02-24'),
(802, 'Edward Burns', '2023-10-15'),
(803, 'Bonnie Bridges', '2020-11-07'),
(804, 'Steven Hines', '2021-10-19'),
(805, 'Christopher Carter', '2022-05-15'),
(806, 'David Holmes', '2023-03-18'),
(807, 'Tracy Perry', '2020-03-25'),
(808, 'Dylan Henderson', '2020-12-26'),
(809, 'Michele Simmons', '2021-07-29'),
(810, 'Brandy Garcia', '2023-06-25'),
(811, 'Austin Foley', '2022-11-22'),
(812, 'Danielle Odom', '2023-10-29'),
(813, 'Jacqueline Brown', '2021-09-16'),
(814, 'Molly Robinson', '2022-06-02'),
(815, 'Carrie Salazar', '2021-04-18'),
(816, 'Joseph Henderson', '2020-04-09'),
(817, 'David Pena', '2023-05-17'),
(818, 'Karla Tucker', '2023-08-01'),
(819, 'Emily Cox', '2023-01-06'),
(820, 'John Randall', '2020-09-30'),
(821, 'Barbara Murphy', '2023-03-31'),
(822, 'Danielle Rice', '2021-12-22'),
(823, 'Samuel Carter', '2020-03-14'),
(824, 'Derek Randolph', '2023-05-22'),
(825, 'Caitlin Glenn', '2021-07-04'),
(826, 'Karen Garza', '2023-02-03'),
(827, 'Jo Morse', '2023-08-11'),
(828, 'Shane Grant', '2021-06-18'),
(829, 'Alexis Berry', '2023-04-14'),
(830, 'Michelle Taylor', '2020-01-20'),
(831, 'Alexandria Welch', '2021-11-02'),
(832, 'Elizabeth Carter', '2020-05-30'),
(833, 'Sandra Williams', '2020-06-30'),
(834, 'Jonathan Smith MD', '2023-01-29'),
(835, 'Thomas Medina', '2023-01-23'),
(836, 'Elizabeth Mcmahon', '2021-03-30'),
(837, 'Jennifer Farrell', '2020-11-28'),
(838, 'Kathleen Navarro', '2022-02-17'),
(839, 'Brittany Smith', '2021-09-26'),
(840, 'Jason Porter', '2022-06-28'),
(841, 'Robert Benitez', '2020-06-25'),
(842, 'James Stone', '2020-07-17'),
(843, 'Mr. Cody Schmidt MD', '2020-07-15'),
(844, 'Sandra Williams', '2020-06-16'),
(845, 'Amanda Estrada', '2023-06-04'),
(846, 'Sara Oliver', '2021-04-30'),
(847, 'John Willis', '2021-09-20'),
(848, 'Nichole Sutton', '2023-04-21'),
(849, 'Samantha Keith', '2022-11-08'),
(850, 'Jack Barry', '2023-12-26'),
(851, 'Sandra Daniels', '2023-04-18'),
(852, 'Daniel Wright', '2023-08-22'),
(853, 'Elaine Crawford', '2023-06-26'),
(854, 'Dylan Montgomery II', '2023-12-27'),
(855, 'Sherri Martinez', '2021-08-15'),
(856, 'Lori Dean', '2023-02-11'),
(857, 'Amanda Rivera', '2023-01-31'),
(858, 'Isabella Wood', '2023-10-23'),
(859, 'Darius Williams', '2020-10-17'),
(860, 'Andrew Riley', '2022-01-31'),
(861, 'Troy Walker', '2021-06-13'),
(862, 'Maria Brennan', '2022-08-08'),
(863, 'Ashlee Graham', '2020-06-17'),
(864, 'William Coleman', '2022-01-18'),
(865, 'Erica Williams', '2021-08-25'),
(866, 'Jacob Charles', '2022-02-20'),
(867, 'Angela Harris', '2023-07-20'),
(868, 'Mr. Justin Graham', '2020-04-27'),
(869, 'Nicole Young', '2021-11-03'),
(870, 'Brett Johnson', '2023-01-03'),
(871, 'Kelly Griffin', '2020-08-02'),
(872, 'Stephen Curtis', '2020-07-17'),
(873, 'Mr. Timothy Ponce', '2020-05-27'),
(874, 'Kelly Fritz', '2021-03-02'),
(875, 'Chad Gibson', '2022-07-05'),
(876, 'Isaac Cooper DDS', '2020-01-30'),
(877, 'Jennifer Gibson', '2021-01-16'),
(878, 'Dr. Stephanie Harris MD', '2021-09-11'),
(879, 'Anthony Santos', '2020-09-16'),
(880, 'Jessica Conner', '2022-06-11'),
(881, 'Angela Daniel', '2023-08-14'),
(882, 'Russell Peterson', '2020-11-06'),
(883, 'Brittany House', '2020-04-17'),
(884, 'Maurice Cox', '2022-07-30'),
(885, 'Emma Hubbard', '2021-01-25'),
(886, 'James Pugh', '2021-05-05'),
(887, 'Janet Perez', '2022-01-20'),
(888, 'Erin Glover', '2020-11-27'),
(889, 'Michael Donaldson', '2020-04-17'),
(890, 'Caroline Wolf', '2023-07-16'),
(891, 'Ashley Dennis', '2020-04-08'),
(892, 'Jennifer Knapp', '2023-06-29'),
(893, 'Jenna Ayala', '2023-07-02'),
(894, 'Mr. Nathaniel Guzman MD', '2020-12-03'),
(895, 'Ariel Morales', '2023-01-14'),
(896, 'Rhonda Henderson', '2022-11-09'),
(897, 'Katelyn Wells', '2021-07-03'),
(898, 'William Summers', '2021-12-18'),
(899, 'Steven Gomez', '2023-05-24'),
(900, 'Amy Thomas', '2023-09-25'),
(901, 'Joshua Romero', '2022-07-01'),
(902, 'Natalie Reid', '2022-07-11'),
(903, 'David Stokes', '2020-05-23'),
(904, 'Peter Pearson', '2022-07-22'),
(905, 'Tyler Berry', '2021-03-04'),
(906, 'Regina Scott', '2020-08-19'),
(907, 'Theresa Smith', '2020-07-28'),
(908, 'Julie Edwards', '2022-09-23'),
(909, 'Samantha Carr', '2020-02-26'),
(910, 'Julia Reynolds', '2020-11-09'),
(911, 'Colton Dunlap', '2020-11-30'),
(912, 'Lisa Murphy', '2020-10-15'),
(913, 'Shannon May', '2023-10-02'),
(914, 'Sydney Scott', '2020-08-04'),
(915, 'Cynthia Martinez', '2021-10-22'),
(916, 'Mrs. Mallory Daniels', '2022-10-15'),
(917, 'Denise Rodriguez', '2022-08-20'),
(918, 'Jessica Mendoza', '2022-11-18'),
(919, 'Erica Arnold', '2023-07-08'),
(920, 'Lindsay Gutierrez', '2021-05-17'),
(921, 'Ronald Simmons', '2021-04-07'),
(922, 'Isabel Rodriguez', '2020-11-25'),
(923, 'Ashley Conley', '2023-03-09'),
(924, 'Megan Bullock', '2022-04-07'),
(925, 'Lindsay Baldwin', '2021-02-12'),
(926, 'Emily Sullivan', '2023-10-31'),
(927, 'Steven Ramirez', '2022-09-21'),
(928, 'Paul Villanueva', '2020-05-23'),
(929, 'Paige Mitchell', '2021-05-08'),
(930, 'Kim Osborne', '2021-12-24'),
(931, 'Scott Shields', '2020-01-11'),
(932, 'Laura Taylor', '2020-04-04'),
(933, 'Abigail Chavez', '2023-07-20'),
(934, 'Emily Holmes', '2021-11-04'),
(935, 'John Case', '2022-05-26'),
(936, 'Tasha Jones', '2021-08-16'),
(937, 'Kevin Yang', '2023-08-07'),
(938, 'Bethany Marquez', '2020-06-12'),
(939, 'Daniel Lawson', '2021-09-11'),
(940, 'Douglas Cervantes', '2021-12-09'),
(941, 'Courtney Crane', '2023-04-29'),
(942, 'Amber Green', '2020-09-14'),
(943, 'Lisa Cervantes', '2022-12-17'),
(944, 'Randy Freeman', '2021-07-21'),
(945, 'Kaitlyn Taylor', '2021-05-26'),
(946, 'Charlotte Odom', '2020-01-15'),
(947, 'Lindsey Smith', '2020-12-25'),
(948, 'Kristy Gutierrez', '2022-09-15'),
(949, 'William Cabrera', '2021-08-18'),
(950, 'Karen Walsh', '2023-11-28'),
(951, 'John Gill', '2021-04-16'),
(952, 'Tammy Meyers', '2022-07-05'),
(953, 'Tiffany Reynolds', '2022-12-03'),
(954, 'Erica Myers', '2022-06-04'),
(955, 'Dominic Armstrong', '2022-06-27'),
(956, 'Erin Newman', '2022-08-21'),
(957, 'Mindy Lopez', '2023-05-30'),
(958, 'Allison Cox', '2023-06-08'),
(959, 'Kara Cooper', '2022-11-10'),
(960, 'Marissa Davis', '2021-03-14'),
(961, 'Autumn King', '2023-12-19'),
(962, 'Juan Adams', '2021-02-11'),
(963, 'Susan Turner', '2023-03-20'),
(964, 'Charles Tucker', '2021-06-25'),
(965, 'Christopher Ray', '2022-04-16'),
(966, 'Michael Reid', '2023-07-20'),
(967, 'Steven Evans', '2021-07-30'),
(968, 'Michelle Sanchez', '2021-06-24'),
(969, 'Edwin York', '2021-12-08'),
(970, 'Steven Ellison', '2022-03-31'),
(971, 'Chad Garcia', '2020-11-22'),
(972, 'Nathan Hall', '2020-03-06'),
(973, 'Nicole Sanchez', '2021-04-26'),
(974, 'Dawn Hayes', '2022-08-21'),
(975, 'Andrea Morrison', '2020-05-16'),
(976, 'Anthony Kelly', '2021-05-19'),
(977, 'Elizabeth Myers', '2020-10-21'),
(978, 'Kara Cordova', '2020-02-08'),
(979, 'Joseph Wang', '2022-09-14'),
(980, 'Kimberly Tapia', '2020-06-16'),
(981, 'Stephanie Fields', '2022-01-22'),
(982, 'Howard Vargas', '2023-12-27'),
(983, 'David Rodriguez', '2021-03-10'),
(984, 'Jessica Bond', '2020-05-28'),
(985, 'Alyssa Dickson', '2022-08-28'),
(986, 'Sarah Bishop', '2020-04-19'),
(987, 'Alfred Walker', '2020-01-20'),
(988, 'Zachary Young', '2020-09-04'),
(989, 'Marie Johnson', '2021-04-19'),
(990, 'Pedro Chen', '2022-09-13'),
(991, 'Amy Figueroa', '2020-04-08'),
(992, 'Thomas Thomas', '2022-09-09'),
(993, 'Robert Spencer', '2023-03-06'),
(994, 'Emily Owen', '2021-04-05'),
(995, 'April Smith', '2023-08-08'),
(996, 'Gregory Stephenson', '2021-09-06'),
(997, 'Chad Miller', '2022-05-07'),
(998, 'Teresa Lopez', '2020-05-23'),
(999, 'Sue Wood', '2022-06-08'),
(1000, 'Stephanie Brown', '2022-11-05')
-- ON CONFLICT (customer_id) DO UPDATE SET customer_id=EXCLUDED.customer_id, customer_name=EXCLUDED.customer_name, reg_date=EXCLUDED.reg_date;
ON DUPLICATE KEY UPDATE customer_name = VALUES(customer_name), reg_date = VALUES(reg_date);


INSERT INTO restaurants (restaurant_id, restaurant_name, city, opening_hours)
VALUES
(1, 'Coleman LLC', 'Los Angeles', '9:00 AM - 11:00 PM'),
(2, 'Wade, Mcguire and Baxter', 'Los Angeles', '12:00 AM - 8:00 PM'),
(3, 'Campbell, Thompson and Price', 'Houston', '10:00 AM - 10:00 PM'),
(4, 'Soto, Mayer and Mueller', 'Los Angeles', '8:00 AM - 11:00 PM'),
(5, 'Blevins, Evans and Taylor', 'Phoenix', '10:00 AM - 10:00 PM'),
(6, 'White PLC', 'Houston', '12:00 AM - 9:00 PM'),
(7, 'Morton LLC', 'Los Angeles', '9:00 AM - 9:00 PM'),
(8, 'Morris, Stout and Chavez', 'New York', '9:00 AM - 11:00 PM'),
(9, 'Dyer Ltd', 'Phoenix', '10:00 AM - 9:00 PM'),
(10, 'Scott-King', 'Phoenix', '10:00 AM - 12:00 PM'),
(11, 'White Group', 'Houston', '12:00 AM - 8:00 PM'),
(12, 'May, Harrison and Ramirez', 'Los Angeles', '9:00 AM - 10:00 PM'),
(13, 'Clements, Curtis and Murphy', 'New York', '8:00 AM - 9:00 PM'),
(14, 'Vargas, Cunningham and Warner', 'New York', '11:00 AM - 8:00 PM'),
(15, 'Reed Ltd', 'New York', '9:00 AM - 9:00 PM'),
(16, 'Wilson, Mcmahon and Roberts', 'Phoenix', '8:00 AM - 11:00 PM'),
(17, 'Howard PLC', 'Phoenix', '12:00 AM - 8:00 PM'),
(18, 'Kelly, Taylor and Griffith', 'Houston', '8:00 AM - 12:00 PM'),
(19, 'Cain-Hickman', 'Los Angeles', '9:00 AM - 9:00 PM'),
(20, 'Huber, Williams and Harris', 'New York', '8:00 AM - 9:00 PM'),
(21, 'James PLC', 'New York', '11:00 AM - 8:00 PM'),
(22, 'Fernandez, Reed and Duran', 'Phoenix', '9:00 AM - 10:00 PM'),
(23, 'Petersen LLC', 'New York', '12:00 AM - 11:00 PM'),
(24, 'Cline-Warren', 'Los Angeles', '10:00 AM - 11:00 PM'),
(25, 'Bradley, Ward and Bautista', 'New York', '8:00 AM - 10:00 PM'),
(26, 'Carrillo-Miller', 'Phoenix', '11:00 AM - 9:00 PM'),
(27, 'Mccoy, Page and Newman', 'New York', '11:00 AM - 11:00 PM'),
(28, 'Watkins PLC', 'Chicago', '11:00 AM - 12:00 PM'),
(29, 'George LLC', 'Chicago', '12:00 AM - 12:00 PM'),
(30, 'Shaw Inc', 'Phoenix', '10:00 AM - 11:00 PM'),
(31, 'Thomas Ltd', 'Phoenix', '11:00 AM - 11:00 PM'),
(32, 'Dawson, Mcintosh and Wilson', 'Phoenix', '9:00 AM - 9:00 PM'),
(33, 'Adams-Pope', 'Houston', '10:00 AM - 8:00 PM'),
(34, 'Hernandez LLC', 'Houston', '10:00 AM - 10:00 PM'),
(35, 'Conway Inc', 'Houston', '8:00 AM - 11:00 PM'),
(36, 'Moreno-Rivera', 'Houston', '12:00 AM - 11:00 PM'),
(37, 'Lee-Becker', 'New York', '9:00 AM - 12:00 PM'),
(38, 'Page, Simpson and Orozco', 'New York', '10:00 AM - 10:00 PM'),
(39, 'Jones, Carter and Ramos', 'New York', '10:00 AM - 10:00 PM'),
(40, 'Weber, Christian and Scott', 'Houston', '9:00 AM - 11:00 PM'),
(41, 'Pratt, Boyd and Tapia', 'Chicago', '8:00 AM - 10:00 PM'),
(42, 'Harrell, Summers and Conway', 'Houston', '12:00 AM - 8:00 PM'),
(43, 'Davis LLC', 'Chicago', '9:00 AM - 9:00 PM'),
(44, 'Curry PLC', 'Los Angeles', '8:00 AM - 11:00 PM'),
(45, 'Perez Inc', 'Los Angeles', '9:00 AM - 10:00 PM'),
(46, 'Bailey-Rodriguez', 'Los Angeles', '8:00 AM - 8:00 PM'),
(47, 'Kelley Ltd', 'Houston', '9:00 AM - 9:00 PM'),
(48, 'Lewis, Keith and Jones', 'Los Angeles', '8:00 AM - 8:00 PM'),
(49, 'Gonzalez Group', 'New York', '8:00 AM - 8:00 PM'),
(50, 'Allison PLC', 'Los Angeles', '8:00 AM - 12:00 PM'),
(51, 'Lee, Padilla and Herman', 'New York', '10:00 AM - 12:00 PM'),
(52, 'Anthony, Crawford and Tucker', 'Chicago', '9:00 AM - 9:00 PM'),
(53, 'Evans Ltd', 'New York', '12:00 AM - 11:00 PM'),
(54, 'Fisher-Moore', 'New York', '9:00 AM - 8:00 PM'),
(55, 'Williamson-Gonzalez', 'New York', '11:00 AM - 10:00 PM'),
(56, 'Black-Coleman', 'Houston', '10:00 AM - 10:00 PM'),
(57, 'Kelley-Montgomery', 'Los Angeles', '8:00 AM - 12:00 PM'),
(58, 'Cox LLC', 'Houston', '10:00 AM - 10:00 PM'),
(59, 'Hawkins, Johnson and Johnson', 'Los Angeles', '12:00 AM - 10:00 PM'),
(60, 'Mendez LLC', 'Phoenix', '12:00 AM - 11:00 PM'),
(61, 'Flores-Dickerson', 'New York', '8:00 AM - 11:00 PM'),
(62, 'Castillo, Powell and Evans', 'Los Angeles', '8:00 AM - 8:00 PM'),
(63, 'Elliott, Hayden and Elliott', 'Phoenix', '12:00 AM - 12:00 PM'),
(64, 'Henderson and Sons', 'Phoenix', '10:00 AM - 10:00 PM'),
(65, 'Martinez-Harris', 'Phoenix', '8:00 AM - 12:00 PM'),
(66, 'Russell-Wheeler', 'New York', '10:00 AM - 9:00 PM'),
(67, 'Johnson-Murphy', 'New York', '12:00 AM - 8:00 PM'),
(68, 'Garcia-Burns', 'Chicago', '9:00 AM - 8:00 PM'),
(69, 'Dawson Ltd', 'New York', '11:00 AM - 10:00 PM'),
(70, 'Norman, Oconnell and Hayden', 'Houston', '9:00 AM - 12:00 PM'),
(71, 'Flynn-Pena', 'New York', '8:00 AM - 10:00 PM'),
(72, 'Evans LLC', 'Chicago', '8:00 AM - 12:00 PM'),
(73, 'Nguyen, Gilbert and Sanchez', 'New York', '11:00 AM - 12:00 PM'),
(74, 'Choi Ltd', 'Los Angeles', '10:00 AM - 12:00 PM'),
(75, 'Zimmerman Inc', 'Chicago', '11:00 AM - 12:00 PM'),
(76, 'Curtis-Thompson', 'Chicago', '11:00 AM - 12:00 PM'),
(77, 'Clark and Sons', 'New York', '8:00 AM - 8:00 PM'),
(78, 'Williams, Castro and Boyd', 'Houston', '9:00 AM - 8:00 PM'),
(79, 'Mclean-Davis', 'Phoenix', '10:00 AM - 8:00 PM'),
(80, 'Clark, Nguyen and Mcdonald', 'Houston', '9:00 AM - 8:00 PM'),
(81, 'Woodard-Foster', 'Phoenix', '9:00 AM - 10:00 PM'),
(82, 'Douglas LLC', 'Chicago', '11:00 AM - 12:00 PM'),
(83, 'Preston, Mccoy and Boyd', 'Houston', '11:00 AM - 8:00 PM'),
(84, 'Bennett-Wells', 'New York', '10:00 AM - 10:00 PM'),
(85, 'Brown LLC', 'Los Angeles', '12:00 AM - 11:00 PM'),
(86, 'Sandoval Ltd', 'Chicago', '12:00 AM - 11:00 PM'),
(87, 'Wang, Contreras and Wells', 'Chicago', '12:00 AM - 10:00 PM'),
(88, 'Moore-Harmon', 'New York', '10:00 AM - 11:00 PM'),
(89, 'Castillo PLC', 'Chicago', '9:00 AM - 10:00 PM'),
(90, 'Sutton-Chen', 'New York', '9:00 AM - 11:00 PM'),
(91, 'Howard, Vance and Robinson', 'Los Angeles', '10:00 AM - 9:00 PM'),
(92, 'Newman-Miller', 'Houston', '12:00 AM - 8:00 PM'),
(93, 'Thomas-Long', 'Los Angeles', '9:00 AM - 9:00 PM'),
(94, 'Harris Group', 'New York', '10:00 AM - 9:00 PM'),
(95, 'Carey-Jones', 'Los Angeles', '9:00 AM - 10:00 PM'),
(96, 'Coleman, Carroll and Ware', 'Houston', '8:00 AM - 8:00 PM'),
(97, 'Gregory-Baker', 'Los Angeles', '8:00 AM - 9:00 PM'),
(98, 'Cooper, Cole and Rodriguez', 'Phoenix', '12:00 AM - 11:00 PM'),
(99, 'Flores, Cook and Stark', 'Chicago', '9:00 AM - 9:00 PM'),
(100, 'Shields LLC', 'Phoenix', '9:00 AM - 10:00 PM'),
(101, 'Dennis, Logan and Peters', 'Phoenix', '12:00 AM - 8:00 PM'),
(102, 'Ponce-Calhoun', 'Houston', '12:00 AM - 10:00 PM'),
(103, 'Baldwin LLC', 'Chicago', '12:00 AM - 8:00 PM'),
(104, 'Walsh LLC', 'Phoenix', '8:00 AM - 9:00 PM'),
(105, 'Marshall-Jacobson', 'Houston', '8:00 AM - 10:00 PM'),
(106, 'Jefferson-Burns', 'Phoenix', '10:00 AM - 12:00 PM'),
(107, 'Campbell PLC', 'New York', '10:00 AM - 11:00 PM'),
(108, 'Young-Crawford', 'Chicago', '11:00 AM - 10:00 PM'),
(109, 'Hill-Aguilar', 'Phoenix', '12:00 AM - 12:00 PM'),
(110, 'Porter-Thomas', 'Houston', '9:00 AM - 8:00 PM'),
(111, 'Jones, Campbell and White', 'Phoenix', '11:00 AM - 11:00 PM'),
(112, 'May Inc', 'Los Angeles', '11:00 AM - 12:00 PM'),
(113, 'Bowman, Gonzalez and Morgan', 'New York', '11:00 AM - 12:00 PM'),
(114, 'Bishop-Hernandez', 'Chicago', '12:00 AM - 9:00 PM'),
(115, 'Snyder Group', 'Chicago', '11:00 AM - 11:00 PM'),
(116, 'Gallegos-Knapp', 'Phoenix', '8:00 AM - 12:00 PM'),
(117, 'Scott Ltd', 'Houston', '8:00 AM - 8:00 PM'),
(118, 'Gray-Brady', 'Houston', '10:00 AM - 9:00 PM'),
(119, 'Andrade, Kramer and Giles', 'Phoenix', '8:00 AM - 9:00 PM'),
(120, 'Lopez-Gentry', 'New York', '10:00 AM - 9:00 PM'),
(121, 'Smith, Frank and Byrd', 'Phoenix', '8:00 AM - 10:00 PM'),
(122, 'Johnson Inc', 'Phoenix', '8:00 AM - 9:00 PM'),
(123, 'Jones, Roberts and Peters', 'Phoenix', '12:00 AM - 10:00 PM'),
(124, 'Davis Ltd', 'Houston', '8:00 AM - 12:00 PM'),
(125, 'Thomas Inc', 'New York', '12:00 AM - 12:00 PM'),
(126, 'Patel Inc', 'Chicago', '11:00 AM - 10:00 PM'),
(127, 'Hernandez Group', 'Houston', '12:00 AM - 11:00 PM'),
(128, 'Williams, Stone and Reynolds', 'Phoenix', '11:00 AM - 8:00 PM'),
(129, 'Rogers, Cross and Mason', 'New York', '10:00 AM - 8:00 PM'),
(130, 'Zuniga, Schroeder and Shah', 'Los Angeles', '9:00 AM - 11:00 PM'),
(131, 'Webb-Mills', 'Houston', '11:00 AM - 9:00 PM'),
(132, 'Williams LLC', 'Los Angeles', '10:00 AM - 9:00 PM'),
(133, 'Cortez Group', 'Phoenix', '12:00 AM - 8:00 PM'),
(134, 'Rogers-Livingston', 'Chicago', '10:00 AM - 10:00 PM'),
(135, 'Mcclain Inc', 'Los Angeles', '10:00 AM - 11:00 PM'),
(136, 'Morton, Foster and Acosta', 'New York', '10:00 AM - 8:00 PM'),
(137, 'Nelson-Ross', 'Los Angeles', '9:00 AM - 8:00 PM'),
(138, 'Lopez PLC', 'New York', '8:00 AM - 11:00 PM'),
(139, 'Salas and Sons', 'Los Angeles', '8:00 AM - 12:00 PM'),
(140, 'Green-Hamilton', 'New York', '12:00 AM - 8:00 PM'),
(141, 'Singleton PLC', 'Phoenix', '9:00 AM - 8:00 PM'),
(142, 'Smith-Green', 'Phoenix', '11:00 AM - 10:00 PM'),
(143, 'Harris Inc', 'New York', '9:00 AM - 10:00 PM'),
(144, 'Vargas LLC', 'Phoenix', '10:00 AM - 8:00 PM'),
(145, 'Reed-Hill', 'Los Angeles', '8:00 AM - 9:00 PM'),
(146, 'Brown-Jenkins', 'Chicago', '9:00 AM - 10:00 PM'),
(147, 'Palmer, Dickson and Williams', 'Los Angeles', '11:00 AM - 8:00 PM'),
(148, 'Patterson LLC', 'Phoenix', '12:00 AM - 11:00 PM'),
(149, 'Dunn-Banks', 'Chicago', '11:00 AM - 8:00 PM'),
(150, 'Smith-Alvarez', 'Chicago', '8:00 AM - 8:00 PM'),
(151, 'Chase PLC', 'New York', '8:00 AM - 12:00 PM'),
(152, 'Johnson Inc', 'Chicago', '9:00 AM - 8:00 PM'),
(153, 'Reynolds Group', 'Phoenix', '12:00 AM - 9:00 PM'),
(154, 'Hernandez, Gomez and Smith', 'Chicago', '11:00 AM - 11:00 PM'),
(155, 'Barnes, Mora and Sharp', 'Chicago', '11:00 AM - 12:00 PM'),
(156, 'Morgan-Jordan', 'Chicago', '9:00 AM - 10:00 PM'),
(157, 'Yoder-Luna', 'Houston', '9:00 AM - 8:00 PM'),
(158, 'Cox LLC', 'Chicago', '8:00 AM - 8:00 PM'),
(159, 'Moyer, Randolph and Nelson', 'New York', '9:00 AM - 8:00 PM'),
(160, 'Allen PLC', 'New York', '8:00 AM - 10:00 PM'),
(161, 'Alvarez-Morales', 'Los Angeles', '8:00 AM - 8:00 PM'),
(162, 'Sheppard, Parks and Flores', 'Phoenix', '12:00 AM - 12:00 PM'),
(163, 'Fuentes PLC', 'New York', '11:00 AM - 9:00 PM'),
(164, 'Vazquez LLC', 'Phoenix', '12:00 AM - 12:00 PM'),
(165, 'Briggs-Smith', 'New York', '10:00 AM - 9:00 PM'),
(166, 'Norman, Quinn and Pineda', 'New York', '9:00 AM - 12:00 PM'),
(167, 'Brown-Smith', 'Chicago', '12:00 AM - 11:00 PM'),
(168, 'Thomas, Smith and Ramos', 'Phoenix', '10:00 AM - 9:00 PM'),
(169, 'Petty Inc', 'Phoenix', '9:00 AM - 12:00 PM'),
(170, 'Tran, Hartman and Figueroa', 'Phoenix', '8:00 AM - 12:00 PM'),
(171, 'Martinez, Campbell and Gray', 'Houston', '12:00 AM - 10:00 PM'),
(172, 'Jackson Ltd', 'New York', '9:00 AM - 8:00 PM'),
(173, 'Holmes, Harrison and Ferrell', 'New York', '11:00 AM - 11:00 PM'),
(174, 'Chan, Armstrong and Francis', 'Phoenix', '9:00 AM - 11:00 PM'),
(175, 'Anderson-Trujillo', 'Chicago', '10:00 AM - 12:00 PM'),
(176, 'Kim and Sons', 'Los Angeles', '12:00 AM - 11:00 PM'),
(177, 'Walker-Gallegos', 'New York', '11:00 AM - 12:00 PM'),
(178, 'Mckinney Group', 'Houston', '10:00 AM - 10:00 PM'),
(179, 'Richardson-Baldwin', 'New York', '11:00 AM - 12:00 PM'),
(180, 'Gutierrez and Sons', 'Chicago', '12:00 AM - 9:00 PM'),
(181, 'Salas-Kaufman', 'Phoenix', '10:00 AM - 10:00 PM'),
(182, 'Brown PLC', 'Los Angeles', '9:00 AM - 9:00 PM'),
(183, 'Rivera-Becker', 'Houston', '10:00 AM - 9:00 PM'),
(184, 'Johnson, Garcia and Shea', 'New York', '9:00 AM - 9:00 PM'),
(185, 'Hubbard-Sanchez', 'Houston', '12:00 AM - 9:00 PM'),
(186, 'Blair Inc', 'Chicago', '12:00 AM - 9:00 PM'),
(187, 'Gray-Bradley', 'Phoenix', '11:00 AM - 12:00 PM'),
(188, 'Harmon-Bailey', 'Houston', '11:00 AM - 9:00 PM'),
(189, 'Sullivan Ltd', 'Houston', '8:00 AM - 10:00 PM'),
(190, 'Bell-Mcmahon', 'New York', '10:00 AM - 10:00 PM'),
(191, 'Wells Inc', 'Houston', '8:00 AM - 10:00 PM'),
(192, 'Bishop, Lin and Wiley', 'New York', '11:00 AM - 12:00 PM'),
(193, 'Wright-Wright', 'Los Angeles', '9:00 AM - 12:00 PM'),
(194, 'Carpenter Group', 'Houston', '12:00 AM - 12:00 PM'),
(195, 'Harvey, Norton and Johnson', 'Phoenix', '10:00 AM - 8:00 PM'),
(196, 'Carlson-Parker', 'Los Angeles', '9:00 AM - 9:00 PM'),
(197, 'Moore-Patel', 'Los Angeles', '10:00 AM - 10:00 PM'),
(198, 'Carson-Hubbard', 'Los Angeles', '11:00 AM - 10:00 PM'),
(199, 'Harris-Carr', 'Chicago', '11:00 AM - 8:00 PM'),
(200, 'Savage and Sons', 'Los Angeles', '10:00 AM - 9:00 PM')
-- ON CONFLICT (restaurant_id) DO UPDATE SET restaurant_id=EXCLUDED.restaurant_id, restaurant_name=EXCLUDED.restaurant_name, city=EXCLUDED.city, opening_hours=EXCLUDED.opening_hours;
ON DUPLICATE KEY UPDATE restaurant_name = VALUES(restaurant_name), city = VALUES(city), opening_hours = VALUES(opening_hours);


INSERT INTO orders (order_id, customer_id, restaurant_id, order_item, order_date, order_time, order_status, total_amount)
VALUES
(1, 337, 61, 'Long_68', '2023-09-02', '12:54:49', 'Cancelled', 83.76),
(2, 114, 167, 'Author_6', '2020-07-02', '04:31:27', 'Pending', 88.2),
(3, 524, 171, 'Alone_10', '2020-05-22', '20:48:15', 'Cancelled', 99.36),
(4, 840, 39, 'Summer_1', '2022-07-19', '07:51:02', 'Pending', 98.29),
(5, 284, 124, 'Each_99', '2023-11-24', '09:52:05', 'Delivered', 47.06),
(6, 625, 191, 'Threat_40', '2022-08-04', '00:32:45', 'Pending', 61.14),
(7, 436, 47, 'Put_93', '2020-09-15', '19:15:51', 'Pending', 56.79),
(8, 506, 86, 'Her_13', '2020-04-14', '16:12:59', 'Cancelled', 24.2),
(9, 45, 170, 'Ever_36', '2023-02-16', '18:55:32', 'Pending', 18.46),
(10, 630, 135, 'Good_58', '2023-02-27', '17:46:59', 'Cancelled', 45.84),
(11, 349, 168, 'Could_94', '2023-08-13', '23:52:57', 'Delivered', 95.99),
(12, 246, 193, 'Instead_2', '2020-01-28', '21:49:26', 'Delivered', 41.32),
(13, 730, 39, 'Bed_47', '2022-10-23', '08:23:06', 'Cancelled', 60.14),
(14, 405, 88, 'Much_84', '2022-11-16', '14:04:04', 'Pending', 30.26),
(15, 339, 77, 'Throw_94', '2022-06-25', '19:17:18', 'Delivered', 9.95),
(16, 140, 81, 'Share_25', '2020-04-08', '02:32:49', 'Cancelled', 17.99),
(17, 448, 10, 'Whatever_100', '2022-10-19', '04:58:53', 'Pending', 36.84),
(18, 925, 131, 'However_52', '2023-06-24', '18:06:31', 'Delivered', 74.89),
(19, 568, 193, 'Other_99', '2022-07-01', '05:30:14', 'Pending', 59.71),
(20, 853, 8, 'Several_72', '2020-08-13', '13:10:12', 'Cancelled', 56.51),
(21, 75, 112, 'Space_99', '2023-07-21', '05:10:29', 'Cancelled', 40.8),
(22, 101, 63, 'Sure_75', '2020-10-21', '08:21:52', 'Delivered', 83.35),
(23, 95, 44, 'Always_66', '2023-03-27', '16:30:55', 'Delivered', 54.51),
(24, 711, 96, 'Affect_94', '2023-02-01', '00:34:54', 'Pending', 97.25),
(25, 863, 52, 'Land_41', '2021-10-25', '13:14:37', 'Cancelled', 42.2),
(26, 317, 167, 'Month_61', '2022-07-12', '12:44:30', 'Delivered', 88.66),
(27, 821, 42, 'Professional_11', '2023-10-28', '08:20:33', 'Pending', 29.56),
(28, 912, 41, 'Big_69', '2020-08-25', '08:32:56', 'Delivered', 70.86),
(29, 777, 95, 'Son_25', '2022-09-25', '03:36:10', 'Pending', 16.33),
(30, 505, 11, 'Hand_47', '2023-11-20', '18:09:52', 'Delivered', 27.54),
(31, 33, 37, 'Without_40', '2023-04-28', '00:38:24', 'Delivered', 85.13),
(32, 235, 8, 'Those_29', '2021-11-28', '23:26:35', 'Cancelled', 63.07),
(33, 295, 154, 'Data_47', '2021-09-19', '03:48:51', 'Pending', 5.71),
(34, 738, 195, 'Sound_100', '2022-06-12', '05:22:11', 'Delivered', 76.9),
(35, 89, 5, 'Process_59', '2021-10-04', '04:38:58', 'Pending', 71.44),
(36, 468, 49, 'Under_13', '2023-03-11', '16:23:08', 'Cancelled', 21.32),
(37, 242, 85, 'Business_59', '2022-08-22', '19:51:35', 'Pending', 29.59),
(38, 833, 94, 'Live_90', '2023-12-27', '00:29:09', 'Delivered', 89.08),
(39, 209, 177, 'Maybe_98', '2020-08-04', '21:52:29', 'Pending', 6.63),
(40, 186, 12, 'Media_59', '2023-12-29', '16:22:47', 'Cancelled', 65.2),
(41, 309, 140, 'Probably_31', '2022-03-15', '00:25:31', 'Delivered', 62.39),
(42, 185, 48, 'Only_34', '2022-11-14', '19:19:10', 'Cancelled', 63.88),
(43, 342, 111, 'More_43', '2021-03-28', '06:57:26', 'Delivered', 68.25),
(44, 836, 137, 'Customer_81', '2023-05-30', '09:06:17', 'Delivered', 79.66),
(45, 972, 18, 'Hold_91', '2022-06-14', '22:58:03', 'Delivered', 32.68),
(46, 788, 109, 'Majority_13', '2021-03-27', '21:25:29', 'Cancelled', 11.53),
(47, 941, 131, 'Science_36', '2023-07-27', '04:57:40', 'Pending', 99.81),
(48, 754, 100, 'Development_5', '2023-05-20', '01:07:09', 'Delivered', 76.34),
(49, 85, 39, 'Speech_97', '2020-07-16', '20:53:01', 'Delivered', 52.59),
(50, 376, 182, 'Present_87', '2022-03-20', '00:05:27', 'Delivered', 92.85),
(51, 758, 182, 'Sense_11', '2021-07-21', '17:50:52', 'Delivered', 45.11),
(52, 694, 26, 'Go_84', '2023-08-12', '11:20:00', 'Cancelled', 92.21),
(53, 117, 107, 'Visit_83', '2022-05-16', '18:27:59', 'Delivered', 94.18),
(54, 990, 181, 'Plant_20', '2022-11-22', '17:34:33', 'Pending', 85.78),
(55, 857, 19, 'Cultural_79', '2022-09-30', '12:15:34', 'Pending', 92.68),
(56, 726, 168, 'No_44', '2021-05-30', '00:12:21', 'Cancelled', 27.65),
(57, 505, 109, 'Gun_8', '2022-11-06', '04:32:58', 'Pending', 67.39),
(58, 468, 96, 'Under_68', '2021-01-05', '04:07:06', 'Delivered', 37.19),
(59, 753, 31, 'Particular_24', '2021-01-13', '22:03:51', 'Delivered', 95.77),
(60, 323, 177, 'Night_69', '2020-11-28', '07:18:59', 'Delivered', 27.47),
(61, 358, 36, 'Much_66', '2022-01-14', '11:08:08', 'Cancelled', 61.93),
(62, 160, 15, 'Me_35', '2021-06-24', '00:42:22', 'Cancelled', 51.4),
(63, 796, 147, 'By_58', '2022-08-30', '00:55:43', 'Cancelled', 17.05),
(64, 236, 184, 'Main_81', '2020-07-21', '06:07:40', 'Delivered', 39.81),
(65, 929, 106, 'Group_39', '2020-03-07', '09:00:13', 'Delivered', 93.93),
(66, 911, 136, 'Day_94', '2022-11-08', '13:41:26', 'Delivered', 58.16),
(67, 257, 30, 'Fine_78', '2022-09-13', '09:23:56', 'Cancelled', 25.32),
(68, 593, 198, 'Fill_41', '2020-07-16', '19:49:50', 'Delivered', 41.02),
(69, 493, 183, 'Billion_53', '2020-10-15', '18:14:32', 'Pending', 50.08),
(70, 157, 173, 'Left_65', '2020-01-04', '16:45:53', 'Cancelled', 26.61),
(71, 630, 129, 'Religious_3', '2020-11-20', '18:16:36', 'Cancelled', 54.4),
(72, 795, 27, 'Once_3', '2021-08-17', '16:52:38', 'Delivered', 83.98),
(73, 482, 138, 'Reflect_56', '2021-12-01', '12:50:29', 'Pending', 18.47),
(74, 649, 119, 'Represent_57', '2021-09-07', '07:56:22', 'Cancelled', 67.61),
(75, 552, 184, 'Among_1', '2021-12-31', '16:10:07', 'Delivered', 6.6),
(76, 688, 95, 'Drug_74', '2023-04-25', '09:45:20', 'Cancelled', 36.66),
(77, 960, 142, 'Suddenly_14', '2020-02-11', '14:47:56', 'Pending', 59.68),
(78, 201, 66, 'Plant_18', '2022-12-13', '02:13:47', 'Cancelled', 67.04),
(79, 407, 83, 'Color_99', '2021-09-24', '07:41:28', 'Pending', 57.34),
(80, 300, 153, 'Effect_100', '2021-09-03', '17:43:12', 'Pending', 48.05),
(81, 539, 53, 'Small_26', '2020-05-14', '19:21:06', 'Cancelled', 57.29),
(82, 82, 187, 'Teach_86', '2020-12-10', '01:53:28', 'Cancelled', 72.46),
(83, 723, 72, 'Town_42', '2022-01-25', '04:09:06', 'Delivered', 52.19),
(84, 137, 120, 'Issue_42', '2023-04-08', '00:31:30', 'Cancelled', 38.75),
(85, 956, 91, 'Woman_37', '2022-07-05', '07:42:55', 'Pending', 40.13),
(86, 123, 77, 'Thought_13', '2020-11-23', '09:25:19', 'Cancelled', 14.54),
(87, 122, 136, 'Recognize_60', '2022-09-11', '05:20:59', 'Delivered', 46.96),
(88, 24, 196, 'Possible_71', '2021-04-05', '05:59:12', 'Cancelled', 41.16),
(89, 452, 138, 'Forward_61', '2020-10-09', '20:05:14', 'Cancelled', 81.02),
(90, 437, 34, 'Few_39', '2023-08-19', '15:52:01', 'Cancelled', 47.92),
(91, 165, 60, 'Myself_20', '2023-01-26', '17:20:55', 'Pending', 80.51),
(92, 181, 42, 'Crime_80', '2020-10-02', '02:27:43', 'Delivered', 37.25),
(93, 22, 109, 'Benefit_3', '2022-03-27', '13:52:35', 'Pending', 83.09),
(94, 615, 131, 'Where_69', '2020-03-06', '16:48:28', 'Delivered', 57.69),
(95, 756, 143, 'Guy_45', '2021-07-24', '17:42:20', 'Pending', 22.98),
(96, 239, 56, 'Hot_82', '2020-03-29', '13:57:09', 'Delivered', 79.37),
(97, 957, 101, 'Carry_15', '2021-11-08', '19:00:40', 'Cancelled', 95.24),
(98, 735, 182, 'Consumer_72', '2021-08-03', '18:03:27', 'Pending', 90.04),
(99, 208, 11, 'Large_91', '2020-04-18', '01:10:56', 'Pending', 12.28),
(100, 556, 49, 'But_56', '2020-04-19', '15:34:51', 'Cancelled', 58.74),
(101, 808, 161, 'Figure_22', '2020-08-24', '05:02:14', 'Cancelled', 69.91),
(102, 370, 164, 'Pressure_26', '2021-10-30', '07:35:04', 'Cancelled', 77.55),
(103, 233, 154, 'Thought_1', '2020-02-28', '03:55:08', 'Pending', 89.59),
(104, 496, 67, 'Cultural_13', '2022-02-11', '23:00:45', 'Pending', 20.23),
(105, 866, 149, 'Program_57', '2020-01-14', '01:18:11', 'Pending', 42.73),
(106, 538, 175, 'Capital_52', '2022-10-09', '09:02:20', 'Cancelled', 90.78),
(107, 829, 37, 'Wrong_77', '2021-06-23', '14:10:20', 'Delivered', 84.09),
(108, 216, 102, 'Positive_53', '2022-03-06', '19:26:58', 'Delivered', 13.98),
(109, 836, 80, 'Learn_86', '2022-03-20', '19:08:22', 'Pending', 34.19),
(110, 824, 110, 'Away_83', '2022-05-05', '11:01:00', 'Delivered', 8.95),
(111, 773, 105, 'Bad_28', '2023-11-17', '09:18:10', 'Pending', 67.96),
(112, 125, 128, 'Level_36', '2023-01-07', '22:28:18', 'Cancelled', 66.95),
(113, 151, 170, 'Real_17', '2023-07-10', '01:49:35', 'Cancelled', 8.73),
(114, 56, 200, 'Pay_22', '2021-04-27', '18:52:55', 'Pending', 15.94),
(115, 358, 146, 'Simple_76', '2021-10-16', '22:19:06', 'Cancelled', 13.26),
(116, 871, 135, 'Generation_62', '2021-02-13', '15:37:54', 'Cancelled', 11.0),
(117, 946, 59, 'Mean_10', '2020-12-01', '11:07:06', 'Pending', 77.39),
(118, 474, 30, 'Up_35', '2023-08-23', '21:32:50', 'Delivered', 41.2),
(119, 144, 173, 'Position_67', '2023-11-21', '09:43:35', 'Delivered', 50.4),
(120, 66, 1, 'Piece_92', '2020-04-14', '12:51:13', 'Cancelled', 47.79),
(121, 563, 49, 'Those_17', '2020-08-08', '22:44:53', 'Cancelled', 49.45),
(122, 507, 169, 'Half_95', '2020-09-04', '04:24:34', 'Pending', 93.5),
(123, 537, 105, 'Even_59', '2021-01-04', '12:12:08', 'Cancelled', 73.29),
(124, 909, 177, 'Big_3', '2021-09-01', '07:17:26', 'Delivered', 25.38),
(125, 987, 36, 'Look_18', '2021-02-16', '05:39:14', 'Delivered', 68.09),
(126, 615, 18, 'Child_99', '2021-07-09', '09:30:02', 'Delivered', 59.75),
(127, 900, 168, 'List_30', '2022-11-16', '23:22:44', 'Cancelled', 30.79),
(128, 484, 78, 'Gas_20', '2023-06-23', '11:27:48', 'Pending', 5.92),
(129, 628, 154, 'Policy_58', '2022-07-07', '16:46:27', 'Cancelled', 75.42),
(130, 667, 117, 'Gun_87', '2021-06-13', '21:16:31', 'Pending', 10.53),
(131, 527, 78, 'Dark_33', '2023-10-25', '09:15:29', 'Delivered', 87.51),
(132, 259, 173, 'Billion_97', '2022-11-29', '21:46:20', 'Delivered', 39.4),
(133, 522, 2, 'Speak_29', '2020-10-26', '12:40:00', 'Pending', 95.5),
(134, 182, 30, 'Message_95', '2022-04-29', '05:51:12', 'Pending', 85.41),
(135, 437, 152, 'Report_36', '2020-04-23', '04:37:54', 'Pending', 80.25),
(136, 874, 44, 'Use_49', '2023-06-13', '18:00:22', 'Cancelled', 38.33),
(137, 105, 145, 'Base_68', '2021-03-05', '20:24:55', 'Pending', 51.32),
(138, 353, 26, 'Author_19', '2022-03-17', '15:28:06', 'Pending', 15.78),
(139, 715, 66, 'Move_62', '2021-05-18', '13:45:18', 'Pending', 68.67),
(140, 848, 186, 'Toward_13', '2021-11-04', '09:20:05', 'Cancelled', 51.61),
(141, 566, 2, 'Various_90', '2020-01-10', '01:28:11', 'Delivered', 61.98),
(142, 512, 190, 'School_60', '2020-08-28', '16:10:40', 'Pending', 56.08),
(143, 342, 10, 'Individual_98', '2020-04-01', '04:16:13', 'Cancelled', 23.98),
(144, 93, 96, 'Which_64', '2022-06-20', '03:15:37', 'Delivered', 88.05),
(145, 359, 54, 'Prove_35', '2021-02-05', '16:29:09', 'Pending', 35.73),
(146, 596, 137, 'Cultural_24', '2023-07-20', '09:37:02', 'Cancelled', 14.7),
(147, 537, 114, 'Soldier_67', '2022-12-09', '13:21:59', 'Pending', 95.3),
(148, 374, 108, 'Top_44', '2023-09-13', '18:46:18', 'Pending', 86.03),
(149, 611, 177, 'Get_74', '2020-10-23', '15:56:11', 'Cancelled', 15.13),
(150, 913, 10, 'Go_36', '2021-12-27', '03:53:13', 'Cancelled', 20.23),
(151, 684, 145, 'Current_81', '2022-04-19', '17:20:51', 'Pending', 67.92),
(152, 861, 111, 'Just_81', '2023-10-15', '16:35:40', 'Cancelled', 17.14),
(153, 864, 169, 'Follow_66', '2022-03-26', '19:58:04', 'Delivered', 90.53),
(154, 446, 172, 'Finish_8', '2020-01-21', '20:47:18', 'Delivered', 35.93),
(155, 285, 163, 'Choice_81', '2022-01-31', '12:03:41', 'Cancelled', 80.11),
(156, 250, 126, 'Two_40', '2020-05-10', '10:48:02', 'Delivered', 6.02),
(157, 823, 185, 'Represent_56', '2021-09-23', '06:25:35', 'Cancelled', 80.89),
(158, 560, 109, 'Task_37', '2021-10-22', '00:16:28', 'Delivered', 70.12),
(159, 337, 95, 'Treat_81', '2020-05-22', '22:30:11', 'Cancelled', 36.12),
(160, 566, 52, 'Interview_49', '2022-02-22', '11:17:43', 'Pending', 83.86),
(161, 909, 25, 'Edge_4', '2020-01-25', '03:46:02', 'Cancelled', 39.64),
(162, 591, 143, 'Ask_8', '2023-08-24', '11:15:28', 'Delivered', 62.57),
(163, 640, 120, 'Remember_20', '2022-04-29', '13:41:45', 'Cancelled', 62.16),
(164, 609, 149, 'Standard_66', '2021-10-05', '14:46:11', 'Delivered', 23.47),
(165, 318, 33, 'Window_21', '2023-06-11', '10:47:00', 'Delivered', 36.99),
(166, 27, 99, 'Society_99', '2023-10-20', '10:20:08', 'Pending', 10.36),
(167, 245, 38, 'Business_24', '2020-07-28', '19:14:20', 'Pending', 16.7),
(168, 850, 134, 'I_2', '2022-05-07', '12:36:56', 'Delivered', 31.03),
(169, 631, 34, 'North_28', '2020-02-10', '05:53:54', 'Delivered', 9.68),
(170, 923, 138, 'A_2', '2023-07-20', '16:33:03', 'Pending', 58.11),
(171, 172, 36, 'Management_76', '2020-09-15', '09:06:31', 'Cancelled', 7.49),
(172, 743, 58, 'Party_95', '2022-05-16', '15:04:17', 'Pending', 52.98),
(173, 642, 9, 'Save_80', '2021-05-08', '23:09:37', 'Delivered', 50.73),
(174, 82, 58, 'List_27', '2020-03-10', '02:41:00', 'Delivered', 71.92),
(175, 511, 30, 'Rest_62', '2021-02-23', '14:21:19', 'Cancelled', 15.27),
(176, 387, 77, 'Report_84', '2022-06-19', '21:05:35', 'Pending', 10.11),
(177, 571, 75, 'Prevent_5', '2022-05-04', '22:25:56', 'Delivered', 24.93),
(178, 587, 105, 'Accept_76', '2022-06-02', '16:41:24', 'Delivered', 81.32),
(179, 280, 37, 'Minute_72', '2021-04-25', '21:31:52', 'Pending', 39.03),
(180, 230, 66, 'Successful_6', '2020-03-09', '11:19:56', 'Cancelled', 24.57),
(181, 936, 133, 'Out_6', '2022-12-29', '17:25:53', 'Cancelled', 20.23),
(182, 43, 103, 'Very_43', '2022-10-08', '00:55:34', 'Delivered', 66.72),
(183, 17, 34, 'Walk_42', '2022-09-25', '16:03:29', 'Delivered', 93.41),
(184, 261, 52, 'Mention_78', '2022-11-01', '22:45:19', 'Pending', 35.18),
(185, 863, 101, 'Specific_96', '2021-11-14', '09:29:33', 'Pending', 38.88),
(186, 341, 49, 'Relationship_81', '2021-08-10', '14:13:28', 'Cancelled', 27.82),
(187, 492, 30, 'Modern_44', '2022-02-04', '08:14:54', 'Delivered', 37.02),
(188, 585, 169, 'Administration_59', '2022-01-20', '11:48:13', 'Delivered', 62.7),
(189, 131, 164, 'Career_10', '2022-01-25', '21:22:25', 'Cancelled', 41.3),
(190, 771, 16, 'Quite_68', '2021-12-16', '22:55:13', 'Cancelled', 52.35),
(191, 752, 92, 'Various_74', '2023-08-14', '18:31:36', 'Cancelled', 74.1),
(192, 888, 148, 'Program_35', '2022-11-16', '21:50:20', 'Cancelled', 44.36),
(193, 826, 169, 'Whom_67', '2022-05-06', '20:41:29', 'Pending', 78.87),
(194, 691, 58, 'Guess_62', '2023-04-04', '03:51:40', 'Pending', 22.59),
(195, 888, 77, 'Enter_26', '2020-07-24', '18:20:58', 'Cancelled', 79.87),
(196, 780, 135, 'Yes_47', '2020-06-20', '02:37:04', 'Cancelled', 67.25),
(197, 632, 131, 'Generation_99', '2021-12-15', '12:07:21', 'Pending', 99.08),
(198, 728, 175, 'Here_61', '2021-05-15', '15:26:31', 'Cancelled', 96.44),
(199, 928, 152, 'Identify_64', '2023-03-27', '12:38:06', 'Delivered', 59.61),
(200, 453, 17, 'Event_20', '2020-12-11', '22:37:23', 'Delivered', 50.18),
(201, 419, 157, 'Occur_86', '2021-08-02', '16:36:58', 'Cancelled', 59.97),
(202, 487, 82, 'Hundred_97', '2020-03-08', '19:01:31', 'Pending', 92.81),
(203, 60, 22, 'Available_22', '2021-04-18', '13:03:22', 'Pending', 87.28),
(204, 186, 118, 'Woman_2', '2021-08-12', '05:34:52', 'Delivered', 48.19),
(205, 685, 186, 'House_85', '2022-07-20', '07:30:33', 'Delivered', 25.91),
(206, 10, 76, 'This_62', '2020-06-03', '00:59:15', 'Pending', 17.28),
(207, 844, 148, 'Letter_6', '2022-08-15', '11:31:38', 'Pending', 74.68),
(208, 704, 147, 'Total_47', '2022-05-10', '20:33:36', 'Delivered', 9.61),
(209, 21, 39, 'When_90', '2021-10-01', '13:20:32', 'Pending', 82.48),
(210, 81, 12, 'Rest_60', '2022-12-26', '17:52:46', 'Cancelled', 41.96),
(211, 387, 92, 'Across_73', '2023-05-24', '04:31:34', 'Pending', 90.18),
(212, 85, 159, 'Technology_14', '2020-07-23', '07:00:33', 'Delivered', 98.66),
(213, 943, 149, 'Data_42', '2021-05-06', '17:29:48', 'Delivered', 57.13),
(214, 892, 187, 'Run_31', '2022-03-29', '04:29:14', 'Delivered', 92.41),
(215, 808, 96, 'Air_9', '2023-03-25', '17:45:07', 'Delivered', 8.12),
(216, 479, 151, 'Summer_82', '2020-12-12', '08:04:48', 'Pending', 48.91),
(217, 620, 100, 'Model_28', '2023-02-19', '13:51:48', 'Cancelled', 75.7),
(218, 581, 108, 'Scientist_57', '2021-06-07', '20:47:41', 'Delivered', 40.63),
(219, 788, 6, 'Property_21', '2022-11-29', '07:03:14', 'Delivered', 29.45),
(220, 22, 181, 'Customer_95', '2022-07-25', '12:14:59', 'Cancelled', 19.73),
(221, 458, 79, 'Theory_36', '2021-02-05', '03:55:19', 'Delivered', 5.74),
(222, 298, 94, 'Peace_44', '2020-01-18', '04:33:34', 'Delivered', 45.82),
(223, 677, 13, 'Common_91', '2022-02-28', '09:46:54', 'Delivered', 52.64),
(224, 177, 148, 'Beautiful_44', '2023-10-20', '16:54:16', 'Pending', 16.26),
(225, 228, 60, 'List_94', '2021-06-22', '05:32:36', 'Pending', 24.61),
(226, 937, 101, 'Low_10', '2021-03-23', '11:22:59', 'Pending', 74.62),
(227, 462, 61, 'Heart_39', '2023-03-21', '11:26:58', 'Cancelled', 38.92),
(228, 854, 35, 'Nation_62', '2023-11-25', '00:52:14', 'Delivered', 81.82),
(229, 490, 128, 'They_98', '2020-02-16', '19:41:48', 'Cancelled', 58.34),
(230, 594, 142, 'Send_96', '2022-10-24', '04:36:57', 'Delivered', 61.33),
(231, 238, 121, 'Fish_2', '2023-09-02', '19:14:52', 'Pending', 51.66),
(232, 128, 25, 'Cost_19', '2020-10-05', '10:04:35', 'Delivered', 57.26),
(233, 18, 164, 'Remember_28', '2023-11-25', '05:42:12', 'Cancelled', 57.13),
(234, 361, 26, 'Nothing_82', '2020-06-19', '03:24:26', 'Cancelled', 61.66),
(235, 228, 57, 'Site_89', '2022-11-21', '12:16:36', 'Pending', 28.37),
(236, 740, 156, 'Nearly_3', '2022-06-06', '09:43:39', 'Delivered', 11.39),
(237, 829, 100, 'Happy_31', '2023-03-04', '21:55:59', 'Pending', 27.47),
(238, 717, 191, 'Concern_47', '2021-07-04', '06:42:11', 'Pending', 71.72),
(239, 902, 78, 'Design_41', '2021-12-19', '11:36:05', 'Cancelled', 74.55),
(240, 568, 139, 'Finish_65', '2022-11-05', '03:23:03', 'Cancelled', 57.37),
(241, 331, 75, 'Citizen_16', '2020-04-01', '08:39:39', 'Cancelled', 16.11),
(242, 756, 104, 'Include_24', '2021-07-24', '07:32:09', 'Cancelled', 52.15),
(243, 481, 68, 'Drop_72', '2023-01-09', '20:59:48', 'Pending', 36.88),
(244, 9, 76, 'Water_98', '2021-04-27', '22:59:15', 'Delivered', 50.89),
(245, 775, 36, 'Return_69', '2022-03-02', '20:39:52', 'Cancelled', 74.97),
(246, 46, 86, 'Mrs_11', '2020-01-08', '14:06:33', 'Delivered', 93.99),
(247, 38, 42, 'Minute_19', '2022-10-27', '01:30:35', 'Delivered', 26.24),
(248, 496, 189, 'Whose_86', '2022-08-23', '14:03:39', 'Delivered', 90.46),
(249, 89, 190, 'Process_25', '2020-09-16', '17:04:55', 'Cancelled', 39.15),
(250, 589, 86, 'Look_3', '2022-02-13', '05:30:06', 'Cancelled', 35.37),
(251, 354, 77, 'Call_5', '2023-04-12', '08:22:03', 'Delivered', 94.44),
(252, 302, 64, 'Set_52', '2020-04-03', '10:38:04', 'Cancelled', 33.82),
(253, 303, 147, 'Middle_2', '2022-06-01', '17:33:12', 'Delivered', 42.35),
(254, 581, 105, 'Specific_37', '2021-01-22', '09:34:26', 'Pending', 84.65),
(255, 320, 43, 'Certain_54', '2022-01-03', '11:46:12', 'Pending', 5.99),
(256, 978, 130, 'Should_44', '2023-09-25', '12:07:15', 'Cancelled', 78.78),
(257, 324, 24, 'Contain_23', '2021-04-23', '13:16:22', 'Delivered', 81.09),
(258, 993, 145, 'Against_59', '2022-04-23', '22:49:06', 'Pending', 94.23),
(259, 248, 109, 'Everybody_4', '2022-09-17', '09:30:12', 'Cancelled', 56.69),
(260, 735, 140, 'Movement_95', '2023-07-05', '14:38:14', 'Cancelled', 85.82),
(261, 241, 17, 'We_11', '2021-07-16', '12:38:21', 'Pending', 79.78),
(262, 366, 92, 'Important_21', '2022-07-03', '12:54:41', 'Delivered', 28.98),
(263, 816, 128, 'Pretty_15', '2023-05-15', '04:13:46', 'Delivered', 8.89),
(264, 596, 31, 'Point_54', '2020-09-22', '22:53:34', 'Delivered', 20.24),
(265, 130, 192, 'Face_76', '2020-04-15', '23:46:38', 'Cancelled', 74.2),
(266, 1, 57, 'Win_68', '2020-02-11', '07:00:20', 'Delivered', 90.33),
(267, 122, 86, 'Concern_84', '2021-09-11', '19:04:46', 'Delivered', 51.97),
(268, 391, 112, 'Many_40', '2023-12-31', '06:51:53', 'Cancelled', 91.77),
(269, 916, 103, 'Manage_16', '2020-04-17', '13:15:58', 'Cancelled', 57.84),
(270, 519, 60, 'Behind_57', '2020-12-16', '13:19:51', 'Cancelled', 59.27),
(271, 524, 76, 'Woman_14', '2021-12-19', '02:32:48', 'Pending', 54.35),
(272, 298, 89, 'Face_92', '2020-02-22', '09:36:05', 'Delivered', 84.58),
(273, 464, 3, 'Participant_23', '2020-08-24', '23:13:24', 'Pending', 69.49),
(274, 346, 123, 'Government_18', '2023-07-15', '20:18:44', 'Pending', 8.19),
(275, 41, 75, 'Food_67', '2022-08-27', '23:23:36', 'Delivered', 15.84),
(276, 362, 91, 'Growth_28', '2021-11-24', '01:24:59', 'Delivered', 53.18),
(277, 588, 86, 'Vote_33', '2020-08-20', '01:57:56', 'Delivered', 44.76),
(278, 585, 73, 'Challenge_65', '2021-02-23', '10:39:40', 'Cancelled', 44.57),
(279, 158, 192, 'Wrong_7', '2021-06-13', '18:47:48', 'Cancelled', 18.09),
(280, 64, 149, 'Popular_64', '2023-02-05', '13:00:48', 'Cancelled', 20.75),
(281, 871, 127, 'Evening_45', '2023-12-25', '06:29:33', 'Delivered', 74.91),
(282, 667, 76, 'NULL_99', '2022-12-14', '04:01:16', 'Cancelled', 67.79),
(283, 12, 71, 'Who_24', '2020-02-19', '19:33:23', 'Cancelled', 70.31),
(284, 356, 55, 'Second_82', '2020-01-21', '17:08:07', 'Pending', 29.39),
(285, 873, 44, 'Start_9', '2022-07-29', '05:08:04', 'Cancelled', 83.15),
(286, 170, 63, 'Physical_14', '2020-04-09', '09:38:13', 'Pending', 23.24),
(287, 27, 122, 'Gun_23', '2022-12-23', '10:25:05', 'Cancelled', 19.17),
(288, 282, 157, 'Employee_19', '2020-09-08', '09:58:11', 'Delivered', 16.85),
(289, 771, 86, 'Around_65', '2021-04-05', '09:52:30', 'Cancelled', 7.41),
(290, 222, 47, 'Forward_36', '2020-10-05', '00:33:34', 'Delivered', 11.44),
(291, 193, 99, 'Teacher_90', '2023-12-31', '02:09:18', 'Pending', 19.79),
(292, 501, 28, 'Or_23', '2020-02-20', '11:45:29', 'Cancelled', 28.78),
(293, 982, 62, 'Enjoy_4', '2020-09-09', '09:21:32', 'Cancelled', 21.27),
(294, 67, 90, 'Firm_41', '2021-10-09', '17:45:09', 'Cancelled', 76.92),
(295, 860, 46, 'Well_86', '2023-07-24', '07:51:05', 'Pending', 38.66),
(296, 735, 6, 'Inside_23', '2022-07-24', '23:49:07', 'Delivered', 7.1),
(297, 835, 13, 'Business_91', '2020-01-24', '02:42:09', 'Pending', 50.39),
(298, 103, 102, 'Sort_99', '2021-11-29', '21:35:05', 'Delivered', 28.17),
(299, 791, 194, 'Own_38', '2021-01-09', '05:48:11', 'Cancelled', 52.26),
(300, 697, 152, 'Something_95', '2022-05-23', '01:50:07', 'Cancelled', 97.69),
(301, 582, 92, 'Exactly_7', '2022-11-30', '13:05:30', 'Cancelled', 41.44),
(302, 849, 13, 'Suggest_98', '2022-07-09', '21:55:50', 'Delivered', 88.49),
(303, 846, 121, 'Evening_89', '2020-07-27', '11:42:21', 'Delivered', 11.86),
(304, 980, 6, 'Road_65', '2021-11-01', '08:57:47', 'Cancelled', 53.61),
(305, 633, 81, 'Spend_74', '2022-07-12', '01:37:14', 'Cancelled', 52.7),
(306, 2, 87, 'Market_13', '2021-02-07', '14:22:07', 'Cancelled', 34.31),
(307, 216, 7, 'Realize_64', '2023-08-05', '03:58:27', 'Delivered', 37.13),
(308, 167, 145, 'Executive_59', '2021-11-15', '01:41:29', 'Cancelled', 72.45),
(309, 484, 180, 'Stand_86', '2021-11-30', '19:04:50', 'Cancelled', 14.15),
(310, 208, 39, 'Media_31', '2022-04-08', '06:10:00', 'Delivered', 62.78),
(311, 833, 193, 'Hold_16', '2023-11-20', '23:17:10', 'Delivered', 99.3),
(312, 154, 147, 'Woman_99', '2022-04-24', '09:20:08', 'Delivered', 90.39),
(313, 343, 164, 'Operation_62', '2023-02-27', '23:50:58', 'Pending', 23.16),
(314, 519, 125, 'Decide_55', '2023-09-03', '19:48:21', 'Cancelled', 5.68),
(315, 88, 168, 'Actually_38', '2021-04-10', '01:30:59', 'Delivered', 28.55),
(316, 239, 29, 'Less_85', '2020-10-10', '06:18:38', 'Cancelled', 98.4),
(317, 705, 31, 'Over_48', '2022-12-10', '19:13:39', 'Cancelled', 71.83),
(318, 174, 75, 'Situation_60', '2022-04-19', '08:27:44', 'Pending', 80.43),
(319, 370, 173, 'Ever_69', '2023-04-13', '11:20:56', 'Pending', 56.2),
(320, 463, 147, 'Entire_84', '2023-09-25', '05:08:21', 'Pending', 21.98),
(321, 781, 91, 'NULL_30', '2022-07-24', '04:19:50', 'Cancelled', 70.77),
(322, 867, 21, 'Sign_60', '2020-10-26', '17:48:30', 'Pending', 44.14),
(323, 295, 6, 'Likely_90', '2020-11-18', '02:33:02', 'Pending', 34.77),
(324, 463, 168, 'It_62', '2023-01-04', '17:46:42', 'Pending', 80.39),
(325, 952, 50, 'Why_5', '2021-03-01', '09:12:04', 'Pending', 46.27),
(326, 488, 113, 'Affect_76', '2021-02-24', '12:56:59', 'Pending', 99.85),
(327, 466, 125, 'Mean_23', '2022-11-18', '08:15:14', 'Delivered', 84.6),
(328, 594, 199, 'Capital_95', '2022-08-06', '15:44:00', 'Delivered', 77.61),
(329, 557, 36, 'Cell_73', '2020-06-09', '13:13:43', 'Cancelled', 34.64),
(330, 444, 186, 'Fast_11', '2022-02-08', '02:48:08', 'Cancelled', 44.68),
(331, 809, 110, 'Hold_38', '2020-01-22', '04:40:24', 'Delivered', 61.68),
(332, 210, 188, 'Up_86', '2020-02-15', '07:45:18', 'Cancelled', 6.61),
(333, 120, 178, 'Tend_10', '2022-05-22', '16:29:34', 'Delivered', 25.47),
(334, 107, 16, 'Key_7', '2023-04-06', '10:06:30', 'Pending', 19.62),
(335, 930, 91, 'Head_70', '2020-08-25', '11:34:52', 'Cancelled', 39.3),
(336, 101, 44, 'Policy_31', '2022-05-31', '06:47:08', 'Pending', 38.63),
(337, 3, 48, 'Center_8', '2023-10-26', '13:34:38', 'Pending', 31.86),
(338, 80, 101, 'Card_65', '2023-04-02', '05:42:57', 'Cancelled', 43.76),
(339, 95, 180, 'Very_28', '2022-11-06', '12:15:26', 'Delivered', 92.16),
(340, 566, 63, 'Career_66', '2023-01-14', '14:15:49', 'Delivered', 40.86),
(341, 860, 4, 'Debate_36', '2023-05-16', '02:21:48', 'Pending', 66.24),
(342, 3, 57, 'Lose_20', '2021-02-22', '18:42:53', 'Cancelled', 54.81),
(343, 717, 32, 'Window_5', '2021-02-17', '11:46:42', 'Pending', 25.57),
(344, 952, 25, 'Buy_53', '2022-08-23', '19:59:23', 'Pending', 13.84),
(345, 306, 154, 'Establish_45', '2021-12-16', '14:58:12', 'Cancelled', 99.67),
(346, 428, 187, 'Likely_9', '2020-11-08', '09:13:13', 'Delivered', 10.15),
(347, 761, 8, 'Shake_78', '2023-08-23', '07:22:58', 'Pending', 55.35),
(348, 905, 69, 'Indeed_43', '2021-05-30', '15:56:33', 'Pending', 63.19),
(349, 389, 30, 'Like_58', '2020-03-31', '03:25:10', 'Pending', 36.12),
(350, 126, 21, 'Picture_68', '2020-11-05', '12:10:15', 'Pending', 33.0),
(351, 923, 85, 'Look_6', '2021-09-12', '15:45:12', 'Cancelled', 68.13),
(352, 509, 124, 'Watch_11', '2022-09-11', '14:33:33', 'Delivered', 93.75),
(353, 699, 84, 'General_30', '2020-09-12', '07:10:27', 'Delivered', 53.02),
(354, 454, 200, 'Would_86', '2021-04-30', '12:41:52', 'Pending', 84.84),
(355, 11, 7, 'East_61', '2022-04-04', '17:47:47', 'Cancelled', 69.2),
(356, 126, 85, 'Appear_3', '2022-11-04', '16:10:10', 'Delivered', 77.74),
(357, 834, 66, 'Fast_62', '2023-02-05', '11:11:04', 'Pending', 82.85),
(358, 505, 145, 'Eat_2', '2021-03-20', '06:40:00', 'Cancelled', 76.32),
(359, 554, 82, 'Per_61', '2021-04-12', '14:39:31', 'Cancelled', 14.17),
(360, 157, 60, 'These_34', '2022-11-05', '01:59:56', 'Pending', 33.89),
(361, 951, 52, 'Measure_78', '2023-06-05', '12:19:19', 'Cancelled', 21.93),
(362, 598, 189, 'Cause_81', '2020-05-12', '02:32:14', 'Delivered', 26.94),
(363, 653, 71, 'Drop_54', '2022-02-28', '18:40:03', 'Delivered', 44.27),
(364, 475, 131, 'Of_3', '2020-11-27', '20:54:49', 'Pending', 43.68),
(365, 457, 92, 'Truth_23', '2021-04-24', '22:32:57', 'Pending', 31.3),
(366, 977, 47, 'Black_80', '2022-02-17', '15:12:42', 'Delivered', 66.9),
(367, 920, 135, 'Difference_79', '2020-05-15', '22:30:59', 'Pending', 58.96),
(368, 811, 5, 'Inside_62', '2020-07-07', '15:23:31', 'Cancelled', 60.02),
(369, 71, 169, 'Attention_87', '2021-10-07', '13:31:14', 'Cancelled', 9.77),
(370, 152, 105, 'Stage_91', '2023-03-17', '13:42:22', 'Pending', 42.51),
(371, 883, 20, 'Drop_35', '2022-04-12', '07:18:52', 'Pending', 30.01),
(372, 129, 148, 'Rock_87', '2022-04-30', '18:33:46', 'Cancelled', 75.82),
(373, 230, 58, 'Mrs_80', '2020-09-27', '19:23:08', 'Pending', 76.43),
(374, 983, 43, 'Movie_82', '2022-03-16', '05:50:01', 'Cancelled', 83.5),
(375, 122, 156, 'Write_23', '2023-09-26', '15:06:38', 'Cancelled', 31.6),
(376, 903, 55, 'Detail_81', '2020-11-25', '03:28:41', 'Cancelled', 86.11),
(377, 571, 18, 'Statement_18', '2021-11-11', '16:25:36', 'Cancelled', 79.91),
(378, 803, 87, 'Authority_4', '2022-04-15', '02:23:39', 'Cancelled', 36.64),
(379, 254, 69, 'Case_84', '2023-02-17', '10:13:58', 'Delivered', 37.72),
(380, 452, 76, 'Develop_73', '2023-11-20', '05:18:59', 'Delivered', 63.43),
(381, 300, 26, 'Position_45', '2023-06-13', '08:13:26', 'Delivered', 83.5),
(382, 946, 60, 'Single_30', '2022-07-23', '13:52:13', 'Cancelled', 39.17),
(383, 752, 112, 'Program_48', '2023-09-04', '17:25:31', 'Cancelled', 62.57),
(384, 524, 102, 'To_37', '2022-04-27', '12:47:19', 'Delivered', 17.43),
(385, 451, 154, 'On_66', '2021-08-04', '05:38:22', 'Cancelled', 87.99),
(386, 115, 169, 'Heavy_36', '2021-01-27', '03:42:18', 'Cancelled', 86.6),
(387, 289, 22, 'A_34', '2022-06-15', '21:11:49', 'Cancelled', 14.53),
(388, 78, 160, 'Popular_96', '2022-01-20', '19:23:49', 'Delivered', 99.97),
(389, 77, 15, 'Break_31', '2023-02-11', '11:50:46', 'Delivered', 39.79),
(390, 496, 133, 'These_80', '2022-02-25', '08:15:39', 'Cancelled', 31.4),
(391, 533, 170, 'Include_17', '2022-04-24', '19:44:17', 'Cancelled', 32.45),
(392, 31, 77, 'Bank_53', '2020-03-27', '00:46:03', 'Delivered', 99.79),
(393, 74, 7, 'Project_35', '2021-05-20', '00:47:03', 'Delivered', 8.52),
(394, 660, 167, 'Executive_17', '2021-11-24', '15:39:09', 'Pending', 46.12),
(395, 965, 155, 'Network_57', '2021-02-28', '03:09:18', 'Pending', 18.48),
(396, 788, 199, 'Appear_100', '2023-01-03', '04:54:30', 'Pending', 50.45),
(397, 90, 123, 'Focus_62', '2020-09-06', '07:45:04', 'Delivered', 14.29),
(398, 567, 129, 'Different_8', '2023-03-12', '17:14:42', 'Delivered', 35.51),
(399, 132, 21, 'Order_83', '2022-06-18', '14:55:10', 'Delivered', 96.57),
(400, 850, 34, 'The_32', '2021-02-14', '11:03:40', 'Cancelled', 20.21),
(401, 632, 42, 'Its_93', '2022-07-17', '23:52:49', 'Cancelled', 67.61),
(402, 318, 192, 'Expert_79', '2021-11-27', '16:36:43', 'Delivered', 24.26),
(403, 812, 112, 'Six_46', '2023-05-02', '19:17:29', 'Delivered', 61.7),
(404, 33, 122, 'Either_55', '2021-04-15', '16:11:50', 'Delivered', 94.16),
(405, 367, 80, 'Value_68', '2023-03-21', '05:57:01', 'Cancelled', 12.48),
(406, 173, 9, 'Receive_3', '2023-03-17', '17:15:43', 'Cancelled', 66.96),
(407, 702, 84, 'Majority_77', '2022-06-21', '12:22:45', 'Cancelled', 6.42),
(408, 797, 191, 'Strong_1', '2022-06-28', '15:18:48', 'Pending', 84.28),
(409, 657, 189, 'By_26', '2022-07-17', '23:04:33', 'Delivered', 85.61),
(410, 278, 20, 'Personal_25', '2021-04-22', '13:20:52', 'Delivered', 16.48),
(411, 618, 180, 'Voice_12', '2020-06-21', '01:33:30', 'Cancelled', 90.29),
(412, 417, 32, 'Environmental_1', '2022-01-21', '23:05:55', 'Cancelled', 48.96),
(413, 431, 174, 'Poor_18', '2023-06-14', '17:48:19', 'Pending', 86.11),
(414, 51, 50, 'Enter_29', '2020-02-01', '17:03:23', 'Pending', 35.03),
(415, 321, 32, 'Two_40', '2022-05-07', '09:06:03', 'Cancelled', 39.99),
(416, 22, 54, 'Would_75', '2023-04-10', '06:16:58', 'Cancelled', 69.29),
(417, 858, 60, 'Military_93', '2021-04-23', '04:14:51', 'Cancelled', 49.59),
(418, 589, 19, 'Very_9', '2023-06-19', '19:26:23', 'Pending', 83.06),
(419, 484, 167, 'Across_50', '2020-01-22', '13:27:05', 'Pending', 16.76),
(420, 68, 143, 'Each_1', '2023-08-21', '22:27:29', 'Cancelled', 60.33),
(421, 611, 36, 'Story_7', '2021-06-24', '19:46:39', 'Delivered', 95.75),
(422, 841, 16, 'Phone_59', '2020-09-11', '11:46:50', 'Delivered', 63.09),
(423, 836, 134, 'Take_80', '2022-02-18', '16:23:26', 'Delivered', 66.32),
(424, 853, 124, 'Safe_59', '2023-07-31', '13:25:11', 'Delivered', 39.88),
(425, 807, 86, 'Clear_80', '2021-09-15', '00:26:10', 'Pending', 18.26),
(426, 557, 74, 'Describe_28', '2023-12-16', '22:56:25', 'Cancelled', 96.58),
(427, 647, 24, 'Cold_11', '2023-10-09', '20:23:52', 'Pending', 19.85),
(428, 724, 138, 'Camera_87', '2022-10-31', '02:53:16', 'Cancelled', 51.69),
(429, 108, 41, 'According_36', '2020-03-09', '07:22:52', 'Pending', 37.06),
(430, 645, 104, 'My_25', '2020-01-14', '23:21:32', 'Delivered', 51.75),
(431, 593, 140, 'Lead_20', '2020-09-18', '17:11:37', 'Cancelled', 45.33),
(432, 363, 165, 'Trade_56', '2021-12-31', '04:55:17', 'Cancelled', 90.18),
(433, 898, 45, 'Challenge_29', '2020-11-10', '15:03:07', 'Delivered', 35.51),
(434, 719, 58, 'Indicate_21', '2022-09-08', '04:40:17', 'Pending', 97.65),
(435, 736, 91, 'Health_5', '2020-01-12', '15:30:21', 'Cancelled', 95.44),
(436, 919, 53, 'Decade_43', '2022-07-05', '17:39:13', 'Pending', 19.49),
(437, 64, 4, 'Order_51', '2023-04-30', '10:52:34', 'Delivered', 10.33),
(438, 521, 4, 'Food_55', '2021-04-20', '11:30:38', 'Cancelled', 43.87),
(439, 832, 111, 'Explain_4', '2022-06-15', '04:41:39', 'Delivered', 56.97),
(440, 585, 190, 'Increase_59', '2021-02-16', '08:24:32', 'Cancelled', 50.59),
(441, 924, 31, 'Discover_70', '2022-04-14', '15:01:53', 'Pending', 89.93),
(442, 340, 30, 'Describe_8', '2022-02-20', '08:54:58', 'Pending', 79.27),
(443, 727, 145, 'Kitchen_92', '2020-12-26', '20:00:10', 'Cancelled', 51.86),
(444, 199, 111, 'Series_5', '2023-02-18', '00:44:45', 'Cancelled', 99.37),
(445, 510, 170, 'Too_12', '2020-09-01', '16:43:44', 'Delivered', 90.86),
(446, 552, 25, 'Step_41', '2021-05-21', '03:50:01', 'Cancelled', 48.93),
(447, 810, 185, 'Fine_10', '2022-07-06', '14:17:35', 'Pending', 72.61),
(448, 300, 150, 'Condition_84', '2022-09-29', '19:39:50', 'Cancelled', 63.52),
(449, 6, 122, 'Nothing_25', '2022-08-03', '06:21:14', 'Cancelled', 55.38),
(450, 810, 185, 'Society_54', '2021-02-12', '17:46:06', 'Pending', 24.05),
(451, 515, 75, 'Situation_13', '2020-07-14', '03:05:46', 'Delivered', 82.15),
(452, 97, 175, 'Ever_75', '2020-04-08', '16:15:05', 'Cancelled', 34.23),
(453, 254, 169, 'Five_2', '2021-04-11', '03:34:11', 'Delivered', 31.71),
(454, 365, 57, 'Herself_46', '2020-07-27', '00:22:48', 'Pending', 27.61),
(455, 591, 132, 'Grow_7', '2023-11-26', '07:55:52', 'Pending', 64.21),
(456, 310, 159, 'Draw_63', '2020-12-26', '17:29:20', 'Delivered', 12.42),
(457, 403, 147, 'Try_95', '2020-08-29', '16:00:11', 'Cancelled', 45.89),
(458, 810, 68, 'Time_20', '2023-03-20', '17:52:48', 'Cancelled', 63.41),
(459, 460, 153, 'Suddenly_43', '2021-03-04', '19:18:45', 'Cancelled', 30.07),
(460, 342, 1, 'Issue_18', '2023-08-01', '09:21:54', 'Pending', 27.05),
(461, 79, 73, 'Beyond_97', '2022-02-17', '16:06:41', 'Pending', 78.47),
(462, 205, 180, 'Four_42', '2022-11-05', '04:18:32', 'Cancelled', 88.35),
(463, 745, 74, 'Too_34', '2020-08-08', '17:04:46', 'Delivered', 49.46),
(464, 758, 31, 'Himself_51', '2022-12-24', '16:18:11', 'Cancelled', 57.64),
(465, 642, 155, 'Structure_64', '2021-07-19', '06:10:30', 'Delivered', 62.56),
(466, 478, 141, 'Board_36', '2022-06-18', '23:01:13', 'Delivered', 28.58),
(467, 22, 52, 'Big_16', '2020-08-02', '23:48:57', 'Pending', 98.07),
(468, 800, 18, 'Data_78', '2023-04-27', '18:04:30', 'Delivered', 8.01),
(469, 191, 17, 'Challenge_81', '2023-04-29', '01:33:19', 'Cancelled', 75.89),
(470, 118, 20, 'Religious_45', '2023-08-24', '00:30:44', 'Delivered', 73.81),
(471, 849, 173, 'State_73', '2022-02-16', '02:52:35', 'Pending', 58.8),
(472, 935, 157, 'Parent_36', '2020-06-06', '14:25:41', 'Pending', 34.77),
(473, 555, 73, 'Beyond_91', '2022-06-05', '10:36:10', 'Pending', 84.7),
(474, 66, 39, 'Agency_6', '2022-11-16', '18:16:24', 'Pending', 54.32),
(475, 488, 31, 'Visit_79', '2023-09-05', '07:00:16', 'Delivered', 97.33),
(476, 430, 143, 'Class_20', '2022-09-10', '03:03:18', 'Delivered', 67.15),
(477, 583, 173, 'One_17', '2023-05-12', '20:13:24', 'Cancelled', 10.59),
(478, 681, 155, 'Such_6', '2021-05-31', '03:33:20', 'Cancelled', 56.27),
(479, 114, 130, 'Success_99', '2022-12-07', '03:52:27', 'Cancelled', 20.92),
(480, 498, 102, 'Various_80', '2020-08-27', '02:23:34', 'Delivered', 55.66),
(481, 614, 45, 'Ten_25', '2021-11-28', '01:51:04', 'Cancelled', 96.09),
(482, 712, 189, 'Skin_31', '2021-01-03', '20:51:02', 'Pending', 6.96),
(483, 446, 3, 'Water_95', '2020-07-11', '17:37:50', 'Pending', 99.13),
(484, 780, 32, 'Western_33', '2022-06-26', '14:41:03', 'Pending', 96.76),
(485, 229, 137, 'Measure_28', '2020-10-25', '16:20:28', 'Cancelled', 56.58),
(486, 290, 97, 'Free_14', '2022-03-29', '14:38:02', 'Pending', 83.08),
(487, 40, 49, 'Pull_19', '2022-05-08', '17:35:32', 'Delivered', 65.41),
(488, 474, 63, 'Discussion_75', '2020-04-07', '06:17:02', 'Delivered', 19.37),
(489, 106, 99, 'Above_17', '2022-09-19', '21:08:38', 'Pending', 41.71),
(490, 202, 81, 'Down_46', '2023-12-07', '06:00:14', 'Cancelled', 58.13),
(491, 662, 191, 'Detail_10', '2022-11-29', '05:14:08', 'Cancelled', 91.48),
(492, 365, 34, 'Something_28', '2023-07-24', '07:52:11', 'Pending', 52.11),
(493, 362, 85, 'Rule_24', '2021-03-21', '03:35:58', 'Pending', 74.07),
(494, 418, 80, 'Dark_80', '2022-04-03', '03:08:47', 'Delivered', 10.61),
(495, 14, 96, 'Learn_46', '2021-02-17', '01:00:57', 'Delivered', 82.02),
(496, 601, 40, 'Loss_57', '2021-08-13', '06:21:01', 'Cancelled', 87.52),
(497, 348, 113, 'Defense_84', '2021-09-17', '15:00:49', 'Cancelled', 21.36),
(498, 9, 16, 'Magazine_70', '2021-02-25', '17:34:31', 'Cancelled', 24.0),
(499, 489, 95, 'Necessary_16', '2023-12-20', '00:12:52', 'Pending', 40.59),
(500, 894, 15, 'Law_79', '2023-02-01', '00:20:03', 'Delivered', 85.0),
(501, 495, 150, 'Author_62', '2020-07-21', '13:31:26', 'Pending', 87.04),
(502, 820, 20, 'His_12', '2023-08-04', '21:28:51', 'Cancelled', 5.57),
(503, 720, 8, 'But_20', '2020-01-03', '02:34:12', 'Cancelled', 99.01),
(504, 774, 6, 'Price_63', '2021-11-11', '06:48:03', 'Cancelled', 29.6),
(505, 953, 160, 'Fill_74', '2022-01-16', '23:16:38', 'Cancelled', 28.64),
(506, 724, 193, 'Then_17', '2021-10-12', '22:03:55', 'Delivered', 23.31),
(507, 705, 101, 'Agreement_73', '2020-09-29', '04:02:35', 'Pending', 56.98),
(508, 547, 141, 'Seven_14', '2020-03-11', '00:25:57', 'Delivered', 85.08),
(509, 834, 44, 'Small_90', '2023-08-19', '14:16:31', 'Cancelled', 34.2),
(510, 155, 1, 'Speak_47', '2022-12-15', '22:18:59', 'Delivered', 68.97),
(511, 66, 196, 'Good_35', '2023-10-22', '11:34:43', 'Pending', 75.75),
(512, 618, 11, 'Reality_53', '2022-12-18', '04:51:37', 'Cancelled', 95.93),
(513, 112, 135, 'Test_82', '2020-02-15', '01:44:47', 'Delivered', 62.2),
(514, 984, 65, 'So_18', '2021-12-26', '03:09:08', 'Delivered', 66.15),
(515, 417, 14, 'Main_74', '2020-08-25', '16:30:46', 'Cancelled', 79.7),
(516, 153, 128, 'Culture_49', '2021-11-29', '04:10:29', 'Pending', 27.68),
(517, 676, 126, 'Everything_12', '2023-04-27', '03:53:26', 'Cancelled', 54.06),
(518, 173, 41, 'Republican_20', '2022-05-03', '11:22:54', 'Cancelled', 19.98),
(519, 64, 47, 'Thus_96', '2020-04-04', '11:46:45', 'Delivered', 57.93),
(520, 259, 120, 'And_53', '2020-08-07', '17:39:43', 'Cancelled', 7.78),
(521, 807, 73, 'Thus_24', '2022-08-01', '19:50:10', 'Cancelled', 77.76),
(522, 618, 159, 'Out_9', '2023-07-31', '18:50:31', 'Cancelled', 92.64),
(523, 460, 63, 'Four_97', '2022-02-25', '08:37:29', 'Delivered', 5.67),
(524, 412, 179, 'Present_70', '2022-02-03', '22:03:53', 'Cancelled', 63.2),
(525, 779, 19, 'Majority_86', '2022-04-25', '20:14:19', 'Delivered', 41.34),
(526, 948, 120, 'Well_24', '2022-02-22', '20:14:14', 'Pending', 55.9),
(527, 327, 7, 'Role_44', '2020-11-18', '02:16:18', 'Pending', 34.57),
(528, 733, 41, 'Century_43', '2023-04-25', '05:26:30', 'Delivered', 83.76),
(529, 471, 92, 'Five_41', '2021-03-07', '08:56:20', 'Pending', 44.88),
(530, 914, 134, 'For_39', '2020-09-06', '00:31:12', 'Cancelled', 78.81),
(531, 830, 166, 'Election_39', '2023-03-23', '06:39:03', 'Cancelled', 12.94),
(532, 226, 188, 'Budget_15', '2022-02-22', '18:18:25', 'Delivered', 19.95),
(533, 509, 119, 'Say_39', '2021-08-22', '23:31:12', 'Cancelled', 61.82),
(534, 820, 39, 'Left_38', '2022-05-19', '00:51:03', 'Pending', 26.36),
(535, 711, 198, 'Design_10', '2021-06-04', '03:27:12', 'Delivered', 59.29),
(536, 600, 174, 'Service_85', '2021-12-04', '03:22:58', 'Cancelled', 45.14),
(537, 283, 144, 'Whole_93', '2020-11-18', '08:31:29', 'Cancelled', 47.09),
(538, 116, 76, 'Catch_15', '2021-09-26', '05:42:04', 'Pending', 45.62),
(539, 250, 188, 'Election_86', '2022-07-10', '18:56:34', 'Pending', 29.5),
(540, 448, 178, 'Already_51', '2020-02-27', '05:30:52', 'Pending', 64.83),
(541, 777, 60, 'His_32', '2020-08-18', '12:53:46', 'Delivered', 89.77),
(542, 657, 103, 'Wind_93', '2022-06-02', '20:15:25', 'Delivered', 24.16),
(543, 338, 60, 'Lawyer_9', '2021-08-02', '20:15:27', 'Delivered', 51.53),
(544, 845, 79, 'Hear_25', '2021-06-13', '04:24:26', 'Pending', 70.78),
(545, 730, 113, 'Stuff_9', '2020-10-23', '02:57:05', 'Delivered', 23.33),
(546, 590, 2, 'Establish_34', '2023-12-24', '14:35:19', 'Delivered', 72.76),
(547, 410, 152, 'Success_2', '2022-08-12', '22:30:55', 'Delivered', 70.51),
(548, 977, 3, 'Money_34', '2022-04-12', '13:45:01', 'Cancelled', 42.81),
(549, 954, 83, 'Generation_51', '2022-07-06', '13:47:36', 'Cancelled', 83.2),
(550, 929, 36, 'Discuss_42', '2022-12-03', '02:09:25', 'Cancelled', 63.36),
(551, 448, 54, 'Activity_15', '2020-10-10', '22:08:24', 'Cancelled', 69.61),
(552, 574, 157, 'American_100', '2022-01-04', '14:40:32', 'Delivered', 6.0),
(553, 624, 128, 'Best_56', '2021-08-02', '05:27:49', 'Delivered', 64.76),
(554, 293, 176, 'Practice_1', '2020-02-15', '01:14:23', 'Pending', 10.65),
(555, 996, 188, 'Drug_20', '2021-12-10', '14:31:24', 'Pending', 90.52),
(556, 359, 177, 'Me_26', '2023-12-15', '15:12:42', 'Delivered', 92.3),
(557, 953, 151, 'Do_44', '2022-07-01', '08:22:55', 'Cancelled', 63.96),
(558, 339, 12, 'Add_73', '2022-04-26', '05:11:43', 'Cancelled', 5.23),
(559, 937, 138, 'Close_18', '2020-08-29', '07:28:45', 'Pending', 61.88),
(560, 262, 172, 'Accept_20', '2020-12-07', '13:30:52', 'Pending', 18.44),
(561, 405, 61, 'Establish_99', '2023-07-05', '21:55:25', 'Cancelled', 28.07),
(562, 273, 73, 'Even_45', '2020-05-20', '22:22:43', 'Pending', 46.86),
(563, 395, 166, 'Town_81', '2020-08-19', '19:33:37', 'Pending', 12.49),
(564, 900, 84, 'Perhaps_95', '2023-08-30', '17:14:53', 'Cancelled', 43.51),
(565, 705, 186, 'Realize_69', '2022-03-30', '15:59:00', 'Cancelled', 39.89),
(566, 970, 136, 'Foreign_26', '2022-12-13', '01:33:38', 'Cancelled', 53.81),
(567, 862, 12, 'White_15', '2023-10-21', '02:54:32', 'Cancelled', 83.71),
(568, 343, 58, 'Herself_5', '2021-04-11', '14:54:00', 'Pending', 53.94),
(569, 432, 16, 'Woman_99', '2023-01-10', '11:03:49', 'Cancelled', 36.37),
(570, 150, 138, 'Professional_81', '2022-03-27', '17:59:06', 'Pending', 63.32),
(571, 146, 30, 'Kind_52', '2023-08-10', '07:59:41', 'Cancelled', 51.96),
(572, 291, 47, 'Various_9', '2023-11-14', '22:13:10', 'Cancelled', 41.63),
(573, 686, 107, 'National_37', '2022-06-05', '20:32:19', 'Cancelled', 57.49),
(574, 653, 156, 'Should_99', '2023-02-07', '11:51:15', 'Cancelled', 75.63),
(575, 429, 153, 'Common_10', '2020-02-09', '08:02:10', 'Pending', 22.27),
(576, 484, 141, 'Each_32', '2021-10-14', '22:31:26', 'Pending', 80.76),
(577, 222, 37, 'Consumer_32', '2021-10-01', '19:33:04', 'Cancelled', 48.76),
(578, 930, 39, 'Deep_6', '2022-01-08', '03:19:20', 'Cancelled', 51.5),
(579, 508, 101, 'Us_63', '2022-03-23', '05:34:22', 'Cancelled', 77.87),
(580, 588, 186, 'Community_82', '2020-06-08', '05:58:01', 'Cancelled', 99.34),
(581, 385, 199, 'Usually_99', '2021-10-29', '12:32:41', 'Cancelled', 85.69),
(582, 897, 42, 'Already_46', '2021-11-28', '16:31:35', 'Pending', 60.41),
(583, 296, 154, 'Test_2', '2021-05-07', '01:00:17', 'Pending', 41.16),
(584, 713, 51, 'Box_64', '2020-11-18', '14:55:19', 'Pending', 7.67),
(585, 332, 37, 'Item_15', '2023-03-28', '07:48:25', 'Pending', 38.55),
(586, 621, 7, 'Current_23', '2021-07-26', '16:03:00', 'Cancelled', 75.26),
(587, 940, 27, 'Blue_52', '2023-02-04', '13:03:30', 'Pending', 66.42),
(588, 704, 120, 'Country_85', '2023-09-21', '06:10:39', 'Delivered', 86.53),
(589, 794, 10, 'Common_41', '2023-11-15', '08:41:37', 'Cancelled', 16.53),
(590, 281, 127, 'Anything_12', '2021-03-14', '20:05:49', 'Delivered', 26.23),
(591, 899, 157, 'Also_61', '2021-03-01', '09:44:53', 'Cancelled', 89.15),
(592, 296, 80, 'White_77', '2023-12-07', '02:10:56', 'Pending', 51.4),
(593, 770, 55, 'Agency_19', '2022-08-11', '10:19:52', 'Pending', 53.47),
(594, 608, 132, 'Charge_5', '2022-01-27', '04:20:59', 'Cancelled', 82.31),
(595, 315, 17, 'Represent_80', '2022-02-23', '17:46:21', 'Delivered', 77.45),
(596, 236, 108, 'Onto_79', '2021-12-28', '21:13:20', 'Cancelled', 27.1),
(597, 955, 194, 'Understand_66', '2022-06-18', '00:12:46', 'Pending', 59.3),
(598, 204, 199, 'Control_72', '2021-07-29', '23:39:50', 'Cancelled', 90.47),
(599, 121, 18, 'Respond_73', '2023-12-27', '07:20:35', 'Pending', 24.35),
(600, 17, 188, 'Every_95', '2021-04-01', '16:21:02', 'Delivered', 57.63),
(601, 398, 4, 'That_98', '2021-01-31', '20:25:58', 'Cancelled', 65.96),
(602, 297, 119, 'Serve_82', '2021-01-06', '02:50:41', 'Delivered', 37.77),
(603, 175, 166, 'Pattern_9', '2021-10-29', '10:00:17', 'Delivered', 99.77),
(604, 119, 117, 'Development_93', '2022-04-15', '07:27:22', 'Cancelled', 50.96),
(605, 892, 19, 'Story_2', '2021-08-17', '14:48:26', 'Pending', 43.97),
(606, 421, 129, 'School_43', '2021-03-11', '07:57:05', 'Pending', 42.77),
(607, 221, 146, 'Economic_75', '2021-09-28', '19:45:41', 'Cancelled', 15.35),
(608, 757, 44, 'Already_77', '2023-12-11', '19:08:19', 'Delivered', 95.44),
(609, 376, 30, 'Expert_25', '2020-12-07', '14:38:36', 'Delivered', 89.73),
(610, 259, 20, 'Certainly_34', '2021-01-09', '12:38:53', 'Delivered', 16.64),
(611, 192, 166, 'Market_29', '2023-06-26', '13:38:23', 'Pending', 21.94),
(612, 38, 190, 'Machine_87', '2020-12-30', '05:10:44', 'Pending', 7.62),
(613, 604, 171, 'Prevent_54', '2021-06-16', '10:04:28', 'Pending', 30.6),
(614, 324, 28, 'Force_58', '2023-05-07', '19:24:29', 'Pending', 13.09),
(615, 516, 78, 'Child_42', '2022-11-01', '22:29:50', 'Cancelled', 75.18),
(616, 894, 193, 'New_41', '2021-12-13', '09:00:28', 'Cancelled', 69.71),
(617, 917, 124, 'Section_46', '2021-06-22', '10:22:05', 'Delivered', 90.32),
(618, 445, 197, 'Public_79', '2020-12-07', '12:53:41', 'Cancelled', 8.63),
(619, 492, 14, 'At_99', '2020-03-06', '01:35:29', 'Cancelled', 43.97),
(620, 160, 59, 'Use_47', '2020-01-31', '22:52:41', 'Cancelled', 93.47),
(621, 915, 86, 'Down_61', '2020-12-09', '19:49:41', 'Cancelled', 93.35),
(622, 704, 100, 'Hard_80', '2021-05-17', '05:52:34', 'Cancelled', 92.45),
(623, 218, 182, 'Report_58', '2021-09-14', '11:22:04', 'Delivered', 94.42),
(624, 899, 114, 'Third_87', '2023-11-22', '18:41:27', 'Pending', 19.28),
(625, 765, 39, 'Above_75', '2020-02-28', '13:51:21', 'Cancelled', 73.34),
(626, 899, 85, 'Thousand_16', '2023-10-20', '03:15:41', 'Cancelled', 89.34),
(627, 30, 183, 'Everything_53', '2021-03-15', '15:56:52', 'Delivered', 45.1),
(628, 139, 72, 'Strong_96', '2021-06-07', '00:54:29', 'Delivered', 14.82),
(629, 228, 89, 'South_23', '2021-04-26', '01:50:41', 'Delivered', 61.12),
(630, 285, 11, 'Rich_29', '2022-07-07', '23:17:00', 'Delivered', 75.33),
(631, 378, 120, 'Person_21', '2020-12-17', '16:41:30', 'Delivered', 7.85),
(632, 847, 112, 'Want_7', '2020-06-03', '05:24:56', 'Pending', 6.84),
(633, 878, 154, 'Capital_48', '2020-08-01', '15:44:03', 'Pending', 78.04),
(634, 275, 116, 'In_30', '2020-12-26', '21:31:24', 'Delivered', 79.1),
(635, 756, 14, 'Our_94', '2021-03-09', '00:33:39', 'Delivered', 14.72),
(636, 201, 20, 'Case_10', '2022-06-24', '05:16:45', 'Cancelled', 65.52),
(637, 16, 67, 'Remember_57', '2023-02-02', '15:43:22', 'Delivered', 42.43),
(638, 112, 79, 'Food_80', '2021-08-30', '11:31:28', 'Pending', 79.19),
(639, 415, 177, 'Treat_31', '2021-08-22', '00:49:06', 'Pending', 80.45),
(640, 549, 44, 'See_29', '2020-02-23', '11:02:51', 'Delivered', 78.99),
(641, 922, 31, 'Reduce_58', '2023-03-19', '18:04:12', 'Cancelled', 92.09),
(642, 289, 79, 'Account_70', '2023-04-05', '18:29:40', 'Pending', 62.31),
(643, 999, 189, 'Outside_56', '2023-06-20', '06:39:39', 'Delivered', 65.78),
(644, 778, 158, 'Eye_54', '2020-10-23', '14:09:48', 'Pending', 99.74),
(645, 737, 12, 'Across_85', '2020-07-20', '09:16:37', 'Delivered', 12.41),
(646, 739, 76, 'With_53', '2023-10-16', '20:27:54', 'Delivered', 6.4),
(647, 620, 35, 'Easy_8', '2023-07-04', '12:01:17', 'Pending', 95.14),
(648, 146, 117, 'Present_46', '2022-07-13', '04:32:33', 'Pending', 63.52),
(649, 875, 142, 'Suddenly_30', '2021-12-01', '13:27:17', 'Cancelled', 73.81),
(650, 639, 109, 'Leg_37', '2022-08-04', '08:27:13', 'Cancelled', 8.09),
(651, 552, 181, 'Loss_3', '2021-08-17', '14:21:54', 'Pending', 43.49),
(652, 804, 48, 'Report_63', '2021-01-03', '07:21:10', 'Cancelled', 14.54),
(653, 137, 159, 'Performance_6', '2022-02-09', '08:51:12', 'Pending', 81.33),
(654, 414, 4, 'Majority_60', '2020-03-09', '19:44:11', 'Cancelled', 8.53),
(655, 15, 191, 'Machine_58', '2020-02-17', '20:34:59', 'Pending', 93.01),
(656, 747, 191, 'Customer_90', '2020-01-03', '13:06:45', 'Cancelled', 21.77),
(657, 206, 63, 'Kitchen_4', '2022-12-14', '21:18:53', 'Pending', 77.04),
(658, 454, 69, 'Should_88', '2023-01-05', '16:48:29', 'Delivered', 87.09),
(659, 410, 87, 'Anything_55', '2023-01-04', '00:33:59', 'Cancelled', 50.07),
(660, 164, 52, 'Decade_22', '2021-07-19', '10:24:04', 'Delivered', 10.52),
(661, 436, 96, 'Gun_73', '2021-06-01', '01:09:54', 'Delivered', 98.89),
(662, 446, 40, 'Health_85', '2021-11-11', '06:16:08', 'Pending', 60.05),
(663, 30, 117, 'Option_70', '2022-12-21', '02:21:39', 'Pending', 80.11),
(664, 724, 50, 'As_57', '2020-03-12', '01:53:39', 'Cancelled', 49.8),
(665, 363, 50, 'Learn_49', '2020-02-27', '15:17:22', 'Pending', 78.56),
(666, 183, 120, 'Room_67', '2020-10-04', '04:52:22', 'Delivered', 83.44),
(667, 65, 9, 'Occur_10', '2021-09-02', '00:54:24', 'Delivered', 99.69),
(668, 5, 57, 'Low_58', '2023-02-16', '01:29:28', 'Pending', 88.62),
(669, 737, 170, 'Rock_10', '2020-08-07', '22:42:46', 'Pending', 66.87),
(670, 498, 114, 'Know_82', '2023-08-07', '20:54:01', 'Pending', 98.27),
(671, 291, 64, 'They_21', '2022-07-11', '21:56:49', 'Pending', 57.37),
(672, 742, 37, 'Form_44', '2021-10-16', '06:08:15', 'Cancelled', 92.4),
(673, 359, 103, 'Significant_80', '2023-10-27', '00:15:52', 'Delivered', 21.85),
(674, 273, 102, 'View_11', '2022-03-19', '23:09:44', 'Pending', 78.81),
(675, 983, 67, 'Result_35', '2023-08-10', '12:03:53', 'Delivered', 66.83),
(676, 498, 43, 'Ability_63', '2023-09-19', '05:19:52', 'Cancelled', 68.76),
(677, 932, 184, 'Wonder_2', '2022-01-02', '19:29:11', 'Cancelled', 34.81),
(678, 392, 8, 'Attack_54', '2021-09-23', '14:22:16', 'Delivered', 51.9),
(679, 468, 68, 'Thing_70', '2022-01-22', '11:44:05', 'Pending', 26.08),
(680, 560, 50, 'During_37', '2020-12-24', '04:31:14', 'Delivered', 81.35),
(681, 326, 48, 'Already_68', '2023-08-04', '19:41:16', 'Pending', 77.72),
(682, 882, 195, 'Smile_64', '2021-02-22', '20:04:46', 'Cancelled', 60.97),
(683, 869, 187, 'Avoid_8', '2020-11-29', '15:22:54', 'Pending', 13.77),
(684, 94, 152, 'Check_30', '2020-12-21', '07:04:56', 'Cancelled', 5.62),
(685, 547, 159, 'Throughout_53', '2022-12-31', '18:30:21', 'Delivered', 85.46),
(686, 68, 73, 'Else_14', '2022-04-17', '17:47:45', 'Delivered', 9.06),
(687, 872, 84, 'Explain_80', '2023-05-14', '18:45:20', 'Cancelled', 9.38),
(688, 484, 167, 'Energy_6', '2023-10-30', '03:28:15', 'Cancelled', 32.9),
(689, 914, 148, 'Between_3', '2023-03-28', '11:58:09', 'Pending', 83.64),
(690, 303, 115, 'Later_87', '2023-08-30', '14:03:44', 'Cancelled', 34.88),
(691, 104, 72, 'Where_76', '2023-05-08', '14:18:33', 'Pending', 67.05),
(692, 510, 25, 'Skill_80', '2022-09-26', '13:26:35', 'Cancelled', 86.37),
(693, 508, 128, 'This_14', '2022-02-23', '02:34:11', 'Delivered', 91.68),
(694, 199, 13, 'Own_23', '2023-07-19', '23:20:03', 'Pending', 43.69),
(695, 112, 42, 'Commercial_67', '2021-02-20', '12:16:26', 'Cancelled', 65.35),
(696, 251, 68, 'Base_44', '2020-04-23', '00:05:43', 'Cancelled', 12.02),
(697, 458, 99, 'Himself_88', '2023-09-08', '20:25:18', 'Delivered', 24.75),
(698, 441, 58, 'Hour_3', '2022-11-23', '01:38:07', 'Cancelled', 47.4),
(699, 175, 66, 'Return_14', '2023-11-10', '20:16:42', 'Cancelled', 87.58),
(700, 264, 196, 'Around_57', '2020-12-09', '05:46:54', 'Pending', 16.82),
(701, 585, 120, 'Early_77', '2022-03-07', '07:52:22', 'Cancelled', 55.9),
(702, 115, 185, 'Whose_77', '2022-08-06', '20:31:34', 'Pending', 86.35),
(703, 304, 77, 'Official_14', '2020-06-26', '18:25:57', 'Cancelled', 51.54),
(704, 64, 139, 'Will_35', '2023-11-08', '16:14:43', 'Delivered', 28.01),
(705, 466, 29, 'Music_47', '2020-02-21', '04:08:00', 'Pending', 70.42),
(706, 649, 200, 'Join_91', '2022-03-30', '04:07:45', 'Delivered', 61.28),
(707, 604, 64, 'Learn_38', '2020-10-18', '06:11:06', 'Pending', 55.37),
(708, 165, 30, 'Air_30', '2022-04-21', '21:16:30', 'Delivered', 20.28),
(709, 391, 83, 'Expect_66', '2022-10-26', '19:16:42', 'Cancelled', 53.43),
(710, 849, 82, 'Task_58', '2020-08-01', '09:17:48', 'Pending', 86.72),
(711, 738, 3, 'Plan_90', '2021-09-23', '09:04:21', 'Delivered', 96.2),
(712, 143, 76, 'Lot_27', '2020-04-14', '15:10:44', 'Delivered', 67.63),
(713, 377, 178, 'Mean_45', '2023-05-17', '10:48:27', 'Delivered', 80.36),
(714, 983, 65, 'Culture_41', '2021-06-24', '02:39:17', 'Delivered', 82.69),
(715, 813, 97, 'Yourself_72', '2021-11-04', '07:53:16', 'Cancelled', 94.44),
(716, 918, 70, 'Hope_69', '2020-02-21', '12:01:52', 'Pending', 79.85),
(717, 442, 112, 'Home_84', '2021-08-19', '14:14:57', 'Delivered', 85.08),
(718, 222, 58, 'Probably_40', '2023-11-30', '03:14:36', 'Cancelled', 75.92),
(719, 495, 99, 'Look_99', '2022-09-18', '06:43:24', 'Pending', 98.36),
(720, 200, 67, 'Court_96', '2021-03-12', '16:58:23', 'Cancelled', 35.7),
(721, 137, 49, 'Various_9', '2023-02-15', '15:05:26', 'Delivered', 94.24),
(722, 837, 111, 'After_66', '2021-10-15', '08:24:49', 'Cancelled', 63.79),
(723, 287, 53, 'Risk_24', '2023-02-02', '15:21:18', 'Delivered', 60.87),
(724, 341, 186, 'President_98', '2021-10-26', '13:00:21', 'Pending', 48.16),
(725, 648, 104, 'Development_37', '2020-10-28', '18:44:48', 'Delivered', 7.92),
(726, 812, 5, 'Draw_8', '2023-08-16', '15:24:47', 'Cancelled', 26.03),
(727, 801, 126, 'Yard_12', '2022-05-24', '09:45:33', 'Pending', 5.25),
(728, 158, 148, 'Carry_58', '2020-11-29', '00:13:44', 'Pending', 31.55),
(729, 9, 87, 'Environment_45', '2020-06-09', '23:37:43', 'Cancelled', 89.16),
(730, 621, 130, 'Forget_94', '2023-05-15', '16:03:07', 'Pending', 13.53),
(731, 243, 1, 'About_86', '2021-07-14', '10:28:00', 'Delivered', 61.19),
(732, 553, 159, 'Black_39', '2022-01-06', '21:02:55', 'Delivered', 99.86),
(733, 593, 29, 'Agreement_2', '2020-01-03', '23:58:07', 'Delivered', 70.82),
(734, 63, 64, 'Court_8', '2023-03-30', '11:43:06', 'Delivered', 79.82),
(735, 468, 84, 'Should_60', '2021-02-04', '01:09:09', 'Cancelled', 51.35),
(736, 217, 58, 'Technology_98', '2023-11-28', '07:30:25', 'Cancelled', 59.14),
(737, 998, 164, 'Economy_19', '2020-12-17', '02:02:35', 'Cancelled', 58.92),
(738, 274, 192, 'Full_90', '2023-01-26', '05:28:45', 'Cancelled', 47.58),
(739, 550, 99, 'Force_90', '2023-09-30', '03:43:43', 'Delivered', 26.66),
(740, 412, 33, 'Detail_58', '2021-12-14', '05:24:33', 'Pending', 15.22),
(741, 89, 90, 'Several_15', '2021-05-23', '00:22:02', 'Cancelled', 76.04),
(742, 615, 130, 'Stage_20', '2023-07-03', '19:55:55', 'Delivered', 25.9),
(743, 757, 8, 'We_63', '2021-06-16', '19:31:31', 'Cancelled', 84.22),
(744, 859, 144, 'Century_75', '2023-11-07', '17:59:13', 'Cancelled', 64.38),
(745, 236, 131, 'Four_53', '2020-09-16', '07:48:37', 'Cancelled', 58.57),
(746, 298, 15, 'Good_83', '2023-09-30', '13:57:12', 'Pending', 82.7),
(747, 276, 10, 'War_77', '2020-05-14', '17:06:48', 'Delivered', 91.68),
(748, 731, 35, 'Fly_98', '2020-01-15', '23:25:32', 'Delivered', 25.12),
(749, 184, 10, 'Receive_90', '2020-01-19', '04:25:39', 'Cancelled', 73.36),
(750, 646, 143, 'Edge_98', '2020-04-24', '07:14:07', 'Pending', 25.29),
(751, 777, 29, 'Everyone_48', '2021-08-10', '09:48:42', 'Pending', 13.02),
(752, 897, 140, 'Let_35', '2022-12-29', '05:01:41', 'Cancelled', 10.6),
(753, 80, 64, 'Trip_40', '2023-09-23', '23:00:11', 'Cancelled', 92.69),
(754, 857, 26, 'Doctor_12', '2022-10-26', '20:46:29', 'Delivered', 74.27),
(755, 967, 139, 'Shoulder_8', '2021-05-31', '10:27:08', 'Pending', 37.88),
(756, 398, 23, 'Either_72', '2022-10-19', '14:59:22', 'Delivered', 45.88),
(757, 921, 148, 'Wear_51', '2020-09-14', '09:04:46', 'Cancelled', 90.53),
(758, 891, 22, 'Outside_77', '2023-10-01', '10:38:31', 'Cancelled', 21.43),
(759, 356, 200, 'Gas_2', '2023-11-09', '03:21:05', 'Cancelled', 49.35),
(760, 618, 36, 'Outside_32', '2020-11-25', '00:21:35', 'Delivered', 12.02),
(761, 205, 35, 'Pay_22', '2021-08-04', '08:55:49', 'Pending', 67.31),
(762, 399, 29, 'Wrong_22', '2021-03-30', '13:35:45', 'Cancelled', 28.88),
(763, 86, 128, 'Throw_61', '2022-06-29', '13:20:59', 'Delivered', 7.98),
(764, 180, 10, 'Appear_94', '2020-02-16', '19:19:27', 'Cancelled', 94.82),
(765, 447, 106, 'Parent_26', '2022-07-08', '18:43:15', 'Delivered', 57.25),
(766, 707, 146, 'Use_40', '2020-05-14', '09:00:33', 'Delivered', 59.87),
(767, 854, 19, 'Information_37', '2023-03-05', '08:05:23', 'Cancelled', 70.57),
(768, 837, 149, 'Wall_32', '2022-07-17', '10:02:03', 'Cancelled', 7.99),
(769, 95, 82, 'Movie_9', '2020-09-27', '23:04:20', 'Pending', 30.14),
(770, 209, 162, 'As_21', '2023-09-06', '06:32:32', 'Delivered', 26.57),
(771, 565, 104, 'Affect_65', '2023-06-20', '23:43:03', 'Delivered', 45.57),
(772, 658, 103, 'Market_84', '2021-09-09', '17:38:21', 'Cancelled', 40.04),
(773, 547, 188, 'Trouble_79', '2020-07-17', '17:02:15', 'Cancelled', 55.79),
(774, 228, 176, 'Fight_56', '2023-12-25', '20:38:45', 'Cancelled', 95.71),
(775, 665, 106, 'Significant_38', '2020-07-08', '16:05:45', 'Pending', 73.16),
(776, 7, 56, 'Speak_4', '2022-04-30', '14:50:07', 'Delivered', 72.79),
(777, 743, 111, 'Piece_52', '2022-01-12', '03:49:32', 'Delivered', 5.09),
(778, 139, 35, 'Bed_74', '2020-08-17', '01:02:46', 'Pending', 65.73),
(779, 11, 186, 'Half_50', '2021-06-27', '15:48:44', 'Delivered', 60.38),
(780, 731, 56, 'Treat_95', '2022-06-04', '18:09:16', 'Cancelled', 84.98),
(781, 737, 124, 'Third_19', '2021-09-17', '10:41:26', 'Cancelled', 72.6),
(782, 328, 66, 'Reduce_7', '2020-05-13', '01:48:31', 'Delivered', 90.85),
(783, 692, 113, 'Girl_69', '2020-12-01', '12:08:52', 'Cancelled', 39.39),
(784, 796, 151, 'Color_94', '2021-10-28', '14:10:36', 'Delivered', 89.13),
(785, 343, 69, 'Other_93', '2021-12-27', '23:09:48', 'Delivered', 91.5),
(786, 28, 197, 'Five_72', '2021-11-26', '10:50:59', 'Delivered', 81.37),
(787, 609, 7, 'Reflect_90', '2023-11-19', '21:35:54', 'Delivered', 64.35),
(788, 944, 173, 'Product_44', '2022-12-13', '10:33:20', 'Cancelled', 42.02),
(789, 882, 193, 'Bag_29', '2020-04-02', '19:10:07', 'Pending', 22.19),
(790, 169, 71, 'Industry_93', '2023-08-01', '07:15:22', 'Cancelled', 42.26),
(791, 308, 137, 'Manage_83', '2022-12-12', '05:45:00', 'Cancelled', 74.28),
(792, 514, 173, 'Political_21', '2023-01-29', '09:51:33', 'Cancelled', 96.12),
(793, 646, 107, 'Effect_38', '2023-11-08', '09:25:33', 'Delivered', 29.93),
(794, 38, 80, 'Air_21', '2021-07-14', '16:24:33', 'Pending', 95.97),
(795, 747, 29, 'Factor_59', '2021-01-08', '06:20:48', 'Pending', 28.47),
(796, 774, 77, 'Home_42', '2022-07-26', '23:03:56', 'Pending', 91.35),
(797, 418, 22, 'While_3', '2023-08-30', '22:46:46', 'Cancelled', 5.61),
(798, 380, 183, 'Effect_34', '2023-10-02', '10:06:27', 'Cancelled', 94.92),
(799, 843, 81, 'Human_88', '2021-07-06', '09:49:08', 'Delivered', 62.26),
(800, 381, 83, 'Wrong_8', '2022-05-13', '17:02:37', 'Pending', 62.03),
(801, 702, 35, 'Edge_58', '2020-12-30', '22:32:06', 'Pending', 55.16),
(802, 907, 86, 'Yet_74', '2021-09-09', '02:10:52', 'Pending', 79.57),
(803, 814, 89, 'Piece_65', '2023-04-05', '06:20:12', 'Cancelled', 79.38),
(804, 368, 171, 'Body_75', '2022-12-25', '17:23:39', 'Delivered', 11.68),
(805, 347, 133, 'Prepare_84', '2020-12-23', '06:19:20', 'Pending', 23.14),
(806, 626, 94, 'Part_23', '2022-07-05', '16:12:24', 'Pending', 91.92),
(807, 121, 32, 'Low_13', '2021-05-01', '18:30:02', 'Pending', 53.28),
(808, 824, 138, 'Less_67', '2020-04-04', '14:01:53', 'Cancelled', 67.37),
(809, 864, 39, 'Popular_20', '2023-03-28', '07:49:40', 'Pending', 61.38),
(810, 771, 182, 'Need_57', '2020-01-15', '06:34:14', 'Delivered', 81.55),
(811, 63, 189, 'Know_72', '2023-01-06', '18:02:58', 'Pending', 53.56),
(812, 890, 50, 'Crime_32', '2022-10-30', '22:30:31', 'Cancelled', 11.53),
(813, 470, 93, 'Before_87', '2020-04-07', '11:18:57', 'Cancelled', 80.38),
(814, 376, 95, 'Different_9', '2023-06-14', '14:45:56', 'Delivered', 32.98),
(815, 169, 189, 'Suffer_59', '2020-04-15', '14:56:56', 'Delivered', 87.39),
(816, 442, 20, 'Growth_65', '2020-05-04', '06:44:36', 'Cancelled', 85.44),
(817, 391, 178, 'Star_94', '2020-09-08', '09:59:19', 'Delivered', 64.14),
(818, 435, 159, 'True_14', '2020-05-27', '16:33:13', 'Delivered', 19.67),
(819, 51, 129, 'Somebody_59', '2022-06-28', '12:44:48', 'Cancelled', 26.0),
(820, 977, 47, 'Brother_1', '2022-09-14', '09:03:17', 'Cancelled', 7.8),
(821, 306, 80, 'Upon_50', '2022-05-09', '12:42:14', 'Delivered', 62.22),
(822, 273, 176, 'Page_2', '2020-02-03', '00:20:58', 'Cancelled', 24.21),
(823, 588, 199, 'Prepare_69', '2020-04-12', '23:22:52', 'Pending', 72.53),
(824, 69, 27, 'True_77', '2023-11-17', '18:11:40', 'Delivered', 50.17),
(825, 333, 149, 'Serve_94', '2022-07-09', '07:53:34', 'Delivered', 35.99),
(826, 18, 200, 'Mention_82', '2020-08-03', '14:57:54', 'Pending', 88.34),
(827, 892, 131, 'Claim_16', '2020-06-29', '00:58:27', 'Delivered', 10.17),
(828, 486, 3, 'Generation_47', '2022-07-01', '11:56:37', 'Delivered', 92.6),
(829, 840, 70, 'World_55', '2023-10-18', '22:19:28', 'Cancelled', 98.76),
(830, 230, 129, 'Bank_17', '2021-09-19', '12:30:25', 'Pending', 50.39),
(831, 195, 128, 'Business_39', '2020-03-15', '12:27:30', 'Cancelled', 51.21),
(832, 332, 58, 'Citizen_34', '2020-06-14', '15:58:53', 'Delivered', 28.95),
(833, 651, 185, 'Response_78', '2020-10-06', '11:58:49', 'Pending', 84.34),
(834, 41, 46, 'Southern_19', '2023-12-31', '06:21:22', 'Pending', 89.58),
(835, 525, 30, 'Others_97', '2020-03-29', '11:47:17', 'Delivered', 77.65),
(836, 893, 4, 'Style_72', '2022-09-13', '17:25:40', 'Pending', 40.88),
(837, 973, 53, 'Marriage_27', '2023-02-19', '15:23:12', 'Cancelled', 74.11),
(838, 194, 182, 'Community_22', '2022-08-04', '11:25:26', 'Pending', 43.01),
(839, 993, 36, 'Mouth_41', '2023-02-02', '13:23:17', 'Delivered', 9.84),
(840, 747, 140, 'Notice_82', '2021-05-10', '10:47:40', 'Cancelled', 86.01),
(841, 721, 135, 'Technology_30', '2020-01-07', '06:42:44', 'Delivered', 39.13),
(842, 579, 175, 'Congress_44', '2022-02-23', '08:43:25', 'Delivered', 18.15),
(843, 165, 139, 'Station_4', '2021-06-05', '23:15:49', 'Cancelled', 30.18),
(844, 602, 4, 'Himself_25', '2020-11-02', '20:39:09', 'Cancelled', 11.14),
(845, 929, 71, 'Respond_71', '2023-11-17', '08:23:14', 'Delivered', 68.12),
(846, 671, 170, 'Newspaper_54', '2023-05-08', '18:25:36', 'Delivered', 45.27),
(847, 546, 134, 'Get_50', '2023-06-12', '08:20:56', 'Delivered', 96.66),
(848, 119, 36, 'East_27', '2022-04-18', '17:42:30', 'Cancelled', 81.87),
(849, 329, 27, 'Eight_43', '2022-02-12', '09:22:04', 'Delivered', 31.42),
(850, 459, 100, 'Expert_1', '2020-07-26', '00:41:40', 'Pending', 43.72),
(851, 753, 178, 'Nearly_61', '2022-01-30', '14:26:19', 'Pending', 76.92),
(852, 51, 198, 'Sing_1', '2020-10-15', '18:32:16', 'Delivered', 60.21),
(853, 967, 192, 'Everything_77', '2023-11-09', '09:55:36', 'Pending', 10.74),
(854, 201, 9, 'Office_11', '2021-04-28', '07:08:20', 'Pending', 74.73),
(855, 831, 66, 'Participant_14', '2023-12-25', '13:16:19', 'Pending', 51.06),
(856, 150, 176, 'Student_37', '2020-03-31', '13:50:50', 'Pending', 38.37),
(857, 596, 38, 'Despite_80', '2020-06-17', '04:33:38', 'Delivered', 31.07),
(858, 993, 163, 'Can_47', '2023-12-29', '12:28:04', 'Delivered', 89.43),
(859, 553, 72, 'Magazine_37', '2021-03-25', '08:51:38', 'Cancelled', 15.79),
(860, 683, 191, 'People_18', '2020-08-08', '22:50:25', 'Delivered', 38.99),
(861, 740, 108, 'Almost_93', '2022-03-15', '08:18:43', 'Cancelled', 76.81),
(862, 868, 176, 'Maybe_45', '2021-08-26', '16:35:46', 'Delivered', 57.57),
(863, 259, 192, 'Stop_89', '2022-03-03', '10:26:39', 'Delivered', 59.85),
(864, 220, 8, 'Cost_72', '2021-01-23', '04:15:54', 'Pending', 46.15),
(865, 382, 54, 'Human_74', '2023-06-10', '17:10:02', 'Cancelled', 67.18),
(866, 59, 119, 'Where_94', '2023-01-20', '23:41:21', 'Cancelled', 12.63),
(867, 729, 7, 'Should_42', '2023-04-23', '19:35:32', 'Pending', 54.78),
(868, 125, 164, 'Now_97', '2020-07-09', '10:01:59', 'Cancelled', 88.76),
(869, 284, 165, 'Six_44', '2023-04-17', '12:18:41', 'Cancelled', 76.96),
(870, 749, 110, 'Degree_27', '2020-03-12', '17:10:12', 'Cancelled', 22.2),
(871, 479, 171, 'Forget_96', '2020-04-02', '11:12:07', 'Cancelled', 75.0),
(872, 439, 112, 'Doctor_9', '2023-10-24', '07:48:47', 'Pending', 83.08),
(873, 588, 157, 'Then_44', '2022-10-26', '18:17:14', 'Cancelled', 63.37),
(874, 429, 104, 'Mind_69', '2023-02-17', '05:20:48', 'Delivered', 41.91),
(875, 271, 194, 'Though_44', '2020-10-18', '07:46:00', 'Cancelled', 85.4),
(876, 143, 158, 'Center_81', '2020-03-31', '17:55:32', 'Cancelled', 46.92),
(877, 213, 34, 'Bag_54', '2022-07-19', '15:28:32', 'Cancelled', 24.16),
(878, 937, 133, 'Audience_40', '2022-07-13', '02:54:48', 'Pending', 47.86),
(879, 229, 155, 'Range_36', '2022-11-06', '14:05:08', 'Delivered', 37.28),
(880, 211, 100, 'Morning_41', '2021-06-18', '10:33:53', 'Cancelled', 8.08),
(881, 522, 127, 'Employee_58', '2020-02-03', '08:24:52', 'Pending', 39.36),
(882, 970, 191, 'Raise_28', '2022-10-10', '16:32:26', 'Pending', 49.43),
(883, 945, 13, 'Into_59', '2021-11-28', '11:45:18', 'Cancelled', 26.87),
(884, 447, 126, 'Could_48', '2020-03-20', '02:55:58', 'Pending', 73.06),
(885, 652, 173, 'Reason_13', '2021-05-25', '13:10:30', 'Delivered', 14.53),
(886, 799, 73, 'Success_74', '2021-04-12', '07:31:42', 'Delivered', 64.88),
(887, 426, 105, 'Control_74', '2023-06-26', '01:07:59', 'Cancelled', 95.11),
(888, 753, 29, 'Eight_82', '2022-07-22', '22:40:47', 'Pending', 22.16),
(889, 195, 26, 'Car_42', '2022-11-24', '03:42:06', 'Cancelled', 73.8),
(890, 195, 105, 'Sell_74', '2023-10-07', '17:42:12', 'Pending', 94.62),
(891, 447, 184, 'Campaign_44', '2022-09-13', '21:15:05', 'Pending', 32.43),
(892, 666, 130, 'Wish_95', '2023-07-01', '14:23:04', 'Delivered', 95.32),
(893, 701, 122, 'Give_33', '2020-05-02', '18:33:56', 'Cancelled', 70.06),
(894, 736, 24, 'Million_57', '2021-08-16', '07:22:30', 'Pending', 32.02),
(895, 890, 136, 'Lead_55', '2021-05-22', '05:57:00', 'Delivered', 9.65),
(896, 111, 4, 'Never_27', '2022-04-22', '09:02:19', 'Cancelled', 82.88),
(897, 917, 131, 'Story_85', '2023-06-02', '15:22:58', 'Delivered', 15.35),
(898, 79, 107, 'Decide_97', '2021-09-26', '12:40:10', 'Pending', 84.77),
(899, 141, 29, 'Although_94', '2022-06-18', '14:01:47', 'Delivered', 87.15),
(900, 720, 189, 'Young_37', '2021-03-24', '20:17:13', 'Delivered', 80.6),
(901, 856, 115, 'Specific_46', '2021-10-30', '17:33:16', 'Pending', 70.95),
(902, 456, 48, 'Laugh_4', '2021-07-25', '16:14:32', 'Delivered', 77.62),
(903, 892, 137, 'Military_27', '2020-09-23', '17:54:13', 'Delivered', 22.7),
(904, 189, 29, 'Purpose_21', '2023-09-29', '18:34:49', 'Cancelled', 64.99),
(905, 880, 117, 'I_53', '2020-11-12', '00:17:33', 'Pending', 69.83),
(906, 516, 68, 'South_1', '2022-01-30', '14:48:46', 'Delivered', 34.51),
(907, 211, 145, 'Sound_17', '2023-08-23', '23:52:34', 'Cancelled', 29.47),
(908, 84, 121, 'Along_5', '2022-09-16', '13:00:03', 'Cancelled', 34.8),
(909, 481, 157, 'Day_55', '2021-01-19', '17:03:59', 'Cancelled', 61.98),
(910, 780, 27, 'Term_98', '2021-02-06', '01:11:57', 'Pending', 56.76),
(911, 88, 37, 'Property_1', '2023-08-23', '11:38:08', 'Delivered', 34.74),
(912, 293, 30, 'Large_35', '2021-09-20', '03:59:46', 'Delivered', 8.88),
(913, 88, 81, 'Long_30', '2022-01-24', '20:02:30', 'Delivered', 28.4),
(914, 623, 79, 'Plant_16', '2020-05-20', '15:42:00', 'Pending', 17.12),
(915, 146, 47, 'Story_17', '2020-11-19', '01:49:40', 'Delivered', 80.87),
(916, 352, 71, 'Floor_89', '2022-05-20', '10:35:39', 'Cancelled', 24.39),
(917, 161, 4, 'Increase_72', '2020-10-29', '18:39:39', 'Pending', 67.79),
(918, 204, 177, 'Over_47', '2020-01-16', '23:42:57', 'Pending', 44.35),
(919, 835, 44, 'Compare_65', '2020-09-14', '05:12:12', 'Delivered', 12.17),
(920, 499, 165, 'To_6', '2021-07-08', '14:49:58', 'Delivered', 34.24),
(921, 879, 91, 'Place_66', '2021-09-28', '06:38:46', 'Delivered', 76.78),
(922, 275, 104, 'Toward_17', '2021-07-15', '12:48:52', 'Pending', 7.09),
(923, 367, 31, 'Measure_33', '2021-07-30', '17:01:15', 'Cancelled', 55.99),
(924, 5, 174, 'Able_70', '2023-03-23', '02:45:47', 'Cancelled', 55.45),
(925, 723, 86, 'Into_19', '2023-04-21', '09:56:27', 'Cancelled', 19.24),
(926, 161, 105, 'Daughter_26', '2020-09-30', '03:38:08', 'Cancelled', 70.31),
(927, 261, 123, 'Watch_64', '2023-07-26', '18:28:48', 'Pending', 77.34),
(928, 361, 97, 'His_64', '2021-09-02', '17:40:36', 'Pending', 98.37),
(929, 270, 114, 'Dog_27', '2023-02-14', '21:01:09', 'Delivered', 43.76),
(930, 214, 59, 'Player_92', '2023-01-14', '14:32:41', 'Delivered', 63.16),
(931, 562, 8, 'Forget_30', '2021-11-01', '07:52:54', 'Delivered', 72.95),
(932, 981, 40, 'Front_59', '2021-12-05', '10:18:23', 'Pending', 22.59),
(933, 340, 95, 'True_50', '2022-06-24', '00:26:58', 'Delivered', 93.62),
(934, 560, 101, 'Forget_4', '2023-04-13', '05:47:54', 'Cancelled', 99.5),
(935, 766, 14, 'Discuss_97', '2021-11-28', '02:32:40', 'Pending', 48.21),
(936, 930, 55, 'Learn_47', '2022-11-03', '04:42:53', 'Delivered', 66.22),
(937, 605, 40, 'Catch_5', '2022-04-21', '20:18:19', 'Cancelled', 40.12),
(938, 232, 59, 'Significant_66', '2020-08-14', '14:16:38', 'Cancelled', 83.24),
(939, 238, 138, 'Whether_77', '2020-09-21', '11:43:48', 'Pending', 43.82),
(940, 299, 173, 'Agent_21', '2023-05-31', '13:21:59', 'Cancelled', 51.46),
(941, 76, 123, 'Common_4', '2021-02-15', '11:46:34', 'Pending', 30.65),
(942, 347, 57, 'Public_40', '2021-05-01', '22:26:50', 'Cancelled', 22.77),
(943, 671, 6, 'Adult_60', '2020-06-16', '19:05:24', 'Pending', 21.31),
(944, 889, 22, 'Site_58', '2020-02-28', '02:18:36', 'Delivered', 20.08),
(945, 580, 196, 'Structure_26', '2020-03-19', '17:45:18', 'Cancelled', 97.96),
(946, 126, 1, 'Collection_61', '2021-10-18', '07:08:49', 'Delivered', 89.2),
(947, 82, 183, 'Win_93', '2023-01-23', '06:40:16', 'Delivered', 28.63),
(948, 272, 103, 'Mind_41', '2020-09-06', '02:59:57', 'Cancelled', 92.94),
(949, 788, 99, 'Moment_24', '2021-03-26', '23:06:26', 'Delivered', 98.9),
(950, 613, 187, 'Member_73', '2020-06-04', '13:44:18', 'Pending', 47.61),
(951, 21, 9, 'I_56', '2022-06-20', '14:09:46', 'Cancelled', 33.71),
(952, 831, 110, 'Hotel_62', '2021-05-01', '15:36:08', 'Cancelled', 96.51),
(953, 826, 112, 'Off_80', '2022-12-31', '05:26:35', 'Cancelled', 71.34),
(954, 897, 132, 'Market_58', '2020-10-22', '03:09:25', 'Cancelled', 89.72),
(955, 600, 166, 'Line_3', '2022-04-26', '02:43:21', 'Cancelled', 29.74),
(956, 375, 181, 'Number_51', '2022-07-01', '05:30:24', 'Cancelled', 64.16),
(957, 903, 183, 'Design_5', '2023-07-29', '03:56:11', 'Delivered', 63.21),
(958, 154, 35, 'Child_14', '2021-02-15', '19:10:14', 'Cancelled', 56.45),
(959, 35, 116, 'State_17', '2020-11-22', '21:04:08', 'Delivered', 35.26),
(960, 684, 30, 'Last_48', '2022-11-03', '10:25:56', 'Cancelled', 41.65),
(961, 848, 177, 'Office_66', '2020-11-19', '19:45:01', 'Cancelled', 81.91),
(962, 411, 53, 'Else_48', '2022-04-24', '07:12:45', 'Cancelled', 84.6),
(963, 779, 136, 'Very_7', '2021-02-12', '02:34:28', 'Delivered', 7.85),
(964, 957, 42, 'Possible_72', '2021-08-25', '23:26:21', 'Cancelled', 44.78),
(965, 299, 9, 'Where_44', '2021-08-21', '19:51:44', 'Cancelled', 80.0),
(966, 424, 144, 'Wide_27', '2022-09-09', '16:19:43', 'Delivered', 96.06),
(967, 801, 85, 'Age_46', '2023-11-05', '14:38:23', 'Cancelled', 34.26),
(968, 901, 110, 'Water_70', '2020-10-04', '13:13:16', 'Cancelled', 69.37),
(969, 53, 48, 'Down_42', '2020-09-12', '14:07:44', 'Pending', 17.55),
(970, 325, 97, 'Enter_72', '2020-11-17', '04:53:56', 'Cancelled', 57.58),
(971, 175, 17, 'Present_3', '2022-07-01', '16:35:01', 'Delivered', 13.31),
(972, 359, 54, 'Front_55', '2023-10-04', '21:08:01', 'Delivered', 54.88),
(973, 867, 97, 'Realize_38', '2022-12-11', '13:12:16', 'Delivered', 49.55),
(974, 649, 63, 'Project_67', '2021-07-15', '04:55:52', 'Pending', 64.25),
(975, 470, 17, 'Way_4', '2020-04-17', '00:50:14', 'Cancelled', 46.42),
(976, 636, 17, 'Minute_94', '2023-02-19', '12:45:25', 'Cancelled', 41.38),
(977, 644, 119, 'Goal_9', '2020-09-11', '18:18:58', 'Cancelled', 7.34),
(978, 376, 25, 'Event_38', '2021-05-20', '22:07:17', 'Delivered', 24.07),
(979, 813, 43, 'Mention_15', '2020-03-17', '01:27:26', 'Delivered', 49.28),
(980, 416, 19, 'Also_92', '2021-10-15', '06:21:06', 'Pending', 44.13),
(981, 915, 60, 'Fund_77', '2020-06-11', '12:42:32', 'Pending', 67.59),
(982, 152, 17, 'Join_17', '2022-08-17', '11:28:47', 'Cancelled', 91.23),
(983, 615, 76, 'Our_53', '2021-08-07', '03:55:56', 'Pending', 9.13),
(984, 315, 7, 'Right_69', '2021-02-02', '03:51:47', 'Delivered', 26.57),
(985, 896, 29, 'Present_97', '2021-04-21', '14:12:31', 'Delivered', 48.2),
(986, 961, 50, 'Quality_57', '2020-12-30', '04:10:18', 'Pending', 14.49),
(987, 71, 124, 'Very_80', '2021-06-28', '00:43:35', 'Cancelled', 77.32),
(988, 88, 140, 'Newspaper_10', '2020-08-18', '04:12:10', 'Delivered', 9.26),
(989, 107, 125, 'Entire_65', '2020-10-28', '17:49:09', 'Delivered', 11.65),
(990, 758, 159, 'Boy_42', '2020-01-04', '05:34:18', 'Cancelled', 47.17),
(991, 8, 71, 'Event_4', '2023-09-17', '07:04:05', 'Pending', 47.68),
(992, 86, 130, 'Bring_45', '2022-01-12', '11:18:36', 'Delivered', 44.81),
(993, 260, 116, 'Significant_10', '2021-09-04', '19:21:40', 'Cancelled', 76.93),
(994, 988, 131, 'Action_23', '2022-07-25', '19:28:16', 'Delivered', 28.79),
(995, 313, 51, 'Each_77', '2023-09-21', '11:43:00', 'Delivered', 38.51),
(996, 738, 155, 'Art_2', '2020-10-10', '22:07:45', 'Cancelled', 81.93),
(997, 789, 158, 'Price_52', '2020-04-09', '12:30:31', 'Delivered', 48.56),
(998, 228, 193, 'Billion_7', '2022-11-25', '13:04:07', 'Delivered', 32.53),
(999, 693, 72, 'Image_61', '2023-06-01', '15:21:22', 'Pending', 51.85),
(1000, 414, 183, 'Who_93', '2021-11-25', '20:55:59', 'Pending', 71.77),
(1001, 101, 27, 'System_25', '2023-06-30', '01:50:37', 'Cancelled', 35.71),
(1002, 529, 141, 'Base_3', '2021-03-28', '18:38:59', 'Delivered', 5.85),
(1003, 289, 36, 'List_34', '2022-07-16', '20:50:25', 'Pending', 55.13),
(1004, 119, 179, 'Red_44', '2022-12-02', '19:34:44', 'Delivered', 33.92),
(1005, 435, 9, 'Herself_70', '2023-06-24', '17:16:27', 'Pending', 64.92),
(1006, 614, 120, 'Adult_98', '2022-08-27', '15:24:49', 'Delivered', 65.77),
(1007, 106, 131, 'Meeting_61', '2020-12-09', '02:17:45', 'Delivered', 99.7),
(1008, 844, 14, 'Along_39', '2021-08-14', '02:39:12', 'Cancelled', 99.01),
(1009, 41, 24, 'Road_90', '2022-05-18', '19:42:53', 'Delivered', 34.83),
(1010, 472, 84, 'Professional_5', '2020-05-28', '07:33:36', 'Pending', 91.04),
(1011, 200, 45, 'Suggest_26', '2023-04-09', '04:49:46', 'Delivered', 72.59),
(1012, 811, 194, 'Hospital_2', '2020-08-20', '12:44:44', 'Delivered', 77.33),
(1013, 498, 167, 'Great_30', '2021-03-13', '19:32:49', 'Pending', 5.32),
(1014, 202, 196, 'Foot_75', '2021-06-06', '19:53:48', 'Pending', 86.85),
(1015, 210, 186, 'Economic_30', '2021-02-05', '18:56:00', 'Delivered', 53.22),
(1016, 958, 129, 'Threat_14', '2023-12-21', '21:12:55', 'Pending', 13.6),
(1017, 344, 101, 'Section_95', '2020-05-02', '00:31:38', 'Pending', 45.45),
(1018, 455, 93, 'Reality_2', '2020-11-11', '14:51:35', 'Pending', 41.16),
(1019, 355, 174, 'Recent_49', '2022-03-30', '13:29:39', 'Pending', 21.87),
(1020, 470, 31, 'Enough_18', '2022-04-08', '15:27:56', 'Cancelled', 65.19),
(1021, 413, 26, 'So_92', '2023-01-27', '14:18:07', 'Pending', 43.94),
(1022, 669, 53, 'Leg_75', '2021-05-15', '01:30:28', 'Pending', 84.52),
(1023, 937, 60, 'Hear_16', '2022-02-15', '15:00:06', 'Cancelled', 80.96),
(1024, 592, 157, 'Cover_20', '2022-02-24', '04:36:51', 'Delivered', 51.08),
(1025, 877, 191, 'Evidence_5', '2023-06-07', '22:00:18', 'Delivered', 83.09),
(1026, 526, 181, 'Resource_23', '2022-07-19', '16:18:31', 'Delivered', 95.86),
(1027, 280, 121, 'From_25', '2022-09-22', '18:19:00', 'Pending', 58.38),
(1028, 996, 172, 'Present_61', '2022-11-26', '15:47:42', 'Delivered', 27.44),
(1029, 957, 76, 'Hair_99', '2020-08-05', '21:29:20', 'Delivered', 74.44),
(1030, 437, 38, 'Trial_61', '2020-12-27', '17:28:39', 'Cancelled', 80.3),
(1031, 180, 43, 'Home_75', '2020-05-20', '07:57:08', 'Cancelled', 12.27),
(1032, 934, 17, 'Picture_10', '2021-10-03', '15:00:31', 'Delivered', 98.31),
(1033, 552, 181, 'Just_17', '2022-10-31', '21:42:44', 'Delivered', 87.76),
(1034, 419, 199, 'Reality_33', '2021-04-02', '21:47:33', 'Pending', 56.87),
(1035, 706, 28, 'Fight_93', '2020-09-09', '08:44:54', 'Pending', 86.71),
(1036, 784, 88, 'Detail_70', '2022-01-17', '20:09:36', 'Cancelled', 39.66),
(1037, 480, 33, 'Significant_23', '2021-10-14', '18:06:55', 'Cancelled', 90.13),
(1038, 225, 111, 'The_42', '2020-01-29', '06:44:13', 'Delivered', 6.3),
(1039, 812, 198, 'Account_25', '2020-12-07', '09:13:15', 'Delivered', 24.14),
(1040, 512, 24, 'Role_81', '2023-07-07', '06:30:57', 'Pending', 75.51),
(1041, 120, 189, 'Information_50', '2023-12-20', '00:37:15', 'Pending', 34.45),
(1042, 298, 197, 'Just_78', '2020-01-14', '06:49:06', 'Cancelled', 99.8),
(1043, 349, 197, 'Consider_61', '2022-11-06', '21:41:19', 'Delivered', 53.58),
(1044, 664, 170, 'Article_69', '2021-10-02', '01:07:09', 'Pending', 78.05),
(1045, 304, 67, 'Voice_48', '2022-05-16', '04:23:23', 'Delivered', 43.74),
(1046, 353, 182, 'Mother_4', '2020-10-08', '19:18:44', 'Cancelled', 85.73),
(1047, 606, 3, 'Save_41', '2023-07-27', '13:22:14', 'Pending', 98.22),
(1048, 339, 168, 'Peace_83', '2022-09-29', '02:16:40', 'Delivered', 55.27),
(1049, 733, 61, 'Own_87', '2022-06-20', '21:20:25', 'Pending', 17.05),
(1050, 636, 22, 'Natural_77', '2021-04-15', '06:27:00', 'Pending', 87.38),
(1051, 320, 160, 'Capital_81', '2023-08-24', '10:44:58', 'Cancelled', 74.7),
(1052, 685, 142, 'Piece_1', '2023-06-25', '02:53:42', 'Delivered', 94.41),
(1053, 82, 142, 'Role_60', '2020-06-29', '07:20:45', 'Pending', 72.22),
(1054, 495, 128, 'Accept_67', '2020-04-02', '13:33:57', 'Pending', 19.74),
(1055, 903, 84, 'Try_40', '2021-11-09', '01:16:37', 'Delivered', 57.93),
(1056, 78, 59, 'Course_39', '2022-08-25', '00:17:12', 'Cancelled', 65.04),
(1057, 496, 93, 'Wide_6', '2022-03-06', '01:58:10', 'Delivered', 98.99),
(1058, 498, 160, 'Commercial_44', '2022-01-24', '09:24:21', 'Pending', 23.03),
(1059, 260, 123, 'Beyond_38', '2022-04-29', '23:28:51', 'Cancelled', 44.98),
(1060, 225, 133, 'Defense_1', '2022-12-31', '19:44:17', 'Delivered', 80.83),
(1061, 301, 109, 'Few_48', '2021-11-26', '20:35:57', 'Cancelled', 10.25),
(1062, 791, 137, 'Politics_17', '2021-05-15', '15:52:02', 'Cancelled', 57.32),
(1063, 457, 113, 'Learn_97', '2021-09-27', '04:29:37', 'Cancelled', 27.21),
(1064, 499, 159, 'Yourself_80', '2022-07-27', '13:15:55', 'Cancelled', 91.76),
(1065, 446, 107, 'Who_20', '2022-04-17', '00:26:29', 'Delivered', 80.37),
(1066, 228, 66, 'Health_48', '2022-10-09', '21:12:15', 'Delivered', 9.51),
(1067, 879, 176, 'Fear_79', '2023-08-17', '22:19:24', 'Delivered', 27.88),
(1068, 613, 20, 'Myself_15', '2022-01-04', '00:58:42', 'Cancelled', 36.52),
(1069, 854, 78, 'Tree_38', '2022-01-09', '13:33:13', 'Delivered', 19.78),
(1070, 944, 47, 'Upon_81', '2020-06-30', '06:58:20', 'Cancelled', 65.02),
(1071, 673, 125, 'Side_90', '2021-09-24', '13:58:58', 'Pending', 89.18),
(1072, 38, 24, 'Somebody_4', '2023-01-04', '03:57:32', 'Cancelled', 24.74),
(1073, 415, 67, 'Place_80', '2021-02-04', '03:14:54', 'Cancelled', 6.92),
(1074, 767, 87, 'If_95', '2021-08-13', '16:01:38', 'Cancelled', 49.31),
(1075, 936, 29, 'Play_54', '2023-10-16', '06:51:07', 'Cancelled', 95.93),
(1076, 616, 25, 'Stage_95', '2022-07-01', '08:23:40', 'Delivered', 87.5),
(1077, 674, 144, 'Your_45', '2023-05-18', '03:47:20', 'Pending', 96.3),
(1078, 407, 36, 'Environment_34', '2022-03-14', '13:02:31', 'Cancelled', 20.67),
(1079, 351, 174, 'Pick_53', '2020-03-14', '00:06:28', 'Delivered', 44.53),
(1080, 133, 146, 'Member_28', '2021-04-26', '10:18:50', 'Delivered', 25.49),
(1081, 218, 166, 'Society_81', '2020-08-14', '05:42:58', 'Pending', 19.74),
(1082, 436, 137, 'Experience_37', '2021-02-07', '18:54:46', 'Pending', 49.64),
(1083, 410, 199, 'Growth_9', '2023-06-09', '10:49:50', 'Cancelled', 81.36),
(1084, 497, 174, 'Bank_40', '2020-04-23', '08:47:24', 'Delivered', 68.76),
(1085, 191, 54, 'Reveal_48', '2021-04-24', '03:28:17', 'Pending', 56.83),
(1086, 740, 58, 'Use_97', '2021-01-12', '19:10:15', 'Pending', 50.66),
(1087, 406, 176, 'Method_71', '2022-05-02', '16:08:14', 'Cancelled', 34.54),
(1088, 577, 31, 'Affect_59', '2023-03-23', '17:05:10', 'Delivered', 47.31),
(1089, 778, 111, 'Successful_94', '2022-05-22', '07:40:39', 'Cancelled', 48.54),
(1090, 919, 84, 'Realize_65', '2021-08-07', '02:36:27', 'Delivered', 79.46),
(1091, 388, 77, 'Back_69', '2020-06-29', '01:19:54', 'Delivered', 9.15),
(1092, 65, 117, 'Ready_85', '2022-07-20', '10:00:37', 'Pending', 28.71),
(1093, 972, 82, 'Describe_49', '2021-04-20', '13:27:55', 'Pending', 96.23),
(1094, 552, 65, 'Staff_100', '2023-12-31', '16:45:12', 'Delivered', 32.29),
(1095, 435, 98, 'Area_27', '2023-09-14', '17:26:38', 'Pending', 6.83),
(1096, 978, 11, 'Seat_89', '2020-11-15', '17:15:14', 'Delivered', 23.19),
(1097, 105, 127, 'Remain_46', '2020-08-01', '13:03:20', 'Delivered', 40.8),
(1098, 964, 60, 'Current_25', '2022-04-03', '05:52:37', 'Delivered', 20.73),
(1099, 21, 77, 'Before_75', '2020-07-07', '15:52:05', 'Cancelled', 43.53),
(1100, 829, 77, 'For_82', '2021-02-07', '14:19:07', 'Cancelled', 44.06),
(1101, 727, 82, 'Gun_18', '2023-05-24', '02:46:38', 'Pending', 67.54),
(1102, 529, 102, 'Remain_75', '2021-01-30', '20:39:16', 'Delivered', 98.39),
(1103, 182, 26, 'Maybe_46', '2020-11-16', '10:58:30', 'Delivered', 23.26),
(1104, 908, 102, 'Mother_87', '2020-02-11', '20:04:22', 'Delivered', 15.21),
(1105, 775, 87, 'Democratic_23', '2021-01-24', '02:16:25', 'Delivered', 45.22),
(1106, 25, 190, 'Trial_93', '2020-01-19', '08:21:47', 'Cancelled', 63.95),
(1107, 946, 179, 'House_6', '2020-01-28', '10:42:36', 'Cancelled', 18.85),
(1108, 223, 125, 'Station_53', '2022-12-19', '03:26:07', 'Cancelled', 86.52),
(1109, 373, 137, 'Soon_47', '2021-08-27', '19:42:45', 'Pending', 39.14),
(1110, 180, 172, 'Include_93', '2023-07-07', '11:00:44', 'Pending', 86.12),
(1111, 590, 5, 'Recently_57', '2021-11-25', '07:36:23', 'Pending', 68.79),
(1112, 130, 70, 'Reduce_42', '2022-08-09', '18:21:48', 'Cancelled', 47.72),
(1113, 872, 17, 'Institution_15', '2022-06-27', '14:00:54', 'Cancelled', 23.12),
(1114, 784, 52, 'Eat_64', '2023-10-06', '09:23:13', 'Delivered', 18.09),
(1115, 848, 16, 'Somebody_68', '2022-01-20', '16:07:39', 'Delivered', 50.82),
(1116, 874, 26, 'Decision_8', '2022-07-03', '06:18:53', 'Pending', 96.51),
(1117, 389, 155, 'Pressure_27', '2023-03-03', '02:05:09', 'Delivered', 91.31),
(1118, 382, 17, 'Fish_27', '2023-08-13', '02:32:24', 'Delivered', 14.12),
(1119, 258, 63, 'Player_69', '2023-03-02', '16:38:20', 'Delivered', 6.43),
(1120, 955, 175, 'Stop_11', '2022-01-29', '13:08:27', 'Pending', 91.08),
(1121, 753, 10, 'Character_82', '2023-12-31', '01:40:05', 'Delivered', 39.29),
(1122, 62, 43, 'Cut_18', '2021-04-19', '04:18:25', 'Pending', 75.9),
(1123, 813, 103, 'Success_100', '2021-09-28', '18:51:55', 'Pending', 17.55),
(1124, 216, 147, 'Professor_9', '2020-06-28', '04:55:26', 'Delivered', 56.95),
(1125, 635, 14, 'Morning_1', '2020-01-25', '14:37:24', 'Pending', 42.9),
(1126, 23, 178, 'Suddenly_82', '2020-08-09', '16:21:44', 'Delivered', 27.65),
(1127, 628, 137, 'Main_30', '2020-02-25', '17:17:12', 'Pending', 87.76),
(1128, 103, 103, 'Environmental_37', '2020-12-07', '14:17:48', 'Cancelled', 53.25),
(1129, 342, 83, 'Party_25', '2020-04-06', '13:05:58', 'Pending', 55.52),
(1130, 389, 33, 'Which_92', '2021-03-30', '18:10:25', 'Delivered', 82.55),
(1131, 386, 183, 'Suggest_15', '2023-10-29', '11:29:25', 'Pending', 16.52),
(1132, 88, 122, 'Leg_75', '2023-06-18', '07:40:14', 'Delivered', 43.34),
(1133, 861, 59, 'Tree_1', '2020-07-28', '04:33:05', 'Delivered', 30.35),
(1134, 653, 42, 'Why_86', '2020-02-15', '09:30:50', 'Pending', 72.93),
(1135, 962, 45, 'Left_37', '2022-10-16', '03:55:47', 'Pending', 49.28),
(1136, 317, 53, 'Although_20', '2021-09-12', '05:20:49', 'Pending', 36.93),
(1137, 838, 190, 'Most_29', '2023-05-12', '17:27:43', 'Pending', 12.92),
(1138, 241, 44, 'Experience_25', '2020-05-10', '01:38:51', 'Delivered', 23.38),
(1139, 746, 65, 'First_31', '2023-02-08', '14:07:15', 'Cancelled', 22.27),
(1140, 359, 163, 'Beyond_88', '2020-07-14', '04:49:55', 'Pending', 87.93),
(1141, 897, 56, 'War_29', '2020-02-24', '18:27:31', 'Delivered', 17.75),
(1142, 334, 9, 'Dinner_91', '2023-06-12', '15:09:17', 'Cancelled', 93.54),
(1143, 346, 36, 'Wait_64', '2022-07-29', '15:26:20', 'Delivered', 20.47),
(1144, 30, 195, 'Politics_76', '2023-02-06', '23:13:13', 'Delivered', 87.11),
(1145, 575, 72, 'Benefit_10', '2021-10-11', '12:19:08', 'Pending', 91.87),
(1146, 860, 82, 'Authority_53', '2022-03-03', '23:35:29', 'Pending', 66.92),
(1147, 824, 186, 'High_61', '2022-03-31', '19:11:06', 'Cancelled', 85.02),
(1148, 710, 78, 'Soldier_58', '2022-07-06', '20:46:10', 'Delivered', 73.34),
(1149, 927, 38, 'Small_80', '2022-11-11', '17:39:11', 'Cancelled', 30.45),
(1150, 626, 160, 'Scientist_44', '2021-01-15', '09:36:28', 'Cancelled', 23.33),
(1151, 574, 52, 'Yet_4', '2020-02-05', '08:28:52', 'Pending', 63.0),
(1152, 899, 82, 'Any_43', '2020-11-19', '23:19:25', 'Cancelled', 48.08),
(1153, 282, 124, 'Economy_10', '2022-01-14', '00:47:34', 'Pending', 78.2),
(1154, 533, 85, 'Full_18', '2020-04-08', '04:41:00', 'Cancelled', 10.98),
(1155, 273, 169, 'Foreign_4', '2022-10-02', '00:45:07', 'Delivered', 88.44),
(1156, 106, 28, 'High_57', '2022-05-05', '01:47:58', 'Pending', 71.69),
(1157, 888, 31, 'Decide_21', '2021-10-10', '03:41:14', 'Cancelled', 78.44),
(1158, 691, 4, 'Town_70', '2023-10-17', '09:44:06', 'Cancelled', 17.6),
(1159, 631, 24, 'Mean_41', '2021-03-20', '13:06:47', 'Delivered', 63.48),
(1160, 207, 40, 'President_63', '2023-11-16', '22:44:46', 'Pending', 78.65),
(1161, 412, 105, 'Deep_100', '2022-09-23', '07:26:49', 'Delivered', 77.09),
(1162, 980, 194, 'Financial_23', '2020-09-04', '21:17:28', 'Delivered', 30.47),
(1163, 306, 47, 'May_29', '2020-06-06', '23:02:57', 'Delivered', 20.89),
(1164, 808, 200, 'Hair_65', '2023-12-10', '02:06:38', 'Pending', 81.72),
(1165, 233, 11, 'Deep_89', '2021-07-17', '21:47:57', 'Cancelled', 35.84),
(1166, 694, 69, 'Very_32', '2022-11-07', '19:53:10', 'Delivered', 85.63),
(1167, 511, 77, 'Position_10', '2023-04-26', '08:37:57', 'Cancelled', 54.62),
(1168, 325, 16, 'Loss_55', '2022-02-27', '12:31:10', 'Delivered', 33.78),
(1169, 137, 159, 'Bring_64', '2023-10-01', '05:56:00', 'Cancelled', 35.57),
(1170, 324, 175, 'Radio_38', '2022-07-31', '07:53:53', 'Pending', 41.68),
(1171, 963, 74, 'Drop_27', '2023-06-03', '17:33:04', 'Pending', 95.89),
(1172, 395, 66, 'And_69', '2022-07-18', '04:35:23', 'Delivered', 21.94),
(1173, 253, 23, 'Matter_62', '2023-02-04', '03:45:56', 'Pending', 83.89),
(1174, 514, 143, 'Sea_83', '2021-08-16', '20:33:14', 'Delivered', 88.04),
(1175, 50, 76, 'True_52', '2023-09-25', '03:59:26', 'Delivered', 87.83),
(1176, 471, 128, 'Energy_92', '2023-03-14', '01:47:14', 'Delivered', 62.34),
(1177, 167, 95, 'Call_32', '2022-01-07', '20:20:38', 'Cancelled', 90.53),
(1178, 966, 116, 'Simple_44', '2022-01-13', '10:13:51', 'Delivered', 77.08),
(1179, 582, 27, 'Study_2', '2022-01-10', '21:04:59', 'Delivered', 14.67),
(1180, 547, 152, 'Own_64', '2021-07-30', '15:15:34', 'Delivered', 53.71),
(1181, 13, 182, 'Check_45', '2022-06-25', '21:00:59', 'Pending', 25.65),
(1182, 739, 86, 'Trouble_50', '2023-10-03', '21:21:46', 'Pending', 65.6),
(1183, 963, 154, 'We_68', '2023-07-04', '11:19:26', 'Delivered', 61.61),
(1184, 721, 111, 'Share_49', '2020-06-04', '12:49:49', 'Cancelled', 66.03),
(1185, 231, 160, 'Social_11', '2021-04-13', '02:09:57', 'Delivered', 22.58),
(1186, 841, 172, 'Others_88', '2022-09-28', '19:31:21', 'Delivered', 89.16),
(1187, 895, 147, 'Safe_94', '2020-08-21', '06:01:00', 'Delivered', 22.82),
(1188, 564, 153, 'Security_20', '2022-01-19', '17:56:05', 'Delivered', 33.08),
(1189, 152, 143, 'Language_56', '2023-07-02', '01:38:00', 'Pending', 82.57),
(1190, 89, 65, 'Radio_87', '2023-03-01', '09:55:51', 'Pending', 10.24),
(1191, 902, 175, 'Hundred_98', '2023-05-12', '20:15:54', 'Delivered', 70.87),
(1192, 612, 124, 'Itself_91', '2021-03-07', '05:16:43', 'Delivered', 96.67),
(1193, 772, 30, 'Control_34', '2020-11-20', '19:34:30', 'Pending', 56.34),
(1194, 127, 71, 'Thank_7', '2022-09-01', '00:23:52', 'Cancelled', 95.09),
(1195, 468, 17, 'Simple_21', '2022-12-28', '22:02:21', 'Cancelled', 22.3),
(1196, 662, 103, 'Reduce_14', '2020-01-16', '16:06:38', 'Cancelled', 26.59),
(1197, 436, 75, 'Well_43', '2023-11-30', '15:19:37', 'Cancelled', 38.55),
(1198, 503, 14, 'Important_42', '2023-07-12', '16:52:18', 'Pending', 47.94),
(1199, 233, 63, 'Magazine_95', '2020-12-30', '04:06:23', 'Cancelled', 51.84),
(1200, 954, 124, 'Dark_95', '2020-10-11', '13:13:54', 'Pending', 30.51),
(1201, 90, 52, 'Thousand_26', '2021-08-17', '13:29:25', 'Delivered', 39.4),
(1202, 670, 73, 'Positive_93', '2022-05-18', '11:45:22', 'Cancelled', 21.69),
(1203, 499, 192, 'Open_33', '2023-02-20', '19:01:43', 'Cancelled', 51.32),
(1204, 718, 149, 'In_73', '2021-03-19', '19:26:11', 'Cancelled', 74.93),
(1205, 954, 129, 'Executive_52', '2023-05-03', '20:14:24', 'Cancelled', 49.34),
(1206, 875, 87, 'Movie_15', '2021-07-10', '00:43:01', 'Cancelled', 17.71),
(1207, 238, 150, 'Hospital_81', '2021-04-01', '05:35:29', 'Cancelled', 16.89),
(1208, 750, 36, 'Whom_91', '2023-04-24', '16:07:59', 'Pending', 32.73),
(1209, 110, 22, 'Camera_85', '2020-08-23', '11:43:07', 'Cancelled', 85.08),
(1210, 227, 192, 'Fire_12', '2021-01-31', '07:04:30', 'Delivered', 9.31),
(1211, 153, 32, 'Can_38', '2020-05-27', '17:59:20', 'Cancelled', 64.38),
(1212, 464, 170, 'Guess_80', '2023-06-05', '21:02:26', 'Cancelled', 76.48),
(1213, 923, 17, 'Wide_81', '2022-02-08', '07:30:56', 'Cancelled', 88.47),
(1214, 103, 183, 'Not_89', '2023-06-07', '15:36:26', 'Delivered', 80.36),
(1215, 157, 184, 'Bring_12', '2020-05-08', '09:23:25', 'Delivered', 16.67),
(1216, 52, 147, 'Edge_57', '2020-03-28', '23:54:29', 'Cancelled', 45.76),
(1217, 782, 187, 'Learn_71', '2022-03-01', '00:12:05', 'Pending', 53.23),
(1218, 368, 158, 'Finally_8', '2023-06-04', '05:53:15', 'Delivered', 60.36),
(1219, 684, 20, 'Much_15', '2020-03-30', '21:08:17', 'Delivered', 99.32),
(1220, 186, 159, 'Degree_11', '2020-09-14', '23:17:37', 'Delivered', 94.49),
(1221, 495, 161, 'Less_83', '2022-06-13', '00:07:37', 'Delivered', 95.73),
(1222, 354, 65, 'College_55', '2020-03-15', '15:45:57', 'Cancelled', 73.86),
(1223, 248, 194, 'Process_3', '2021-06-08', '22:54:22', 'Pending', 38.89),
(1224, 883, 47, 'Deal_5', '2022-04-28', '19:06:23', 'Cancelled', 30.89),
(1225, 485, 47, 'Live_37', '2020-06-20', '05:58:22', 'Cancelled', 40.18),
(1226, 927, 67, 'Provide_91', '2020-09-26', '19:55:03', 'Delivered', 93.33),
(1227, 195, 155, 'Help_18', '2020-02-16', '22:08:28', 'Pending', 99.62),
(1228, 958, 196, 'Full_26', '2023-01-28', '10:11:10', 'Pending', 6.33),
(1229, 176, 152, 'Down_43', '2020-03-01', '10:17:51', 'Delivered', 10.51),
(1230, 395, 197, 'Church_24', '2020-08-10', '08:39:08', 'Delivered', 24.93),
(1231, 324, 190, 'Likely_87', '2021-04-29', '02:33:23', 'Delivered', 84.31),
(1232, 877, 31, 'Girl_90', '2021-09-17', '13:35:13', 'Pending', 46.28),
(1233, 872, 146, 'Population_13', '2022-10-03', '00:35:41', 'Pending', 62.59),
(1234, 278, 199, 'Affect_45', '2022-10-19', '16:53:57', 'Cancelled', 97.22),
(1235, 874, 125, 'Action_7', '2023-04-17', '06:25:58', 'Pending', 28.78),
(1236, 518, 10, 'Girl_96', '2020-07-22', '10:16:25', 'Pending', 71.64),
(1237, 216, 95, 'Position_49', '2020-02-24', '10:40:46', 'Cancelled', 6.53),
(1238, 492, 2, 'Practice_69', '2022-11-06', '10:02:48', 'Delivered', 51.6),
(1239, 168, 84, 'Marriage_100', '2020-06-15', '10:07:04', 'Delivered', 93.44),
(1240, 416, 190, 'Lot_71', '2022-09-26', '23:46:55', 'Delivered', 63.41),
(1241, 752, 48, 'White_84', '2023-11-15', '14:37:33', 'Pending', 78.96),
(1242, 672, 50, 'Party_23', '2021-04-26', '19:43:59', 'Pending', 81.79),
(1243, 995, 164, 'Writer_79', '2022-08-29', '18:08:22', 'Cancelled', 12.24),
(1244, 700, 75, 'Hair_10', '2020-05-06', '17:38:23', 'Delivered', 11.7),
(1245, 93, 141, 'Blue_17', '2023-06-15', '03:22:40', 'Cancelled', 76.83),
(1246, 93, 58, 'Edge_57', '2020-05-26', '01:02:32', 'Pending', 99.94),
(1247, 665, 42, 'Assume_28', '2023-12-06', '07:32:49', 'Cancelled', 37.37),
(1248, 258, 81, 'Still_45', '2021-01-20', '20:21:11', 'Delivered', 92.6),
(1249, 960, 22, 'When_88', '2023-11-03', '20:23:08', 'Pending', 22.14),
(1250, 305, 26, 'Better_60', '2021-08-07', '10:55:23', 'Cancelled', 45.37),
(1251, 590, 182, 'Organization_62', '2023-11-08', '11:22:54', 'Cancelled', 56.63),
(1252, 873, 174, 'Indicate_67', '2023-10-12', '22:50:23', 'Delivered', 48.41),
(1253, 62, 7, 'Go_89', '2022-05-04', '08:02:25', 'Pending', 77.33),
(1254, 82, 189, 'Enough_94', '2021-09-10', '06:57:20', 'Delivered', 68.05),
(1255, 141, 177, 'Control_69', '2021-11-29', '17:12:02', 'Pending', 49.79),
(1256, 751, 196, 'Teacher_38', '2022-02-22', '10:51:36', 'Cancelled', 11.19),
(1257, 262, 90, 'Simply_49', '2023-06-06', '08:01:22', 'Delivered', 13.97),
(1258, 45, 162, 'Work_98', '2021-12-11', '09:22:30', 'Cancelled', 88.62),
(1259, 735, 58, 'Attorney_58', '2021-12-05', '10:53:17', 'Delivered', 37.69),
(1260, 705, 103, 'Also_6', '2021-08-31', '14:01:36', 'Delivered', 58.31),
(1261, 912, 96, 'Hit_8', '2023-09-08', '19:17:41', 'Delivered', 19.77),
(1262, 501, 200, 'Radio_79', '2023-05-10', '23:53:48', 'Delivered', 39.06),
(1263, 409, 92, 'Race_62', '2021-05-27', '22:54:58', 'Delivered', 43.1),
(1264, 503, 48, 'Task_96', '2021-04-24', '00:58:26', 'Cancelled', 16.37),
(1265, 201, 175, 'Article_32', '2020-02-06', '07:06:23', 'Pending', 50.49),
(1266, 912, 193, 'Should_14', '2022-01-21', '21:39:14', 'Delivered', 42.27),
(1267, 364, 44, 'Later_11', '2021-05-21', '13:12:09', 'Delivered', 82.75),
(1268, 789, 139, 'Much_24', '2023-10-08', '15:19:04', 'Delivered', 26.08),
(1269, 273, 168, 'Through_57', '2023-02-13', '01:09:14', 'Cancelled', 7.79),
(1270, 469, 129, 'Anything_11', '2022-07-04', '12:33:05', 'Pending', 97.19),
(1271, 189, 181, 'Else_75', '2020-07-08', '17:12:08', 'Delivered', 6.19),
(1272, 648, 115, 'Drug_4', '2022-12-12', '21:46:18', 'Cancelled', 53.78),
(1273, 996, 35, 'Offer_1', '2020-07-05', '12:55:45', 'Cancelled', 56.61),
(1274, 649, 141, 'Should_25', '2022-06-27', '06:38:19', 'Cancelled', 83.96),
(1275, 77, 185, 'Feel_11', '2022-01-08', '21:18:33', 'Cancelled', 86.62),
(1276, 525, 185, 'Edge_41', '2021-10-29', '03:31:02', 'Pending', 18.24),
(1277, 223, 189, 'Write_62', '2023-07-20', '15:27:51', 'Pending', 79.49),
(1278, 571, 113, 'Language_21', '2021-08-08', '22:28:47', 'Cancelled', 19.68),
(1279, 210, 73, 'Say_27', '2020-02-26', '18:28:29', 'Pending', 12.06),
(1280, 791, 196, 'Special_72', '2022-04-29', '09:27:51', 'Pending', 62.22),
(1281, 400, 195, 'Power_20', '2023-07-21', '05:27:26', 'Delivered', 71.59),
(1282, 492, 67, 'Allow_27', '2021-11-19', '14:07:57', 'Pending', 24.24),
(1283, 731, 150, 'Happen_94', '2021-11-02', '20:33:25', 'Cancelled', 31.64),
(1284, 426, 121, 'Decide_31', '2021-10-11', '06:13:24', 'Cancelled', 96.86),
(1285, 522, 12, 'Economic_82', '2021-07-27', '02:34:14', 'Cancelled', 14.85),
(1286, 692, 181, 'Nothing_5', '2023-06-07', '14:31:35', 'Delivered', 29.72),
(1287, 233, 129, 'Left_88', '2022-07-08', '01:30:45', 'Cancelled', 92.42),
(1288, 556, 61, 'Season_99', '2023-04-15', '18:04:52', 'Pending', 40.26),
(1289, 176, 132, 'Rich_27', '2021-01-07', '11:36:02', 'Cancelled', 83.83),
(1290, 979, 48, 'Current_44', '2021-03-18', '16:47:15', 'Cancelled', 70.54),
(1291, 516, 137, 'Material_57', '2022-05-10', '01:01:40', 'Cancelled', 47.89),
(1292, 798, 154, 'Type_24', '2020-02-29', '19:18:21', 'Cancelled', 89.6),
(1293, 254, 161, 'Clear_21', '2021-06-14', '03:06:05', 'Cancelled', 55.89),
(1294, 771, 142, 'Perhaps_72', '2020-09-18', '21:59:28', 'Delivered', 80.26),
(1295, 40, 194, 'Personal_5', '2020-08-10', '17:20:26', 'Pending', 8.57),
(1296, 33, 49, 'Plant_71', '2021-05-26', '07:53:50', 'Cancelled', 65.7),
(1297, 421, 40, 'Get_24', '2023-09-17', '17:22:13', 'Cancelled', 56.21),
(1298, 145, 9, 'Member_13', '2022-08-08', '19:42:23', 'Delivered', 5.1),
(1299, 667, 123, 'Your_21', '2020-10-11', '17:01:31', 'Pending', 95.19),
(1300, 254, 189, 'Quickly_95', '2023-06-29', '18:28:39', 'Delivered', 75.87),
(1301, 533, 194, 'Organization_43', '2022-11-24', '17:17:09', 'Delivered', 90.69),
(1302, 469, 145, 'Entire_60', '2022-04-14', '14:51:25', 'Cancelled', 87.34),
(1303, 96, 167, 'Especially_59', '2021-02-08', '04:05:31', 'Delivered', 91.01),
(1304, 626, 83, 'Before_79', '2023-11-18', '16:47:37', 'Delivered', 24.06),
(1305, 202, 124, 'Job_10', '2020-06-21', '14:14:37', 'Pending', 25.46),
(1306, 84, 94, 'Especially_16', '2023-09-27', '12:49:11', 'Pending', 86.06),
(1307, 78, 109, 'Along_69', '2023-12-21', '16:42:50', 'Pending', 60.0),
(1308, 969, 111, 'Spend_67', '2021-12-04', '21:21:36', 'Pending', 44.39),
(1309, 112, 40, 'Yet_50', '2021-10-09', '10:35:05', 'Cancelled', 48.0),
(1310, 607, 140, 'Next_49', '2021-08-28', '12:54:37', 'Delivered', 42.77),
(1311, 289, 80, 'Community_98', '2023-10-16', '01:35:13', 'Delivered', 5.35),
(1312, 224, 145, 'Run_91', '2022-11-16', '02:09:08', 'Pending', 6.8),
(1313, 116, 71, 'Major_23', '2023-01-31', '20:31:55', 'Pending', 51.38),
(1314, 863, 123, 'Us_25', '2021-12-06', '20:11:26', 'Pending', 69.09),
(1315, 210, 89, 'Also_1', '2021-06-19', '07:44:32', 'Pending', 75.02),
(1316, 643, 191, 'Tell_22', '2023-03-17', '11:11:45', 'Delivered', 12.98),
(1317, 2, 69, 'Including_67', '2020-10-14', '13:15:03', 'Cancelled', 36.23),
(1318, 924, 139, 'Their_30', '2021-07-22', '17:14:04', 'Cancelled', 66.72),
(1319, 144, 170, 'Too_1', '2023-02-08', '00:20:07', 'Cancelled', 53.47),
(1320, 350, 85, 'Nor_88', '2022-12-12', '15:30:12', 'Pending', 82.96),
(1321, 403, 156, 'Want_49', '2021-04-09', '01:19:03', 'Cancelled', 33.0),
(1322, 680, 199, 'Sea_100', '2021-11-17', '03:48:31', 'Pending', 35.13),
(1323, 695, 84, 'Avoid_32', '2023-12-26', '20:04:35', 'Cancelled', 38.16),
(1324, 874, 35, 'Way_92', '2022-10-11', '15:00:56', 'Pending', 72.35),
(1325, 193, 32, 'Above_100', '2022-07-17', '17:50:32', 'Pending', 76.79),
(1326, 993, 164, 'Lawyer_64', '2020-07-20', '11:05:05', 'Delivered', 18.41),
(1327, 709, 6, 'Resource_97', '2022-06-12', '15:38:58', 'Cancelled', 26.7),
(1328, 739, 40, 'Continue_50', '2023-11-20', '23:53:19', 'Pending', 33.32),
(1329, 877, 98, 'Age_29', '2022-12-24', '11:20:31', 'Pending', 98.33),
(1330, 923, 175, 'Open_38', '2021-03-24', '07:28:50', 'Pending', 63.68),
(1331, 584, 116, 'Color_11', '2020-12-03', '03:43:13', 'Cancelled', 33.96),
(1332, 563, 8, 'Anything_38', '2021-11-15', '04:40:07', 'Pending', 27.73),
(1333, 746, 51, 'Bad_41', '2023-02-14', '20:12:08', 'Delivered', 61.84),
(1334, 506, 12, 'Affect_59', '2023-06-15', '17:59:21', 'Delivered', 53.38),
(1335, 567, 65, 'Politics_70', '2023-01-26', '02:40:15', 'Cancelled', 62.76),
(1336, 84, 182, 'Data_10', '2021-10-02', '16:33:45', 'Delivered', 27.8),
(1337, 139, 54, 'Finish_3', '2020-12-25', '17:47:41', 'Delivered', 48.34),
(1338, 985, 166, 'Say_25', '2021-04-10', '16:53:26', 'Cancelled', 34.78),
(1339, 92, 47, 'Evidence_24', '2021-04-18', '14:25:36', 'Pending', 11.63),
(1340, 953, 136, 'Image_84', '2022-08-29', '19:43:02', 'Cancelled', 57.29),
(1341, 462, 20, 'Interview_6', '2023-07-23', '02:02:32', 'Delivered', 37.82),
(1342, 689, 180, 'Attack_53', '2021-06-27', '18:55:11', 'Cancelled', 27.38),
(1343, 990, 165, 'Short_50', '2023-09-16', '17:51:18', 'Pending', 27.47),
(1344, 218, 182, 'Behavior_84', '2020-07-10', '00:01:43', 'Cancelled', 51.06),
(1345, 65, 64, 'Doctor_33', '2020-05-02', '02:45:58', 'Delivered', 64.01),
(1346, 379, 11, 'Most_40', '2021-04-13', '06:51:22', 'Cancelled', 40.77),
(1347, 110, 156, 'If_11', '2023-12-02', '06:12:07', 'Pending', 58.11),
(1348, 164, 86, 'Not_93', '2021-11-14', '15:51:22', 'Pending', 72.35),
(1349, 922, 104, 'Manager_21', '2023-08-22', '16:55:05', 'Pending', 61.81),
(1350, 383, 30, 'Particularly_48', '2023-04-05', '05:25:51', 'Pending', 62.33),
(1351, 433, 176, 'Least_26', '2021-07-11', '02:55:26', 'Cancelled', 99.0),
(1352, 673, 122, 'Production_19', '2023-10-21', '07:57:09', 'Pending', 56.0),
(1353, 336, 3, 'High_38', '2021-10-08', '10:52:41', 'Delivered', 11.93),
(1354, 85, 135, 'Head_33', '2022-10-08', '15:37:58', 'Cancelled', 60.66),
(1355, 954, 156, 'Rather_71', '2022-07-11', '23:51:15', 'Cancelled', 98.33),
(1356, 425, 133, 'Trade_31', '2021-02-10', '14:13:32', 'Delivered', 98.43),
(1357, 729, 14, 'Minute_11', '2023-06-06', '11:16:30', 'Cancelled', 29.18),
(1358, 82, 26, 'Forget_8', '2023-05-03', '23:32:59', 'Pending', 59.11),
(1359, 730, 125, 'Decade_87', '2023-10-26', '18:02:37', 'Delivered', 99.16),
(1360, 356, 152, 'Fish_64', '2021-08-26', '20:13:03', 'Cancelled', 63.32),
(1361, 130, 150, 'Approach_24', '2022-06-28', '07:50:43', 'Cancelled', 37.79),
(1362, 364, 152, 'Vote_61', '2020-10-18', '12:48:59', 'Cancelled', 78.09),
(1363, 472, 139, 'Bank_68', '2020-04-08', '01:34:03', 'Pending', 95.15),
(1364, 810, 63, 'Wait_87', '2021-05-14', '09:33:28', 'Delivered', 64.58),
(1365, 462, 54, 'Yeah_50', '2022-12-31', '09:40:43', 'Delivered', 51.08),
(1366, 160, 192, 'No_51', '2022-04-11', '04:29:21', 'Pending', 73.9),
(1367, 380, 186, 'Fill_4', '2020-06-28', '17:54:19', 'Cancelled', 73.89),
(1368, 368, 17, 'Increase_68', '2023-04-15', '08:57:34', 'Pending', 80.78),
(1369, 767, 98, 'Rule_2', '2021-08-08', '01:17:08', 'Delivered', 22.35),
(1370, 890, 3, 'Out_95', '2020-04-25', '07:17:00', 'Cancelled', 35.63),
(1371, 929, 80, 'Study_23', '2023-10-11', '23:18:26', 'Delivered', 60.39),
(1372, 232, 59, 'Run_26', '2021-09-28', '14:31:53', 'Cancelled', 32.13),
(1373, 962, 99, 'Especially_27', '2023-09-09', '18:51:44', 'Pending', 44.88),
(1374, 156, 24, 'Mind_94', '2020-10-29', '10:47:16', 'Cancelled', 22.63),
(1375, 442, 44, 'Wrong_91', '2021-02-06', '00:12:12', 'Pending', 15.06),
(1376, 304, 3, 'Open_73', '2021-07-10', '14:06:46', 'Delivered', 77.28),
(1377, 759, 36, 'Measure_45', '2020-08-04', '18:11:56', 'Delivered', 89.68),
(1378, 535, 78, 'World_62', '2022-08-14', '02:08:28', 'Cancelled', 42.3),
(1379, 367, 160, 'Forget_74', '2022-10-17', '16:08:19', 'Delivered', 34.34),
(1380, 856, 14, 'Week_98', '2023-03-09', '20:43:50', 'Pending', 92.01),
(1381, 87, 8, 'Great_64', '2020-06-24', '12:13:11', 'Pending', 18.86),
(1382, 397, 141, 'Exactly_89', '2020-08-20', '15:27:55', 'Cancelled', 49.29),
(1383, 815, 111, 'Child_96', '2020-01-16', '06:03:04', 'Delivered', 47.99),
(1384, 171, 1, 'Attention_93', '2022-10-09', '01:29:32', 'Pending', 5.26),
(1385, 106, 101, 'Evidence_30', '2023-12-28', '01:40:12', 'Delivered', 30.27),
(1386, 354, 23, 'Campaign_59', '2021-06-26', '02:47:12', 'Delivered', 39.5),
(1387, 614, 168, 'Difference_96', '2023-02-23', '18:56:03', 'Pending', 15.21),
(1388, 706, 182, 'Anyone_2', '2020-02-28', '00:42:13', 'Pending', 49.06),
(1389, 958, 50, 'Of_33', '2022-05-13', '15:31:30', 'Pending', 24.5),
(1390, 497, 184, 'Property_24', '2022-03-10', '11:16:47', 'Delivered', 27.77),
(1391, 615, 111, 'Great_17', '2023-12-13', '06:14:42', 'Pending', 46.58),
(1392, 976, 40, 'Film_61', '2023-06-22', '14:44:03', 'Pending', 11.36),
(1393, 181, 5, 'Poor_62', '2021-01-27', '01:30:05', 'Cancelled', 95.71),
(1394, 121, 150, 'According_49', '2022-06-08', '10:31:55', 'Delivered', 27.56),
(1395, 894, 40, 'Station_74', '2023-10-18', '03:11:40', 'Delivered', 22.64),
(1396, 965, 167, 'Already_17', '2023-12-24', '03:43:42', 'Delivered', 43.58),
(1397, 278, 20, 'System_36', '2020-08-09', '17:38:23', 'Delivered', 46.88),
(1398, 691, 152, 'Bad_59', '2022-01-09', '17:33:02', 'Pending', 12.69),
(1399, 541, 63, 'Imagine_40', '2021-05-12', '02:33:39', 'Cancelled', 19.96),
(1400, 695, 1, 'Style_79', '2023-11-06', '11:35:26', 'Delivered', 45.91),
(1401, 808, 195, 'Property_23', '2021-08-15', '00:46:25', 'Cancelled', 50.92),
(1402, 27, 61, 'Stand_88', '2023-03-13', '20:13:29', 'Pending', 19.25),
(1403, 865, 115, 'Yet_33', '2021-02-23', '05:15:07', 'Cancelled', 9.03),
(1404, 27, 56, 'Who_46', '2022-05-24', '10:47:21', 'Cancelled', 48.55),
(1405, 54, 6, 'Health_58', '2023-09-21', '01:46:56', 'Cancelled', 11.77),
(1406, 977, 14, 'Himself_87', '2021-05-24', '02:10:54', 'Pending', 46.09),
(1407, 675, 158, 'Congress_51', '2022-10-12', '10:47:44', 'Delivered', 69.71),
(1408, 119, 36, 'Society_84', '2020-08-13', '08:59:58', 'Delivered', 66.04),
(1409, 688, 104, 'System_68', '2020-02-08', '08:45:30', 'Pending', 88.59),
(1410, 590, 106, 'Rest_32', '2022-01-20', '07:56:07', 'Pending', 40.77),
(1411, 262, 164, 'Behavior_42', '2021-01-11', '08:11:31', 'Cancelled', 20.4),
(1412, 974, 144, 'Sit_62', '2020-12-25', '05:53:07', 'Delivered', 11.94),
(1413, 841, 89, 'Suddenly_24', '2021-11-14', '14:51:50', 'Delivered', 28.23),
(1414, 41, 46, 'Avoid_51', '2020-04-09', '23:30:31', 'Delivered', 85.27),
(1415, 590, 53, 'Moment_62', '2022-09-19', '16:27:44', 'Delivered', 8.65),
(1416, 873, 62, 'Although_3', '2020-03-12', '10:53:24', 'Delivered', 60.1),
(1417, 52, 85, 'Father_99', '2020-02-26', '15:58:22', 'Pending', 62.01),
(1418, 240, 164, 'Actually_12', '2023-06-07', '21:24:55', 'Cancelled', 23.75),
(1419, 4, 39, 'Set_70', '2020-07-31', '15:51:51', 'Cancelled', 56.15),
(1420, 919, 69, 'Own_48', '2022-02-02', '02:45:31', 'Delivered', 53.98),
(1421, 251, 46, 'Make_96', '2023-03-29', '05:54:23', 'Pending', 88.13),
(1422, 127, 180, 'Cost_21', '2020-04-04', '10:51:19', 'Pending', 98.13),
(1423, 533, 94, 'Push_28', '2020-12-19', '18:36:19', 'Cancelled', 25.53),
(1424, 809, 54, 'Stuff_47', '2022-01-29', '12:14:03', 'Pending', 17.1),
(1425, 659, 63, 'Option_56', '2022-11-28', '17:10:48', 'Cancelled', 25.94),
(1426, 986, 47, 'Save_44', '2023-10-10', '09:42:47', 'Pending', 74.75),
(1427, 670, 102, 'White_78', '2022-05-05', '02:28:36', 'Cancelled', 80.32),
(1428, 553, 138, 'Accept_18', '2022-01-09', '02:09:34', 'Cancelled', 80.85),
(1429, 539, 67, 'Above_39', '2022-11-15', '08:38:20', 'Pending', 7.15),
(1430, 141, 158, 'Soldier_40', '2023-03-24', '21:46:51', 'Delivered', 28.36),
(1431, 707, 111, 'Yes_13', '2021-05-04', '09:14:30', 'Pending', 27.24),
(1432, 59, 127, 'Leader_26', '2020-12-01', '15:11:07', 'Delivered', 96.77),
(1433, 104, 123, 'Among_40', '2020-11-08', '12:59:35', 'Pending', 88.76),
(1434, 288, 40, 'Sea_19', '2023-02-03', '16:34:19', 'Delivered', 59.96),
(1435, 323, 4, 'Me_69', '2023-01-26', '00:53:40', 'Cancelled', 45.12),
(1436, 763, 88, 'Seek_31', '2023-04-22', '04:21:58', 'Delivered', 41.6),
(1437, 547, 83, 'Spring_39', '2022-03-04', '20:45:43', 'Pending', 87.06),
(1438, 240, 129, 'Strong_79', '2021-07-18', '08:39:54', 'Delivered', 72.4),
(1439, 949, 176, 'Create_66', '2020-08-09', '06:20:32', 'Delivered', 31.39),
(1440, 594, 25, 'Necessary_21', '2023-12-26', '04:14:46', 'Pending', 5.11),
(1441, 810, 134, 'Of_36', '2022-09-09', '20:00:06', 'Cancelled', 60.35),
(1442, 939, 196, 'Hope_93', '2022-04-30', '13:11:20', 'Pending', 26.11),
(1443, 362, 138, 'Under_69', '2020-06-25', '15:07:43', 'Delivered', 50.58),
(1444, 350, 58, 'Her_6', '2022-04-22', '17:17:10', 'Delivered', 27.37),
(1445, 111, 10, 'Inside_54', '2023-05-01', '06:31:57', 'Pending', 14.09),
(1446, 162, 70, 'I_83', '2023-09-18', '18:20:48', 'Pending', 17.73),
(1447, 189, 50, 'Trouble_98', '2022-10-17', '19:55:00', 'Pending', 77.38),
(1448, 701, 118, 'Natural_86', '2023-06-21', '18:03:28', 'Pending', 17.85),
(1449, 239, 42, 'Medical_89', '2022-01-09', '14:21:00', 'Delivered', 42.18),
(1450, 214, 77, 'Site_32', '2020-01-30', '17:07:07', 'Cancelled', 74.05),
(1451, 921, 135, 'Camera_31', '2022-03-13', '16:57:47', 'Cancelled', 69.13),
(1452, 991, 39, 'Head_18', '2023-06-10', '06:13:51', 'Pending', 66.3),
(1453, 107, 171, 'Occur_17', '2022-02-20', '04:27:07', 'Cancelled', 88.27),
(1454, 990, 149, 'True_38', '2021-01-24', '05:43:36', 'Cancelled', 97.73),
(1455, 347, 193, 'Beautiful_22', '2021-11-18', '05:28:42', 'Cancelled', 12.56),
(1456, 536, 102, 'Story_4', '2023-05-30', '12:01:34', 'Cancelled', 69.08),
(1457, 542, 101, 'Nature_76', '2021-01-16', '11:32:48', 'Cancelled', 61.52),
(1458, 765, 197, 'Leader_63', '2022-07-14', '02:15:22', 'Delivered', 85.21),
(1459, 652, 100, 'Sound_73', '2021-06-04', '05:42:21', 'Pending', 82.07),
(1460, 899, 191, 'Data_1', '2020-10-24', '14:53:17', 'Cancelled', 22.05),
(1461, 216, 131, 'Better_63', '2020-09-22', '12:25:25', 'Pending', 6.44),
(1462, 252, 82, 'Step_43', '2022-07-25', '08:38:48', 'Cancelled', 90.39),
(1463, 550, 171, 'Blue_3', '2020-02-19', '04:56:43', 'Pending', 35.65),
(1464, 67, 75, 'In_91', '2021-01-09', '16:00:50', 'Delivered', 72.66),
(1465, 716, 56, 'Speech_34', '2022-06-07', '20:59:57', 'Cancelled', 41.19),
(1466, 783, 67, 'Adult_25', '2021-07-16', '12:18:04', 'Pending', 11.75),
(1467, 448, 24, 'Surface_26', '2022-03-02', '15:05:07', 'Cancelled', 34.81),
(1468, 605, 83, 'You_41', '2021-10-14', '19:03:36', 'Delivered', 26.0),
(1469, 768, 125, 'According_41', '2023-06-12', '05:32:47', 'Delivered', 7.61),
(1470, 813, 62, 'Conference_72', '2020-03-02', '06:28:20', 'Pending', 67.09),
(1471, 746, 173, 'Hit_79', '2023-10-31', '07:43:50', 'Delivered', 89.64),
(1472, 396, 31, 'Organization_47', '2022-09-30', '02:12:49', 'Cancelled', 41.5),
(1473, 645, 182, 'Score_11', '2020-04-03', '07:03:48', 'Delivered', 65.4),
(1474, 926, 154, 'Car_17', '2023-11-24', '12:02:38', 'Cancelled', 96.48),
(1475, 86, 167, 'Nature_60', '2022-07-22', '14:02:36', 'Delivered', 65.75),
(1476, 603, 183, 'Environment_33', '2021-04-30', '08:20:44', 'Cancelled', 29.83),
(1477, 94, 67, 'Beyond_93', '2023-09-16', '04:15:37', 'Cancelled', 41.03),
(1478, 433, 6, 'Say_49', '2021-11-08', '15:21:17', 'Cancelled', 46.02),
(1479, 692, 2, 'That_43', '2020-08-31', '00:53:13', 'Cancelled', 95.87),
(1480, 121, 15, 'Under_44', '2020-05-31', '08:33:04', 'Pending', 54.78),
(1481, 363, 36, 'Education_88', '2020-11-09', '15:49:18', 'Delivered', 84.95),
(1482, 250, 18, 'Institution_61', '2021-07-20', '07:32:30', 'Delivered', 26.35),
(1483, 958, 127, 'Try_73', '2023-01-31', '19:21:28', 'Delivered', 28.58),
(1484, 190, 105, 'Particular_47', '2022-06-10', '10:32:06', 'Cancelled', 14.98),
(1485, 969, 155, 'Miss_65', '2023-04-07', '15:23:22', 'Cancelled', 61.52),
(1486, 558, 1, 'Newspaper_48', '2021-08-26', '06:26:51', 'Pending', 9.47),
(1487, 543, 130, 'Style_18', '2022-03-01', '00:33:30', 'Delivered', 55.33),
(1488, 568, 88, 'Give_62', '2021-01-10', '11:19:29', 'Delivered', 16.65),
(1489, 892, 97, 'Card_70', '2022-07-07', '17:48:22', 'Delivered', 85.8),
(1490, 151, 136, 'Main_62', '2022-02-21', '14:41:16', 'Pending', 11.88),
(1491, 543, 185, 'Body_89', '2021-06-21', '00:25:28', 'Cancelled', 5.95),
(1492, 180, 148, 'Record_34', '2022-08-14', '21:38:21', 'Cancelled', 21.14),
(1493, 280, 68, 'Product_15', '2021-04-18', '20:10:43', 'Delivered', 33.1),
(1494, 105, 95, 'Window_95', '2020-10-01', '23:45:45', 'Pending', 38.3),
(1495, 629, 113, 'Especially_89', '2022-11-04', '16:23:26', 'Delivered', 54.03),
(1496, 859, 135, 'Memory_26', '2023-06-06', '21:58:31', 'Cancelled', 19.68),
(1497, 221, 112, 'Time_29', '2023-08-14', '22:51:03', 'Pending', 74.21),
(1498, 444, 189, 'Standard_94', '2020-12-12', '07:28:43', 'Delivered', 71.12),
(1499, 828, 128, 'Ground_5', '2021-02-28', '18:19:14', 'Pending', 48.11),
(1500, 275, 171, 'End_94', '2021-04-27', '20:29:57', 'Cancelled', 57.65),
(1501, 228, 23, 'Short_68', '2021-09-18', '23:25:50', 'Cancelled', 41.22),
(1502, 44, 52, 'Up_80', '2020-07-01', '03:37:39', 'Cancelled', 39.97),
(1503, 342, 25, 'Election_33', '2020-11-27', '21:12:12', 'Delivered', 92.22),
(1504, 114, 53, 'Describe_35', '2020-03-18', '01:16:55', 'Cancelled', 61.18),
(1505, 747, 67, 'Couple_100', '2020-03-05', '18:54:26', 'Pending', 10.43),
(1506, 602, 199, 'Every_85', '2021-08-19', '22:30:13', 'Pending', 75.12),
(1507, 580, 165, 'City_23', '2020-10-23', '08:25:40', 'Pending', 65.97),
(1508, 676, 192, 'College_34', '2022-03-17', '14:29:49', 'Delivered', 63.01),
(1509, 306, 200, 'Feel_99', '2022-11-04', '00:59:09', 'Cancelled', 26.9),
(1510, 617, 20, 'Wide_39', '2022-01-08', '01:09:59', 'Cancelled', 96.42),
(1511, 574, 127, 'Sea_55', '2023-06-03', '08:36:53', 'Pending', 9.09),
(1512, 97, 55, 'Impact_95', '2021-11-08', '22:57:48', 'Cancelled', 74.72),
(1513, 49, 135, 'Debate_26', '2023-12-17', '13:42:43', 'Pending', 76.84),
(1514, 456, 133, 'Institution_31', '2020-05-31', '11:46:24', 'Delivered', 74.87),
(1515, 664, 89, 'Society_54', '2020-08-15', '13:17:44', 'Delivered', 54.32),
(1516, 532, 147, 'Air_38', '2021-10-26', '12:16:30', 'Pending', 18.55),
(1517, 737, 29, 'Data_67', '2021-07-15', '19:27:53', 'Pending', 32.15),
(1518, 670, 40, 'Himself_100', '2020-10-30', '02:31:29', 'Delivered', 89.16),
(1519, 779, 90, 'Read_4', '2023-02-19', '22:41:53', 'Cancelled', 39.12),
(1520, 550, 85, 'Radio_66', '2023-02-23', '14:38:44', 'Delivered', 23.45),
(1521, 299, 54, 'Involve_29', '2021-04-11', '08:34:14', 'Pending', 41.64),
(1522, 986, 66, 'Politics_39', '2020-10-02', '13:28:33', 'Cancelled', 40.29),
(1523, 52, 193, 'Company_62', '2023-01-08', '13:27:25', 'Cancelled', 56.44),
(1524, 837, 114, 'Lead_36', '2020-04-22', '11:37:14', 'Cancelled', 8.01),
(1525, 997, 190, 'Law_88', '2021-08-19', '00:16:22', 'Pending', 18.21),
(1526, 232, 178, 'Business_45', '2022-02-28', '14:43:25', 'Pending', 48.42),
(1527, 269, 135, 'Sense_99', '2020-10-03', '19:23:58', 'Delivered', 92.19),
(1528, 419, 7, 'Military_59', '2022-12-12', '23:49:04', 'Cancelled', 44.45),
(1529, 355, 7, 'Relationship_46', '2023-09-10', '13:19:51', 'Cancelled', 38.36),
(1530, 668, 42, 'Institution_61', '2020-02-26', '08:37:39', 'Cancelled', 54.8),
(1531, 410, 8, 'Focus_98', '2020-07-08', '19:41:39', 'Cancelled', 89.92),
(1532, 69, 132, 'Her_49', '2021-12-29', '18:06:35', 'Cancelled', 48.4),
(1533, 629, 91, 'Camera_33', '2021-01-05', '11:32:23', 'Pending', 45.54),
(1534, 136, 128, 'Might_70', '2021-08-15', '18:48:41', 'Delivered', 91.04),
(1535, 861, 6, 'Civil_68', '2021-05-01', '20:55:18', 'Cancelled', 60.76),
(1536, 754, 73, 'Wind_87', '2020-06-15', '06:11:30', 'Cancelled', 78.3),
(1537, 101, 62, 'Camera_8', '2020-05-04', '07:04:55', 'Pending', 76.94),
(1538, 768, 124, 'Argue_49', '2022-06-12', '17:21:52', 'Cancelled', 98.75),
(1539, 407, 26, 'Recently_28', '2020-10-13', '03:22:55', 'Delivered', 29.15),
(1540, 668, 94, 'White_34', '2022-04-23', '11:06:43', 'Pending', 74.05),
(1541, 826, 10, 'Year_20', '2022-12-21', '12:44:53', 'Delivered', 52.95),
(1542, 781, 29, 'Economic_90', '2020-07-02', '11:08:22', 'Delivered', 97.15),
(1543, 61, 93, 'Brother_21', '2022-07-11', '21:04:01', 'Delivered', 52.91),
(1544, 363, 189, 'Everything_56', '2021-08-02', '16:19:23', 'Pending', 9.77),
(1545, 171, 40, 'Public_49', '2023-07-15', '12:24:13', 'Pending', 74.76),
(1546, 932, 87, 'It_35', '2023-11-11', '04:38:14', 'Pending', 6.16),
(1547, 502, 130, 'Any_11', '2022-10-06', '15:48:05', 'Cancelled', 65.54),
(1548, 821, 79, 'Foreign_73', '2021-08-13', '04:00:34', 'Delivered', 15.27),
(1549, 493, 87, 'Scientist_57', '2022-11-01', '10:32:10', 'Cancelled', 89.74),
(1550, 480, 128, 'Public_58', '2021-11-14', '10:56:51', 'Pending', 41.03),
(1551, 722, 190, 'Both_45', '2023-08-16', '06:24:10', 'Pending', 93.65),
(1552, 652, 121, 'Own_52', '2020-08-21', '18:36:06', 'Pending', 93.54),
(1553, 63, 107, 'Point_28', '2022-03-18', '09:13:54', 'Cancelled', 14.05),
(1554, 802, 59, 'Yeah_78', '2022-07-21', '22:41:52', 'Pending', 96.94),
(1555, 162, 23, 'Trade_70', '2022-02-12', '01:12:08', 'Delivered', 91.8),
(1556, 991, 164, 'Industry_21', '2023-04-04', '22:20:17', 'Delivered', 37.52),
(1557, 750, 88, 'Issue_46', '2022-11-10', '05:03:36', 'Cancelled', 22.01),
(1558, 313, 38, 'Radio_25', '2023-06-16', '14:11:16', 'Cancelled', 76.82),
(1559, 678, 168, 'Including_12', '2022-12-20', '22:56:39', 'Delivered', 14.92),
(1560, 779, 127, 'Wife_95', '2022-11-19', '15:30:35', 'Delivered', 73.24),
(1561, 639, 112, 'Heart_17', '2022-03-23', '21:07:43', 'Delivered', 62.68),
(1562, 697, 134, 'Federal_2', '2022-10-10', '22:56:19', 'Cancelled', 73.33),
(1563, 9, 86, 'Public_17', '2021-11-22', '02:59:57', 'Pending', 7.28),
(1564, 68, 170, 'Strategy_20', '2020-11-11', '14:28:44', 'Pending', 52.17),
(1565, 306, 196, 'Certain_61', '2021-10-19', '09:58:20', 'Cancelled', 78.76),
(1566, 865, 148, 'Article_63', '2021-02-04', '10:49:27', 'Pending', 38.31),
(1567, 54, 84, 'Certainly_97', '2020-08-23', '20:31:19', 'Pending', 97.83),
(1568, 541, 190, 'Agent_90', '2023-08-17', '20:50:01', 'Delivered', 94.97),
(1569, 762, 136, 'Attack_41', '2021-04-21', '23:24:26', 'Pending', 6.6),
(1570, 849, 16, 'Fund_80', '2020-09-28', '06:46:16', 'Pending', 39.56),
(1571, 572, 38, 'Pick_44', '2021-07-22', '03:40:47', 'Cancelled', 9.17),
(1572, 681, 41, 'Hard_52', '2020-02-09', '03:08:20', 'Cancelled', 20.32),
(1573, 955, 92, 'Hospital_94', '2022-07-27', '13:55:49', 'Delivered', 33.47),
(1574, 276, 60, 'Word_73', '2021-09-06', '19:18:05', 'Pending', 48.29),
(1575, 715, 87, 'Likely_39', '2021-10-12', '21:19:29', 'Delivered', 57.39),
(1576, 254, 31, 'Student_43', '2021-08-12', '21:31:01', 'Pending', 80.97),
(1577, 317, 92, 'Way_8', '2022-05-29', '22:08:35', 'Cancelled', 26.76),
(1578, 400, 175, 'Soon_22', '2022-07-31', '03:57:55', 'Delivered', 44.85),
(1579, 323, 138, 'Learn_73', '2023-03-05', '17:37:01', 'Pending', 91.57),
(1580, 276, 162, 'Open_36', '2021-05-04', '17:32:30', 'Delivered', 62.36),
(1581, 91, 16, 'Note_37', '2022-08-25', '17:17:09', 'Cancelled', 9.93),
(1582, 698, 72, 'Idea_96', '2020-05-29', '19:01:35', 'Pending', 43.17),
(1583, 213, 117, 'Writer_29', '2020-02-16', '04:55:32', 'Pending', 66.02),
(1584, 836, 115, 'Shoulder_5', '2020-07-15', '04:37:45', 'Delivered', 90.37),
(1585, 787, 152, 'Plan_33', '2021-06-01', '23:26:24', 'Delivered', 34.16),
(1586, 472, 17, 'Save_28', '2021-10-01', '13:11:51', 'Cancelled', 7.48),
(1587, 349, 130, 'Follow_50', '2021-02-11', '22:46:24', 'Pending', 18.46),
(1588, 771, 59, 'Expert_88', '2020-05-21', '05:24:30', 'Delivered', 30.68),
(1589, 6, 26, 'Since_89', '2021-05-21', '18:13:50', 'Cancelled', 13.15),
(1590, 691, 39, 'Have_44', '2023-04-18', '08:33:35', 'Cancelled', 55.19),
(1591, 160, 16, 'Area_81', '2020-11-15', '10:09:25', 'Pending', 98.12),
(1592, 100, 70, 'Recently_57', '2020-09-14', '20:09:19', 'Cancelled', 51.44),
(1593, 288, 200, 'Hard_3', '2022-08-07', '18:55:27', 'Delivered', 76.68),
(1594, 666, 195, 'Popular_27', '2021-09-13', '23:15:17', 'Delivered', 95.66),
(1595, 980, 12, 'Soldier_47', '2023-12-27', '11:43:43', 'Delivered', 73.22),
(1596, 932, 54, 'Rather_74', '2022-01-17', '13:09:22', 'Cancelled', 68.52),
(1597, 823, 55, 'Beat_24', '2023-07-25', '18:06:00', 'Delivered', 93.96),
(1598, 526, 40, 'Time_66', '2020-10-17', '07:19:05', 'Delivered', 23.8),
(1599, 590, 76, 'Voice_42', '2023-03-02', '11:10:37', 'Pending', 34.76),
(1600, 78, 162, 'Bar_58', '2022-01-30', '11:24:58', 'Cancelled', 60.39),
(1601, 493, 170, 'Necessary_23', '2021-10-06', '21:56:57', 'Cancelled', 7.75),
(1602, 376, 16, 'Letter_48', '2022-07-11', '04:28:05', 'Pending', 54.6),
(1603, 659, 56, 'Mind_66', '2022-12-23', '22:14:58', 'Delivered', 65.02),
(1604, 81, 133, 'Window_60', '2020-06-30', '14:38:18', 'Pending', 10.53),
(1605, 722, 185, 'Training_91', '2023-05-09', '07:34:03', 'Pending', 95.61),
(1606, 666, 122, 'Campaign_2', '2020-05-19', '15:24:14', 'Pending', 47.68),
(1607, 993, 105, 'Central_95', '2023-04-01', '15:00:37', 'Cancelled', 67.34),
(1608, 919, 161, 'This_17', '2021-01-16', '02:39:09', 'Cancelled', 26.97),
(1609, 446, 35, 'Worker_47', '2020-08-02', '01:21:49', 'Pending', 10.42),
(1610, 811, 174, 'Sense_83', '2021-12-07', '23:23:36', 'Pending', 29.23),
(1611, 395, 19, 'Arm_50', '2023-09-08', '00:45:48', 'Cancelled', 78.46),
(1612, 257, 28, 'Produce_56', '2023-01-16', '04:10:54', 'Delivered', 9.55),
(1613, 276, 62, 'Tax_69', '2022-02-23', '05:00:09', 'Pending', 63.67),
(1614, 674, 12, 'Popular_43', '2020-10-14', '18:15:02', 'Cancelled', 45.53),
(1615, 650, 180, 'Woman_74', '2021-01-15', '06:05:23', 'Pending', 84.06),
(1616, 606, 140, 'Arm_75', '2023-06-17', '21:28:07', 'Delivered', 96.95),
(1617, 569, 157, 'Form_35', '2022-01-25', '11:51:30', 'Delivered', 85.02),
(1618, 810, 162, 'Education_67', '2020-05-23', '11:20:20', 'Delivered', 72.66),
(1619, 66, 25, 'Agency_99', '2023-05-14', '16:19:56', 'Cancelled', 13.79),
(1620, 680, 8, 'Can_69', '2022-04-07', '16:19:37', 'Cancelled', 17.46),
(1621, 744, 158, 'Have_7', '2022-08-09', '08:18:08', 'Pending', 74.76),
(1622, 885, 50, 'Ready_66', '2020-04-13', '13:50:29', 'Cancelled', 28.63),
(1623, 700, 111, 'Difficult_49', '2020-01-08', '13:21:28', 'Cancelled', 23.91),
(1624, 883, 171, 'Election_98', '2020-02-17', '03:38:17', 'Delivered', 59.92),
(1625, 749, 143, 'Director_16', '2023-06-02', '12:12:17', 'Cancelled', 19.3),
(1626, 139, 105, 'Position_68', '2021-12-24', '15:27:25', 'Pending', 30.39),
(1627, 908, 82, 'Late_56', '2022-04-29', '07:53:03', 'Cancelled', 25.32),
(1628, 344, 129, 'Girl_62', '2021-07-22', '19:28:11', 'Pending', 52.5),
(1629, 372, 167, 'Stand_99', '2022-12-27', '05:08:03', 'Cancelled', 42.17),
(1630, 568, 186, 'Smile_87', '2023-10-08', '16:13:35', 'Cancelled', 43.15),
(1631, 810, 26, 'Seven_90', '2020-11-24', '21:44:13', 'Delivered', 45.12),
(1632, 265, 64, 'Follow_100', '2020-06-11', '13:58:54', 'Delivered', 34.69),
(1633, 407, 44, 'Others_80', '2021-11-18', '16:01:52', 'Pending', 17.23),
(1634, 449, 192, 'Know_56', '2020-02-29', '19:11:22', 'Delivered', 51.43),
(1635, 551, 168, 'Drive_93', '2021-08-24', '06:31:42', 'Cancelled', 26.64),
(1636, 727, 64, 'Family_73', '2021-11-30', '09:49:36', 'Delivered', 94.45),
(1637, 591, 100, 'Situation_40', '2020-03-05', '17:10:31', 'Delivered', 95.09),
(1638, 431, 136, 'Stand_43', '2020-08-24', '09:39:09', 'Pending', 61.81),
(1639, 822, 71, 'Dog_46', '2020-09-11', '00:01:09', 'Delivered', 49.14),
(1640, 410, 32, 'Learn_92', '2020-05-07', '10:45:41', 'Pending', 44.67),
(1641, 562, 177, 'Last_59', '2022-10-07', '15:59:45', 'Pending', 70.21),
(1642, 388, 31, 'Term_2', '2020-07-12', '22:30:06', 'Cancelled', 35.42),
(1643, 886, 5, 'Situation_77', '2023-12-08', '00:51:05', 'Delivered', 74.79),
(1644, 354, 105, 'Occur_47', '2021-02-02', '23:59:54', 'Pending', 60.29),
(1645, 26, 40, 'Draw_52', '2020-02-18', '09:41:44', 'Cancelled', 49.21),
(1646, 224, 118, 'Almost_35', '2022-10-13', '17:18:51', 'Pending', 31.79),
(1647, 500, 5, 'Likely_49', '2023-02-14', '04:38:08', 'Cancelled', 50.09),
(1648, 653, 49, 'Certain_15', '2023-08-27', '20:53:20', 'Delivered', 16.41),
(1649, 81, 109, 'Pattern_10', '2020-10-18', '22:18:58', 'Cancelled', 78.45),
(1650, 282, 187, 'Interview_95', '2020-04-26', '20:44:01', 'Delivered', 27.87),
(1651, 497, 137, 'Rich_89', '2021-01-21', '20:06:28', 'Pending', 70.64),
(1652, 47, 160, 'Once_14', '2023-05-25', '16:24:52', 'Pending', 55.87),
(1653, 407, 147, 'Physical_78', '2020-05-30', '11:20:56', 'Delivered', 30.15),
(1654, 762, 57, 'Success_58', '2023-07-29', '18:10:48', 'Delivered', 25.09),
(1655, 461, 164, 'Budget_73', '2023-01-15', '06:49:05', 'Delivered', 25.24),
(1656, 498, 147, 'West_65', '2020-11-18', '11:26:11', 'Cancelled', 34.53),
(1657, 723, 156, 'Water_31', '2021-07-11', '03:24:22', 'Delivered', 77.92),
(1658, 203, 8, 'Whose_43', '2021-05-11', '14:46:10', 'Cancelled', 22.33),
(1659, 196, 121, 'Shoulder_67', '2023-07-08', '12:10:04', 'Cancelled', 96.28),
(1660, 143, 189, 'Local_10', '2022-03-27', '14:26:53', 'Pending', 96.45),
(1661, 382, 127, 'Be_73', '2020-04-08', '10:47:20', 'Cancelled', 58.08),
(1662, 866, 97, 'Career_42', '2020-07-18', '13:18:48', 'Pending', 31.04),
(1663, 264, 29, 'Similar_22', '2020-09-22', '20:24:16', 'Pending', 52.98),
(1664, 136, 17, 'Section_16', '2022-10-19', '16:48:47', 'Pending', 90.59),
(1665, 555, 49, 'Report_88', '2020-12-13', '05:08:31', 'Cancelled', 78.82),
(1666, 489, 187, 'Next_1', '2020-06-09', '12:07:49', 'Pending', 85.84),
(1667, 494, 38, 'Key_40', '2020-12-15', '09:35:11', 'Cancelled', 81.06),
(1668, 181, 83, 'Fear_52', '2023-12-27', '05:09:58', 'Pending', 31.14),
(1669, 617, 22, 'Floor_62', '2023-06-11', '15:56:45', 'Delivered', 81.43),
(1670, 146, 135, 'Participant_47', '2023-05-11', '08:02:20', 'Delivered', 68.88),
(1671, 513, 199, 'Ball_4', '2023-02-20', '17:09:53', 'Cancelled', 8.78),
(1672, 204, 22, 'Mention_14', '2022-02-16', '15:33:36', 'Delivered', 47.2),
(1673, 227, 126, 'Room_7', '2020-06-30', '03:20:51', 'Pending', 90.3),
(1674, 163, 93, 'North_86', '2020-05-20', '14:39:52', 'Cancelled', 49.93),
(1675, 663, 175, 'Toward_88', '2022-02-03', '01:13:45', 'Delivered', 17.8),
(1676, 629, 125, 'Every_58', '2022-08-01', '18:11:26', 'Cancelled', 31.03),
(1677, 837, 40, 'Day_30', '2022-08-29', '11:49:15', 'Delivered', 36.24),
(1678, 832, 44, 'Involve_50', '2022-11-22', '16:32:08', 'Pending', 93.01),
(1679, 99, 152, 'Big_57', '2020-06-05', '15:09:26', 'Cancelled', 52.57),
(1680, 505, 110, 'Yeah_97', '2022-09-09', '23:48:51', 'Cancelled', 25.97),
(1681, 894, 7, 'Late_82', '2021-06-15', '04:31:26', 'Pending', 35.24),
(1682, 678, 181, 'Write_25', '2023-01-23', '14:27:08', 'Cancelled', 35.83),
(1683, 134, 143, 'Sense_65', '2021-04-26', '07:03:29', 'Delivered', 42.6),
(1684, 537, 14, 'Pick_90', '2022-01-23', '03:29:12', 'Pending', 16.62),
(1685, 131, 174, 'Building_11', '2022-07-25', '00:38:38', 'Cancelled', 62.91),
(1686, 307, 8, 'General_93', '2023-10-03', '11:20:06', 'Pending', 22.72),
(1687, 621, 110, 'Collection_14', '2022-03-08', '21:01:44', 'Delivered', 62.76),
(1688, 416, 194, 'Away_89', '2021-12-29', '01:05:39', 'Delivered', 23.2),
(1689, 860, 64, 'Way_47', '2021-12-10', '17:59:45', 'Delivered', 41.71),
(1690, 839, 67, 'Else_79', '2022-04-04', '21:43:30', 'Pending', 97.53),
(1691, 845, 57, 'Top_53', '2022-04-18', '09:47:50', 'Pending', 37.5),
(1692, 108, 101, 'Policy_58', '2020-08-09', '01:46:10', 'Cancelled', 78.55),
(1693, 453, 26, 'Reason_57', '2023-04-23', '19:43:29', 'Pending', 16.03),
(1694, 495, 120, 'Environmental_14', '2021-11-04', '07:22:08', 'Pending', 5.72),
(1695, 735, 152, 'Movie_3', '2022-12-28', '04:41:06', 'Cancelled', 82.34),
(1696, 67, 13, 'Power_23', '2020-06-20', '17:48:03', 'Delivered', 50.55),
(1697, 400, 14, 'Audience_41', '2023-04-24', '20:42:30', 'Cancelled', 35.56),
(1698, 914, 38, 'Central_37', '2020-03-21', '15:18:51', 'Delivered', 45.57),
(1699, 490, 47, 'Dark_59', '2020-04-16', '15:41:30', 'Delivered', 30.94),
(1700, 920, 5, 'Beyond_74', '2021-09-29', '23:40:45', 'Pending', 82.39),
(1701, 472, 171, 'Lead_84', '2022-09-08', '00:04:31', 'Pending', 24.83),
(1702, 309, 63, 'Capital_65', '2020-09-10', '23:44:36', 'Pending', 56.53),
(1703, 915, 20, 'Hundred_33', '2023-03-26', '21:48:38', 'Pending', 74.03),
(1704, 44, 23, 'Still_44', '2023-12-07', '02:39:05', 'Delivered', 47.7),
(1705, 542, 43, 'Sometimes_65', '2022-08-01', '13:26:39', 'Pending', 19.07),
(1706, 208, 125, 'Truth_67', '2023-12-15', '23:56:30', 'Delivered', 13.47),
(1707, 836, 84, 'Activity_96', '2021-12-25', '12:54:11', 'Pending', 77.51),
(1708, 130, 144, 'Hair_40', '2022-01-27', '18:19:55', 'Pending', 53.48),
(1709, 249, 43, 'Sport_52', '2022-11-01', '02:37:14', 'Cancelled', 80.61),
(1710, 330, 122, 'Number_15', '2020-05-29', '14:02:15', 'Pending', 93.29),
(1711, 295, 13, 'Newspaper_41', '2020-12-01', '06:54:07', 'Delivered', 73.64),
(1712, 148, 127, 'Child_90', '2022-04-15', '06:20:33', 'Cancelled', 39.28),
(1713, 417, 113, 'Article_15', '2020-07-24', '07:44:30', 'Pending', 18.88),
(1714, 559, 51, 'Quality_65', '2022-07-11', '00:15:14', 'Cancelled', 29.8),
(1715, 516, 54, 'Fast_65', '2021-09-09', '06:26:55', 'Delivered', 36.41),
(1716, 716, 41, 'No_14', '2022-07-14', '15:39:00', 'Delivered', 74.0),
(1717, 562, 62, 'Remember_99', '2023-09-28', '10:56:32', 'Delivered', 96.91),
(1718, 20, 72, 'Or_6', '2020-06-27', '16:12:39', 'Cancelled', 9.24),
(1719, 261, 99, 'Your_22', '2021-11-04', '12:11:23', 'Pending', 23.16),
(1720, 842, 136, 'Beyond_50', '2020-09-01', '03:04:49', 'Pending', 35.73),
(1721, 658, 139, 'Per_59', '2020-03-04', '11:14:24', 'Pending', 34.2),
(1722, 500, 199, 'Similar_75', '2020-12-11', '14:41:59', 'Cancelled', 15.83),
(1723, 166, 40, 'Into_52', '2020-12-03', '18:51:13', 'Cancelled', 41.1),
(1724, 554, 99, 'She_99', '2021-06-14', '12:03:57', 'Delivered', 59.41),
(1725, 186, 46, 'Lead_11', '2021-11-05', '10:10:07', 'Pending', 91.09),
(1726, 274, 153, 'Respond_88', '2023-11-18', '08:16:04', 'Delivered', 59.18),
(1727, 62, 178, 'Try_33', '2022-11-14', '08:30:33', 'Pending', 36.58),
(1728, 892, 94, 'Someone_91', '2021-05-16', '06:18:00', 'Cancelled', 87.22),
(1729, 590, 194, 'Carry_10', '2021-06-15', '16:20:01', 'Cancelled', 39.46),
(1730, 256, 125, 'Law_24', '2021-07-19', '05:49:25', 'Cancelled', 26.26),
(1731, 287, 78, 'Network_4', '2020-05-08', '07:28:23', 'Cancelled', 36.93),
(1732, 916, 97, 'Number_71', '2022-12-04', '23:14:02', 'Delivered', 67.89),
(1733, 55, 117, 'Others_17', '2022-07-07', '02:08:32', 'Cancelled', 10.22),
(1734, 688, 152, 'Staff_14', '2023-02-17', '22:02:20', 'Delivered', 93.68),
(1735, 925, 89, 'Church_56', '2020-08-08', '19:53:31', 'Pending', 55.94),
(1736, 660, 145, 'Rest_26', '2023-11-24', '15:25:38', 'Pending', 56.31),
(1737, 926, 149, 'Public_73', '2021-03-03', '22:07:09', 'Pending', 36.41),
(1738, 952, 121, 'Research_36', '2023-05-01', '20:32:46', 'Pending', 6.48),
(1739, 385, 124, 'Into_48', '2020-05-27', '14:36:15', 'Delivered', 97.16),
(1740, 632, 54, 'Make_66', '2020-03-12', '09:29:19', 'Pending', 30.5),
(1741, 652, 109, 'Face_62', '2021-12-07', '19:36:59', 'Delivered', 14.15),
(1742, 878, 53, 'One_58', '2023-01-08', '11:45:42', 'Cancelled', 8.08),
(1743, 519, 200, 'Water_50', '2020-04-10', '07:16:49', 'Delivered', 78.02),
(1744, 456, 146, 'Smile_99', '2023-11-25', '02:57:11', 'Pending', 41.59),
(1745, 237, 136, 'Baby_51', '2020-03-20', '08:56:58', 'Cancelled', 13.97),
(1746, 356, 18, 'Learn_69', '2020-05-29', '10:05:39', 'Pending', 70.41),
(1747, 712, 41, 'Site_47', '2020-07-09', '05:48:31', 'Cancelled', 12.03),
(1748, 739, 3, 'Look_10', '2022-06-13', '03:37:41', 'Cancelled', 74.22),
(1749, 233, 196, 'Stage_2', '2023-03-19', '00:36:54', 'Cancelled', 89.0),
(1750, 753, 4, 'Attorney_83', '2022-12-25', '17:23:51', 'Pending', 85.83),
(1751, 812, 27, 'Region_49', '2022-10-11', '01:33:48', 'Cancelled', 50.51),
(1752, 64, 17, 'Contain_43', '2020-01-19', '14:58:41', 'Cancelled', 56.74),
(1753, 65, 171, 'Several_78', '2023-04-21', '18:54:34', 'Pending', 12.76),
(1754, 552, 114, 'Test_75', '2021-03-05', '23:15:48', 'Cancelled', 8.28),
(1755, 235, 109, 'World_81', '2023-03-27', '11:23:05', 'Delivered', 38.69),
(1756, 386, 165, 'Walk_56', '2023-03-20', '05:51:36', 'Cancelled', 33.61),
(1757, 863, 42, 'Plant_95', '2020-09-06', '00:02:19', 'Cancelled', 14.38),
(1758, 130, 163, 'My_71', '2021-04-12', '08:10:45', 'Pending', 23.31),
(1759, 363, 148, 'Between_28', '2021-06-21', '22:04:15', 'Delivered', 63.42),
(1760, 441, 128, 'Research_84', '2023-08-16', '13:56:32', 'Cancelled', 16.51),
(1761, 740, 153, 'Billion_5', '2023-08-26', '18:31:30', 'Pending', 85.26),
(1762, 7, 186, 'Accept_23', '2020-07-06', '18:41:46', 'Delivered', 30.98),
(1763, 709, 61, 'Worry_56', '2020-08-07', '06:10:11', 'Delivered', 34.57),
(1764, 505, 104, 'Already_100', '2022-01-30', '05:48:05', 'Pending', 45.86),
(1765, 947, 39, 'Majority_34', '2020-09-04', '00:14:12', 'Delivered', 31.38),
(1766, 97, 102, 'Buy_64', '2020-09-19', '18:42:30', 'Pending', 85.0),
(1767, 156, 126, 'Design_70', '2022-04-17', '23:08:09', 'Delivered', 48.38),
(1768, 576, 105, 'Rich_98', '2023-06-09', '21:48:16', 'Pending', 27.88),
(1769, 906, 98, 'Machine_54', '2020-03-10', '22:03:50', 'Cancelled', 57.81),
(1770, 8, 86, 'Factor_5', '2021-02-13', '23:05:08', 'Cancelled', 73.1),
(1771, 228, 57, 'Open_13', '2020-11-22', '23:34:48', 'Delivered', 69.37),
(1772, 665, 28, 'Low_31', '2020-08-21', '07:23:17', 'Pending', 29.59),
(1773, 720, 115, 'Myself_98', '2022-07-12', '09:34:14', 'Cancelled', 54.07),
(1774, 901, 142, 'Several_63', '2022-10-16', '10:10:56', 'Delivered', 53.42),
(1775, 254, 55, 'Player_35', '2023-10-15', '00:27:27', 'Delivered', 6.8),
(1776, 892, 89, 'My_4', '2023-04-03', '07:19:57', 'Delivered', 30.22),
(1777, 652, 157, 'Use_71', '2020-06-22', '00:47:19', 'Delivered', 90.99),
(1778, 94, 193, 'Race_69', '2021-11-24', '17:31:13', 'Pending', 13.57),
(1779, 82, 113, 'Night_63', '2023-09-19', '19:45:14', 'Pending', 7.41),
(1780, 915, 57, 'Our_50', '2022-08-15', '08:53:35', 'Cancelled', 99.06),
(1781, 526, 59, 'Seven_87', '2022-10-13', '18:49:22', 'Cancelled', 98.33),
(1782, 639, 54, 'Agent_57', '2020-03-06', '18:54:19', 'Cancelled', 51.12),
(1783, 472, 82, 'Citizen_67', '2023-09-30', '03:50:04', 'Pending', 86.75),
(1784, 188, 190, 'On_19', '2023-05-08', '21:16:31', 'Delivered', 40.04),
(1785, 204, 106, 'Somebody_82', '2022-06-30', '01:57:44', 'Delivered', 36.49),
(1786, 84, 88, 'Degree_31', '2022-02-04', '12:06:39', 'Cancelled', 76.48),
(1787, 628, 20, 'Law_3', '2023-07-22', '23:48:45', 'Cancelled', 46.55),
(1788, 398, 65, 'Several_54', '2023-07-06', '17:00:17', 'Delivered', 83.38),
(1789, 109, 3, 'Large_16', '2020-11-19', '04:10:52', 'Cancelled', 31.04),
(1790, 770, 17, 'Effect_4', '2022-06-16', '00:45:12', 'Pending', 46.54),
(1791, 11, 59, 'Such_9', '2021-10-16', '01:30:05', 'Pending', 68.67),
(1792, 204, 105, 'Seven_64', '2020-06-24', '22:51:53', 'Pending', 67.84),
(1793, 565, 73, 'Indeed_18', '2020-05-10', '13:28:21', 'Delivered', 42.56),
(1794, 119, 166, 'Star_71', '2022-07-04', '00:29:10', 'Cancelled', 89.59),
(1795, 752, 192, 'State_48', '2020-06-05', '09:35:48', 'Delivered', 93.49),
(1796, 461, 131, 'Catch_97', '2021-07-11', '14:30:52', 'Cancelled', 17.2),
(1797, 301, 11, 'Happen_67', '2021-04-24', '23:48:08', 'Delivered', 95.45),
(1798, 326, 200, 'Whole_68', '2021-07-15', '07:28:44', 'Delivered', 45.21),
(1799, 470, 131, 'Method_49', '2020-04-13', '09:04:31', 'Pending', 21.3),
(1800, 84, 19, 'Whose_7', '2021-03-17', '22:31:06', 'Delivered', 70.93),
(1801, 754, 88, 'More_39', '2023-08-04', '12:13:07', 'Delivered', 8.58),
(1802, 440, 139, 'Rather_7', '2022-10-20', '21:38:39', 'Cancelled', 44.8),
(1803, 682, 163, 'Song_96', '2021-07-08', '22:55:31', 'Cancelled', 31.43),
(1804, 815, 115, 'Woman_57', '2022-08-03', '15:39:59', 'Pending', 59.55),
(1805, 914, 103, 'Represent_12', '2022-11-04', '15:59:19', 'Pending', 24.88),
(1806, 1, 19, 'Language_16', '2022-08-27', '13:49:21', 'Cancelled', 87.22),
(1807, 377, 7, 'Class_43', '2023-06-02', '18:52:56', 'Cancelled', 47.59),
(1808, 339, 39, 'Pay_20', '2020-04-07', '02:57:17', 'Delivered', 24.4),
(1809, 598, 63, 'Personal_30', '2022-05-20', '10:17:45', 'Pending', 11.82),
(1810, 925, 151, 'Floor_62', '2022-12-22', '02:55:51', 'Cancelled', 97.96),
(1811, 232, 83, 'Which_60', '2021-12-09', '04:22:50', 'Pending', 60.31),
(1812, 266, 82, 'Respond_30', '2021-09-01', '08:37:10', 'Pending', 27.31),
(1813, 664, 51, 'Family_83', '2020-11-08', '00:33:03', 'Pending', 57.35),
(1814, 79, 55, 'Assume_89', '2021-09-07', '02:53:22', 'Delivered', 39.65),
(1815, 63, 21, 'Everybody_17', '2022-04-19', '18:55:13', 'Cancelled', 94.32),
(1816, 4, 98, 'Station_11', '2021-04-23', '22:18:36', 'Cancelled', 36.84),
(1817, 270, 129, 'Computer_5', '2022-09-09', '20:40:00', 'Pending', 75.53),
(1818, 445, 57, 'Enough_84', '2022-01-04', '00:54:37', 'Cancelled', 52.1),
(1819, 843, 158, 'Even_97', '2022-05-05', '19:41:28', 'Pending', 16.28),
(1820, 207, 26, 'Any_34', '2022-01-09', '15:22:57', 'Cancelled', 32.2),
(1821, 139, 9, 'Sing_87', '2020-07-30', '13:12:21', 'Cancelled', 77.56),
(1822, 982, 79, 'Discussion_88', '2023-10-27', '15:28:09', 'Cancelled', 78.85),
(1823, 844, 188, 'Conference_51', '2021-03-31', '20:59:56', 'Pending', 5.39),
(1824, 750, 199, 'Attention_57', '2020-10-31', '05:26:19', 'Pending', 98.72),
(1825, 610, 190, 'Little_76', '2023-08-19', '18:52:59', 'Delivered', 15.37),
(1826, 845, 8, 'Win_36', '2022-02-11', '15:36:40', 'Cancelled', 51.56),
(1827, 132, 111, 'Choice_59', '2020-05-25', '18:39:17', 'Delivered', 78.19),
(1828, 2, 147, 'Might_81', '2021-07-21', '18:50:45', 'Delivered', 5.25),
(1829, 325, 177, 'Institution_39', '2020-02-14', '18:21:54', 'Pending', 74.47),
(1830, 159, 53, 'Require_83', '2020-08-16', '04:15:34', 'Pending', 73.4),
(1831, 207, 86, 'Unit_34', '2021-11-22', '22:16:15', 'Delivered', 35.13),
(1832, 520, 171, 'Art_72', '2020-01-27', '16:22:01', 'Delivered', 18.85),
(1833, 619, 87, 'Move_32', '2023-10-14', '12:23:57', 'Cancelled', 96.36),
(1834, 165, 54, 'Bank_17', '2021-02-09', '21:04:25', 'Cancelled', 21.21),
(1835, 580, 76, 'Few_25', '2023-02-14', '01:30:53', 'Pending', 49.03),
(1836, 871, 137, 'Possible_45', '2020-07-22', '06:14:24', 'Cancelled', 43.47),
(1837, 764, 162, 'Suddenly_22', '2022-06-24', '05:09:06', 'Delivered', 24.26),
(1838, 173, 102, 'Civil_21', '2022-05-11', '18:00:45', 'Delivered', 38.44),
(1839, 263, 182, 'Power_84', '2021-04-17', '14:23:56', 'Cancelled', 49.26),
(1840, 687, 83, 'Central_85', '2023-03-19', '19:47:02', 'Delivered', 51.88),
(1841, 214, 8, 'Evidence_16', '2021-09-23', '17:37:34', 'Delivered', 5.48),
(1842, 745, 102, 'Perform_78', '2022-08-26', '02:40:41', 'Cancelled', 78.07),
(1843, 522, 10, 'Leader_67', '2021-10-02', '03:04:30', 'Cancelled', 51.44),
(1844, 866, 16, 'Record_16', '2023-10-13', '08:43:44', 'Delivered', 31.78),
(1845, 679, 24, 'Listen_49', '2022-01-06', '03:55:42', 'Delivered', 73.05),
(1846, 480, 60, 'Prove_42', '2020-10-23', '04:46:20', 'Pending', 70.68),
(1847, 923, 55, 'Because_8', '2023-10-24', '23:47:33', 'Pending', 14.14),
(1848, 892, 3, 'Parent_100', '2020-04-16', '20:25:47', 'Pending', 95.61),
(1849, 492, 68, 'Hotel_40', '2020-12-05', '17:06:28', 'Pending', 91.4),
(1850, 89, 64, 'Public_87', '2022-10-11', '05:20:07', 'Cancelled', 26.41),
(1851, 527, 192, 'Food_71', '2023-10-21', '05:22:57', 'Pending', 39.68),
(1852, 996, 190, 'Benefit_47', '2021-04-19', '00:20:07', 'Cancelled', 91.59),
(1853, 716, 159, 'Enter_76', '2021-06-30', '14:37:14', 'Delivered', 84.31),
(1854, 575, 58, 'Read_45', '2021-10-09', '22:00:27', 'Cancelled', 33.92),
(1855, 281, 5, 'Kitchen_74', '2022-05-14', '03:55:51', 'Delivered', 37.63),
(1856, 156, 68, 'Rather_51', '2023-05-09', '06:04:11', 'Cancelled', 39.64),
(1857, 508, 130, 'Yeah_91', '2022-08-05', '13:19:32', 'Pending', 75.88),
(1858, 50, 152, 'Act_14', '2022-08-11', '12:58:48', 'Cancelled', 21.4),
(1859, 839, 114, 'Way_65', '2020-04-30', '01:58:06', 'Cancelled', 13.62),
(1860, 232, 46, 'Off_53', '2023-10-16', '13:48:13', 'Cancelled', 53.44),
(1861, 436, 22, 'After_88', '2020-04-02', '20:58:57', 'Cancelled', 65.19),
(1862, 232, 123, 'Work_77', '2021-06-07', '09:51:01', 'Pending', 62.22),
(1863, 807, 156, 'Modern_4', '2022-02-14', '08:53:26', 'Delivered', 91.02),
(1864, 165, 155, 'They_49', '2020-02-19', '21:49:43', 'Cancelled', 61.84),
(1865, 971, 40, 'Its_2', '2023-05-17', '18:53:14', 'Cancelled', 73.89),
(1866, 723, 156, 'Data_76', '2021-08-08', '21:20:54', 'Delivered', 8.34),
(1867, 652, 103, 'Since_25', '2021-03-14', '03:30:56', 'Pending', 71.02),
(1868, 44, 196, 'Too_97', '2020-07-08', '09:34:40', 'Cancelled', 48.18),
(1869, 276, 195, 'Morning_3', '2020-03-14', '12:14:40', 'Pending', 52.82),
(1870, 181, 122, 'Own_44', '2021-09-06', '21:49:01', 'Delivered', 17.15),
(1871, 429, 41, 'Develop_85', '2021-10-09', '23:45:27', 'Delivered', 35.97),
(1872, 181, 10, 'Car_88', '2022-05-28', '14:19:38', 'Cancelled', 88.5),
(1873, 680, 117, 'Oil_91', '2023-01-05', '12:21:11', 'Cancelled', 7.4),
(1874, 986, 165, 'Energy_14', '2020-03-18', '23:50:58', 'Cancelled', 51.51),
(1875, 544, 195, 'Security_9', '2022-05-18', '02:40:45', 'Delivered', 16.08),
(1876, 327, 82, 'What_91', '2020-07-01', '12:13:11', 'Cancelled', 80.57),
(1877, 962, 46, 'Conference_38', '2020-08-08', '12:28:08', 'Cancelled', 54.99),
(1878, 635, 133, 'Within_61', '2021-06-14', '22:14:05', 'Delivered', 46.98),
(1879, 202, 58, 'Party_20', '2023-10-11', '10:53:17', 'Cancelled', 43.37),
(1880, 895, 71, 'Action_41', '2023-02-18', '11:36:11', 'Delivered', 24.61),
(1881, 637, 182, 'Who_71', '2021-04-12', '11:25:35', 'Cancelled', 12.28),
(1882, 716, 70, 'Money_94', '2022-03-23', '06:19:11', 'Cancelled', 24.14),
(1883, 934, 136, 'Run_90', '2022-05-04', '23:53:44', 'Delivered', 83.59),
(1884, 822, 150, 'Must_45', '2023-12-04', '12:43:24', 'Cancelled', 65.43),
(1885, 238, 12, 'Local_24', '2021-09-25', '22:11:40', 'Cancelled', 40.02),
(1886, 911, 75, 'Dark_30', '2022-09-15', '02:33:25', 'Delivered', 68.61),
(1887, 96, 125, 'Force_15', '2023-09-17', '17:53:38', 'Delivered', 57.19),
(1888, 437, 68, 'Move_51', '2021-06-24', '19:32:00', 'Cancelled', 89.07),
(1889, 594, 150, 'Federal_7', '2020-08-21', '14:29:30', 'Delivered', 29.33),
(1890, 861, 196, 'Wear_57', '2021-12-22', '09:40:36', 'Delivered', 48.81),
(1891, 755, 197, 'Which_88', '2023-12-28', '23:15:31', 'Cancelled', 18.51),
(1892, 380, 43, 'Someone_64', '2021-12-25', '06:07:23', 'Cancelled', 9.68),
(1893, 959, 79, 'Thought_19', '2022-01-13', '01:44:08', 'Pending', 56.04),
(1894, 161, 68, 'Discuss_35', '2023-02-19', '18:43:11', 'Pending', 95.82),
(1895, 740, 96, 'Theory_32', '2021-04-25', '02:40:24', 'Pending', 58.25),
(1896, 447, 18, 'Lay_37', '2021-09-30', '23:58:44', 'Delivered', 39.19),
(1897, 513, 43, 'Mother_10', '2021-03-08', '15:43:55', 'Delivered', 74.24),
(1898, 19, 116, 'Front_95', '2021-04-14', '08:08:55', 'Delivered', 29.37),
(1899, 269, 112, 'Answer_83', '2023-11-04', '06:49:25', 'Cancelled', 78.7),
(1900, 483, 48, 'Usually_43', '2021-11-08', '06:22:00', 'Cancelled', 67.0),
(1901, 18, 2, 'Article_46', '2023-12-24', '03:36:10', 'Cancelled', 70.67),
(1902, 837, 85, 'Operation_42', '2020-11-27', '23:32:56', 'Delivered', 35.47),
(1903, 1000, 173, 'Single_91', '2022-07-30', '17:07:09', 'Delivered', 81.04),
(1904, 418, 184, 'Activity_7', '2020-02-23', '17:22:02', 'Cancelled', 70.83),
(1905, 45, 36, 'Summer_4', '2023-06-26', '13:07:19', 'Cancelled', 27.51),
(1906, 343, 123, 'Side_45', '2021-01-04', '03:43:11', 'Cancelled', 6.57),
(1907, 600, 7, 'Billion_45', '2020-03-13', '15:49:08', 'Delivered', 81.38),
(1908, 775, 75, 'One_86', '2023-07-04', '10:53:46', 'Cancelled', 66.24),
(1909, 99, 122, 'Address_79', '2023-10-19', '08:36:10', 'Pending', 30.55),
(1910, 882, 163, 'Him_76', '2022-04-15', '05:13:32', 'Pending', 23.16),
(1911, 974, 106, 'Site_2', '2020-08-27', '17:09:57', 'Pending', 40.07),
(1912, 15, 3, 'Lay_93', '2022-10-30', '07:54:24', 'Delivered', 11.08),
(1913, 586, 168, 'Summer_66', '2023-05-09', '11:01:07', 'Pending', 70.2),
(1914, 802, 88, 'Political_52', '2022-04-01', '04:55:10', 'Cancelled', 26.66),
(1915, 568, 197, 'However_97', '2020-01-17', '14:30:42', 'Cancelled', 64.32),
(1916, 368, 127, 'Provide_63', '2023-03-25', '14:34:32', 'Delivered', 22.28),
(1917, 731, 106, 'Carry_78', '2023-12-05', '13:45:58', 'Cancelled', 18.38),
(1918, 785, 178, 'Market_27', '2021-04-10', '20:34:05', 'Delivered', 19.06),
(1919, 637, 69, 'Discussion_71', '2021-01-30', '18:01:24', 'Cancelled', 93.13),
(1920, 758, 150, 'Learn_58', '2022-04-25', '22:53:05', 'Delivered', 76.42),
(1921, 827, 156, 'Perform_66', '2020-08-13', '04:21:16', 'Cancelled', 75.92),
(1922, 620, 35, 'Bar_6', '2022-09-25', '09:16:36', 'Cancelled', 70.58),
(1923, 754, 192, 'Inside_34', '2021-06-25', '01:27:40', 'Pending', 48.11),
(1924, 436, 190, 'Brother_11', '2023-09-19', '20:12:52', 'Cancelled', 87.96),
(1925, 157, 132, 'Friend_47', '2022-03-04', '19:27:54', 'Delivered', 74.65),
(1926, 820, 167, 'Color_77', '2023-07-07', '15:11:34', 'Cancelled', 96.21),
(1927, 13, 53, 'Wonder_88', '2023-04-19', '19:35:48', 'Cancelled', 5.86),
(1928, 312, 64, 'Doctor_62', '2023-07-09', '10:02:45', 'Cancelled', 29.12),
(1929, 959, 144, 'Game_77', '2022-08-17', '02:02:55', 'Cancelled', 99.69),
(1930, 881, 30, 'Any_46', '2020-04-08', '09:23:00', 'Delivered', 58.29),
(1931, 850, 3, 'Quickly_11', '2021-03-25', '10:47:35', 'Pending', 29.99),
(1932, 103, 111, 'People_92', '2022-09-07', '20:00:57', 'Pending', 80.85),
(1933, 550, 149, 'Street_1', '2023-09-12', '09:11:10', 'Delivered', 26.01),
(1934, 562, 194, 'Report_31', '2023-08-11', '14:30:57', 'Pending', 85.37),
(1935, 278, 170, 'Strategy_97', '2022-04-28', '15:31:55', 'Delivered', 37.74),
(1936, 592, 57, 'Away_71', '2022-12-22', '02:07:51', 'Delivered', 51.83),
(1937, 535, 61, 'Truth_74', '2020-05-28', '05:33:09', 'Cancelled', 64.9),
(1938, 76, 86, 'Memory_50', '2022-12-26', '23:19:36', 'Cancelled', 29.34),
(1939, 415, 168, 'Hit_47', '2020-09-07', '06:59:22', 'Pending', 46.66),
(1940, 203, 16, 'Allow_70', '2021-04-03', '12:07:37', 'Delivered', 81.37),
(1941, 704, 116, 'Consumer_87', '2022-10-27', '03:20:53', 'Cancelled', 8.7),
(1942, 115, 55, 'Remember_93', '2023-04-22', '08:24:11', 'Cancelled', 85.07),
(1943, 324, 147, 'End_24', '2022-10-07', '08:32:14', 'Cancelled', 74.64),
(1944, 390, 45, 'Quality_82', '2023-05-18', '14:45:26', 'Delivered', 43.37),
(1945, 873, 78, 'Value_89', '2021-12-04', '03:35:56', 'Delivered', 62.94),
(1946, 287, 190, 'Specific_6', '2020-01-18', '18:43:56', 'Delivered', 76.54),
(1947, 648, 84, 'Indeed_1', '2021-09-07', '15:20:49', 'Delivered', 12.44),
(1948, 750, 82, 'Ago_73', '2023-03-23', '06:50:48', 'Pending', 40.2),
(1949, 51, 187, 'As_94', '2022-12-30', '08:43:39', 'Pending', 33.05),
(1950, 973, 171, 'Hand_76', '2022-10-19', '02:48:12', 'Pending', 45.1),
(1951, 372, 85, 'Modern_14', '2021-11-08', '03:35:08', 'Delivered', 73.26),
(1952, 538, 15, 'Question_54', '2023-02-17', '22:07:07', 'Delivered', 46.92),
(1953, 95, 183, 'Main_86', '2020-07-08', '06:02:05', 'Delivered', 62.58),
(1954, 521, 7, 'Nor_52', '2023-05-15', '07:27:42', 'Delivered', 5.35),
(1955, 39, 84, 'Analysis_65', '2020-08-28', '18:24:05', 'Delivered', 95.13),
(1956, 13, 44, 'Here_73', '2020-06-15', '13:02:25', 'Pending', 87.52),
(1957, 664, 50, 'Increase_84', '2020-09-29', '18:05:12', 'Pending', 54.9),
(1958, 165, 155, 'Join_54', '2022-08-30', '16:49:59', 'Cancelled', 89.26),
(1959, 660, 84, 'Late_15', '2020-11-18', '15:43:40', 'Delivered', 71.8),
(1960, 626, 102, 'Democrat_20', '2020-04-06', '20:50:35', 'Pending', 85.19),
(1961, 155, 175, 'Into_59', '2022-11-22', '20:02:37', 'Pending', 10.5),
(1962, 211, 69, 'Nation_31', '2021-11-14', '12:33:34', 'Delivered', 27.3),
(1963, 603, 51, 'Turn_16', '2022-08-18', '15:51:49', 'Pending', 9.39),
(1964, 187, 80, 'Development_82', '2020-12-18', '12:09:31', 'Cancelled', 49.8),
(1965, 711, 36, 'Difficult_94', '2021-02-18', '23:08:53', 'Delivered', 84.53),
(1966, 739, 3, 'Game_96', '2023-11-28', '07:22:28', 'Cancelled', 83.21),
(1967, 223, 13, 'Care_13', '2022-04-01', '14:33:21', 'Cancelled', 92.83),
(1968, 575, 62, 'Something_81', '2021-10-07', '00:18:16', 'Delivered', 25.19),
(1969, 732, 97, 'Fast_16', '2021-03-23', '13:59:41', 'Delivered', 63.09),
(1970, 722, 35, 'Store_96', '2021-09-08', '11:04:34', 'Delivered', 89.1),
(1971, 343, 46, 'Record_60', '2023-08-06', '19:26:28', 'Cancelled', 18.75),
(1972, 281, 4, 'Sell_17', '2023-09-06', '01:29:56', 'Cancelled', 82.75),
(1973, 637, 114, 'Above_36', '2020-04-07', '07:31:44', 'Cancelled', 46.64),
(1974, 300, 189, 'Could_24', '2023-08-15', '20:18:50', 'Delivered', 37.89),
(1975, 216, 88, 'Out_71', '2022-10-27', '21:42:34', 'Delivered', 77.09),
(1976, 42, 13, 'Capital_85', '2023-02-19', '08:40:05', 'Cancelled', 23.84),
(1977, 619, 33, 'Entire_24', '2022-11-29', '23:31:36', 'Pending', 14.71),
(1978, 113, 175, 'Goal_58', '2021-12-31', '22:01:59', 'Pending', 19.82),
(1979, 622, 49, 'To_42', '2022-09-05', '00:34:19', 'Delivered', 88.93),
(1980, 255, 69, 'Lay_25', '2022-01-22', '12:29:42', 'Pending', 47.13),
(1981, 306, 164, 'Plan_64', '2020-09-06', '17:31:40', 'Cancelled', 59.63),
(1982, 269, 35, 'Despite_7', '2021-03-16', '18:21:53', 'Cancelled', 89.55),
(1983, 679, 171, 'Game_42', '2021-04-07', '09:50:50', 'Delivered', 19.12),
(1984, 583, 179, 'Couple_22', '2021-02-17', '20:59:20', 'Cancelled', 78.17),
(1985, 453, 16, 'Deep_60', '2022-01-20', '11:40:12', 'Cancelled', 10.97),
(1986, 906, 14, 'Wide_97', '2023-08-27', '04:33:31', 'Cancelled', 31.42),
(1987, 78, 199, 'Team_44', '2021-01-28', '11:50:54', 'Delivered', 67.03),
(1988, 391, 111, 'Could_49', '2023-09-11', '07:25:07', 'Delivered', 58.1),
(1989, 760, 110, 'Listen_97', '2022-08-19', '05:44:39', 'Pending', 69.33),
(1990, 980, 39, 'Activity_41', '2020-03-12', '21:05:29', 'Delivered', 82.36),
(1991, 206, 101, 'Democratic_68', '2022-09-28', '21:40:40', 'Cancelled', 35.34),
(1992, 491, 111, 'Far_85', '2021-02-08', '11:41:51', 'Delivered', 50.5),
(1993, 296, 5, 'Explain_57', '2020-10-07', '10:39:32', 'Cancelled', 96.75),
(1994, 838, 183, 'Base_62', '2022-02-06', '01:20:32', 'Delivered', 31.21),
(1995, 741, 176, 'Something_86', '2020-08-12', '18:40:16', 'Delivered', 66.63),
(1996, 782, 109, 'Very_59', '2023-04-08', '23:56:49', 'Cancelled', 73.42),
(1997, 62, 129, 'Instead_74', '2020-05-27', '06:19:26', 'Cancelled', 19.65),
(1998, 227, 189, 'Interview_66', '2022-10-17', '18:25:00', 'Delivered', 72.24),
(1999, 506, 5, 'Painting_41', '2022-01-24', '10:52:09', 'Delivered', 57.25),
(2000, 926, 20, 'Course_33', '2020-04-23', '04:16:32', 'Cancelled', 82.92),
(2001, 322, 178, 'Argue_97', '2021-12-02', '00:31:30', 'Pending', 29.86),
(2002, 629, 20, 'Off_32', '2022-06-05', '10:28:00', 'Pending', 71.34),
(2003, 886, 115, 'Tough_94', '2022-11-16', '18:23:24', 'Pending', 8.94),
(2004, 74, 200, 'Audience_98', '2020-09-12', '20:42:50', 'Cancelled', 14.37),
(2005, 412, 158, 'Call_27', '2020-01-06', '09:19:32', 'Delivered', 23.87),
(2006, 289, 176, 'Imagine_95', '2021-03-17', '12:00:21', 'Cancelled', 42.52),
(2007, 944, 114, 'Perform_89', '2021-03-19', '20:36:37', 'Delivered', 63.66),
(2008, 668, 22, 'Worker_45', '2020-11-14', '00:01:20', 'Pending', 53.0),
(2009, 862, 161, 'All_35', '2021-03-20', '17:27:41', 'Cancelled', 73.13),
(2010, 178, 186, 'Woman_69', '2021-04-01', '22:55:56', 'Pending', 20.52),
(2011, 470, 25, 'Beyond_19', '2022-01-23', '11:51:36', 'Cancelled', 95.56),
(2012, 306, 157, 'Executive_83', '2023-04-16', '08:12:04', 'Delivered', 33.24),
(2013, 926, 120, 'Strategy_64', '2021-08-03', '02:42:52', 'Delivered', 60.68),
(2014, 370, 78, 'Star_72', '2023-12-19', '18:54:38', 'Cancelled', 98.85),
(2015, 180, 140, 'Account_16', '2023-04-11', '04:39:48', 'Cancelled', 40.45),
(2016, 279, 16, 'Themselves_100', '2020-03-08', '11:28:15', 'Pending', 12.92),
(2017, 920, 54, 'Democratic_66', '2021-04-21', '12:08:31', 'Delivered', 46.9),
(2018, 98, 10, 'Clearly_43', '2020-03-01', '17:52:00', 'Pending', 64.83),
(2019, 182, 148, 'Teach_80', '2022-10-16', '22:23:20', 'Cancelled', 95.33),
(2020, 101, 168, 'Best_38', '2023-02-27', '00:32:12', 'Delivered', 40.5),
(2021, 698, 149, 'Both_22', '2022-04-15', '01:24:08', 'Cancelled', 58.2),
(2022, 964, 78, 'Point_47', '2023-01-23', '13:26:26', 'Delivered', 64.05),
(2023, 47, 116, 'So_52', '2023-06-04', '03:27:35', 'Delivered', 73.0),
(2024, 441, 7, 'Be_17', '2021-09-14', '11:44:33', 'Delivered', 50.63),
(2025, 622, 111, 'Follow_3', '2022-03-08', '08:06:16', 'Cancelled', 86.64),
(2026, 35, 199, 'Report_71', '2022-02-03', '15:33:44', 'Cancelled', 96.86),
(2027, 216, 46, 'Paper_26', '2022-03-15', '19:27:50', 'Pending', 6.45),
(2028, 678, 18, 'So_59', '2020-08-14', '03:10:11', 'Delivered', 19.49),
(2029, 306, 185, 'Effect_50', '2020-12-08', '11:06:03', 'Cancelled', 36.66),
(2030, 412, 56, 'Green_83', '2021-04-28', '00:42:23', 'Cancelled', 56.02),
(2031, 799, 65, 'Movie_41', '2023-07-10', '10:22:21', 'Cancelled', 85.53),
(2032, 997, 6, 'Develop_99', '2021-11-11', '06:18:45', 'Cancelled', 48.81),
(2033, 988, 23, 'Item_46', '2021-08-07', '06:29:33', 'Cancelled', 19.74),
(2034, 636, 63, 'Hit_3', '2022-11-12', '00:50:15', 'Cancelled', 74.77),
(2035, 397, 162, 'Spring_18', '2020-04-24', '12:35:20', 'Pending', 91.05),
(2036, 754, 147, 'Matter_70', '2021-05-07', '17:14:02', 'Cancelled', 55.45),
(2037, 374, 26, 'Radio_95', '2021-02-09', '21:10:30', 'Cancelled', 68.95),
(2038, 84, 180, 'Understand_98', '2021-05-25', '19:01:03', 'Cancelled', 10.21),
(2039, 998, 61, 'Night_94', '2022-08-05', '04:02:45', 'Delivered', 83.76),
(2040, 436, 199, 'Close_42', '2022-07-23', '03:22:22', 'Pending', 81.94),
(2041, 449, 157, 'Operation_38', '2021-09-04', '23:30:22', 'Pending', 58.38),
(2042, 197, 128, 'Article_68', '2022-12-18', '08:38:05', 'Pending', 60.18),
(2043, 418, 178, 'With_62', '2021-09-18', '04:09:51', 'Pending', 55.82),
(2044, 696, 31, 'Name_2', '2021-09-01', '09:34:31', 'Pending', 47.96),
(2045, 87, 178, 'American_49', '2023-11-15', '19:20:27', 'Pending', 45.54),
(2046, 509, 43, 'Significant_1', '2022-09-25', '20:14:40', 'Cancelled', 13.04),
(2047, 926, 170, 'South_36', '2022-05-16', '23:12:45', 'Pending', 42.04),
(2048, 303, 180, 'Federal_5', '2023-08-02', '19:20:13', 'Delivered', 8.45),
(2049, 893, 106, 'Rock_34', '2020-01-10', '12:27:20', 'Cancelled', 43.96),
(2050, 2, 15, 'Quickly_60', '2020-02-22', '07:11:01', 'Cancelled', 64.24),
(2051, 899, 145, 'Rise_12', '2020-04-08', '06:05:30', 'Cancelled', 5.17),
(2052, 472, 143, 'Medical_36', '2020-04-30', '02:39:43', 'Cancelled', 90.45),
(2053, 607, 181, 'And_80', '2023-11-21', '23:37:45', 'Cancelled', 38.1),
(2054, 715, 180, 'Where_27', '2022-07-25', '13:14:50', 'Pending', 82.36),
(2055, 795, 63, 'Program_50', '2020-09-24', '10:03:49', 'Cancelled', 34.25),
(2056, 427, 162, 'Father_93', '2021-11-08', '14:26:52', 'Cancelled', 29.78),
(2057, 406, 137, 'Start_5', '2021-05-20', '20:49:02', 'Delivered', 66.43),
(2058, 744, 167, 'Site_95', '2023-12-28', '16:16:39', 'Delivered', 71.07),
(2059, 469, 82, 'Identify_61', '2021-12-23', '19:15:26', 'Pending', 15.11),
(2060, 672, 174, 'Wish_62', '2022-03-20', '22:17:08', 'Pending', 72.13),
(2061, 37, 200, 'Than_65', '2023-10-07', '09:30:25', 'Delivered', 76.74),
(2062, 643, 89, 'Chance_73', '2020-04-11', '11:01:59', 'Pending', 70.49),
(2063, 526, 169, 'Protect_17', '2020-05-22', '10:05:41', 'Delivered', 80.94),
(2064, 135, 192, 'Media_19', '2020-09-20', '07:27:51', 'Pending', 25.66),
(2065, 707, 189, 'The_89', '2023-01-31', '17:14:39', 'Pending', 53.87),
(2066, 113, 30, 'Management_53', '2020-09-03', '12:40:27', 'Delivered', 80.16),
(2067, 88, 105, 'Collection_98', '2020-11-06', '17:12:44', 'Cancelled', 11.51),
(2068, 202, 167, 'Guess_63', '2020-09-23', '14:33:23', 'Delivered', 40.31),
(2069, 123, 83, 'Article_36', '2021-01-11', '20:37:37', 'Cancelled', 20.57),
(2070, 448, 137, 'Three_41', '2023-12-19', '14:54:16', 'Delivered', 12.88),
(2071, 698, 113, 'Check_22', '2021-11-09', '23:09:09', 'Delivered', 73.05),
(2072, 438, 125, 'Quite_71', '2022-07-26', '22:54:42', 'Delivered', 97.16),
(2073, 791, 35, 'Such_52', '2021-05-10', '23:57:47', 'Pending', 84.13),
(2074, 919, 77, 'Him_79', '2023-07-06', '11:30:47', 'Pending', 75.57),
(2075, 265, 56, 'On_70', '2022-04-20', '15:24:50', 'Delivered', 51.66),
(2076, 530, 10, 'Score_72', '2020-11-27', '20:28:29', 'Cancelled', 8.77),
(2077, 623, 13, 'What_21', '2021-12-27', '21:54:53', 'Delivered', 71.78),
(2078, 366, 101, 'Never_93', '2022-08-02', '12:54:57', 'Cancelled', 61.17),
(2079, 766, 97, 'No_92', '2020-07-04', '10:13:04', 'Pending', 28.06),
(2080, 380, 112, 'Unit_65', '2020-05-18', '19:52:53', 'Delivered', 89.38),
(2081, 808, 75, 'Wind_11', '2020-03-04', '23:02:11', 'Delivered', 29.83),
(2082, 511, 28, 'Factor_8', '2023-11-12', '14:10:42', 'Pending', 70.84),
(2083, 64, 7, 'Sport_45', '2023-12-29', '21:42:35', 'Pending', 56.29),
(2084, 948, 137, 'We_99', '2021-09-06', '17:59:14', 'Cancelled', 19.56),
(2085, 523, 22, 'Enough_22', '2020-04-24', '02:04:29', 'Cancelled', 43.94),
(2086, 364, 137, 'Run_70', '2021-10-16', '13:50:20', 'Delivered', 18.47),
(2087, 719, 143, 'Grow_32', '2020-10-02', '16:58:28', 'Cancelled', 33.93),
(2088, 412, 176, 'Up_68', '2020-10-31', '09:59:16', 'Cancelled', 48.59),
(2089, 435, 28, 'Environmental_73', '2023-12-01', '15:57:53', 'Delivered', 42.86),
(2090, 490, 15, 'Friend_83', '2023-05-23', '14:11:58', 'Pending', 9.65),
(2091, 182, 71, 'Product_74', '2022-02-01', '04:22:52', 'Cancelled', 95.28),
(2092, 836, 162, 'After_31', '2021-09-21', '12:56:55', 'Cancelled', 80.46),
(2093, 78, 177, 'Candidate_55', '2020-05-16', '21:32:04', 'Pending', 10.69),
(2094, 291, 124, 'Chair_79', '2023-07-11', '03:01:50', 'Delivered', 91.1),
(2095, 750, 159, 'Half_9', '2021-10-22', '08:19:22', 'Delivered', 37.96),
(2096, 434, 70, 'Reveal_52', '2022-09-11', '17:08:18', 'Delivered', 87.13),
(2097, 120, 126, 'Force_46', '2022-05-09', '07:53:37', 'Cancelled', 77.99),
(2098, 841, 96, 'Cover_1', '2021-06-10', '20:22:14', 'Cancelled', 28.53),
(2099, 967, 64, 'Necessary_11', '2023-08-28', '07:27:30', 'Cancelled', 45.86),
(2100, 346, 183, 'Whether_66', '2022-12-10', '08:13:49', 'Cancelled', 22.13),
(2101, 699, 110, 'Though_90', '2022-03-12', '19:33:56', 'Cancelled', 26.76),
(2102, 191, 40, 'Certainly_97', '2023-12-26', '08:17:47', 'Delivered', 12.77),
(2103, 480, 46, 'Discover_9', '2021-05-22', '21:45:29', 'Delivered', 13.74),
(2104, 230, 128, 'Early_20', '2023-06-28', '12:17:16', 'Delivered', 67.9),
(2105, 44, 52, 'Citizen_45', '2020-11-25', '07:35:41', 'Cancelled', 34.12),
(2106, 831, 103, 'Remember_7', '2022-06-03', '23:57:16', 'Cancelled', 27.73),
(2107, 243, 61, 'Nation_75', '2022-08-19', '09:17:27', 'Delivered', 91.28),
(2108, 188, 22, 'Blue_3', '2023-12-15', '01:18:40', 'Pending', 23.16),
(2109, 105, 190, 'Red_98', '2023-09-11', '17:30:07', 'Pending', 59.49),
(2110, 827, 101, 'Building_39', '2020-09-14', '21:49:58', 'Pending', 85.44),
(2111, 905, 141, 'Win_83', '2023-04-05', '18:49:04', 'Cancelled', 69.58),
(2112, 230, 132, 'I_52', '2020-04-27', '08:45:03', 'Delivered', 23.69),
(2113, 73, 111, 'Less_49', '2022-04-09', '16:28:56', 'Pending', 19.84),
(2114, 217, 39, 'Reach_83', '2021-05-28', '19:17:44', 'Delivered', 18.35),
(2115, 923, 44, 'Buy_20', '2022-07-29', '17:44:49', 'Cancelled', 63.09),
(2116, 554, 82, 'Better_58', '2020-10-19', '06:03:31', 'Cancelled', 7.02),
(2117, 516, 40, 'Focus_66', '2021-08-10', '13:02:54', 'Delivered', 27.61),
(2118, 843, 59, 'Still_50', '2022-05-09', '23:55:06', 'Pending', 65.39),
(2119, 715, 91, 'Build_6', '2023-01-21', '19:50:27', 'Delivered', 39.21),
(2120, 815, 142, 'Work_3', '2020-04-27', '15:36:08', 'Delivered', 39.34),
(2121, 560, 170, 'Pressure_55', '2023-09-20', '05:02:04', 'Pending', 43.83),
(2122, 612, 194, 'Conference_71', '2023-12-06', '11:53:39', 'Delivered', 24.73),
(2123, 98, 28, 'Source_90', '2021-05-03', '12:24:18', 'Delivered', 86.6),
(2124, 278, 141, 'Although_100', '2023-05-11', '02:18:40', 'Cancelled', 48.04),
(2125, 720, 79, 'Investment_16', '2020-05-28', '18:39:14', 'Cancelled', 62.95),
(2126, 863, 157, 'Law_40', '2023-11-16', '02:01:14', 'Delivered', 67.73),
(2127, 674, 80, 'Itself_64', '2021-06-21', '15:49:16', 'Delivered', 81.76),
(2128, 416, 52, 'By_33', '2022-10-16', '03:26:05', 'Cancelled', 65.84),
(2129, 877, 125, 'Staff_76', '2023-06-09', '12:28:44', 'Pending', 10.97),
(2130, 977, 82, 'Perhaps_84', '2022-06-30', '10:35:46', 'Cancelled', 99.41),
(2131, 787, 80, 'Someone_40', '2020-09-03', '03:37:25', 'Pending', 53.58),
(2132, 572, 24, 'Rather_65', '2022-06-27', '05:16:45', 'Delivered', 43.46),
(2133, 584, 66, 'Happy_89', '2020-11-15', '05:42:16', 'Pending', 58.33),
(2134, 105, 97, 'Case_10', '2020-08-28', '05:30:09', 'Pending', 89.45),
(2135, 16, 165, 'Visit_48', '2022-10-22', '19:14:45', 'Pending', 21.04),
(2136, 454, 116, 'Age_98', '2020-12-08', '04:12:33', 'Cancelled', 84.15),
(2137, 476, 191, 'Your_62', '2023-08-28', '17:38:03', 'Cancelled', 9.49),
(2138, 140, 112, 'Arrive_13', '2020-04-15', '05:38:52', 'Delivered', 20.99),
(2139, 231, 74, 'Name_34', '2023-06-04', '15:25:22', 'Cancelled', 22.06),
(2140, 570, 49, 'Authority_43', '2022-04-10', '17:15:44', 'Delivered', 77.31),
(2141, 830, 62, 'Describe_65', '2022-03-17', '18:56:24', 'Delivered', 8.53),
(2142, 297, 39, 'Suggest_74', '2021-01-23', '09:35:53', 'Delivered', 97.65),
(2143, 973, 144, 'Another_44', '2021-07-18', '11:05:02', 'Cancelled', 68.52),
(2144, 59, 145, 'Share_40', '2021-03-07', '20:03:10', 'Cancelled', 92.92),
(2145, 654, 190, 'Wife_52', '2021-05-05', '15:32:01', 'Cancelled', 55.43),
(2146, 898, 67, 'That_55', '2020-07-26', '12:58:15', 'Delivered', 76.29),
(2147, 433, 8, 'Quality_28', '2020-03-09', '13:39:59', 'Delivered', 32.6),
(2148, 372, 146, 'Little_79', '2021-10-29', '03:23:26', 'Cancelled', 18.26),
(2149, 819, 114, 'Face_6', '2023-03-09', '00:57:06', 'Cancelled', 26.27),
(2150, 611, 143, 'Spring_76', '2023-04-23', '22:11:16', 'Pending', 22.8),
(2151, 28, 181, 'Lawyer_79', '2022-01-30', '04:53:03', 'Delivered', 25.91),
(2152, 437, 55, 'While_2', '2021-02-07', '02:31:57', 'Pending', 10.59),
(2153, 234, 51, 'State_59', '2020-01-24', '22:45:01', 'Pending', 58.33),
(2154, 859, 144, 'Similar_44', '2020-10-25', '15:46:12', 'Delivered', 59.26),
(2155, 890, 15, 'Need_71', '2021-10-06', '23:09:52', 'Delivered', 99.09),
(2156, 235, 115, 'Cup_8', '2022-06-17', '06:45:55', 'Cancelled', 13.85),
(2157, 941, 55, 'That_62', '2022-05-04', '03:04:30', 'Delivered', 19.68),
(2158, 845, 49, 'Company_54', '2023-04-24', '10:28:38', 'Delivered', 48.18),
(2159, 848, 95, 'Send_45', '2021-03-10', '13:10:45', 'Delivered', 46.33),
(2160, 123, 162, 'Population_20', '2023-07-11', '09:36:12', 'Cancelled', 82.01),
(2161, 344, 161, 'Stage_75', '2021-06-09', '09:08:51', 'Pending', 28.55),
(2162, 254, 44, 'Fight_30', '2022-11-30', '08:09:24', 'Delivered', 46.56),
(2163, 33, 128, 'Article_50', '2023-02-22', '11:12:23', 'Pending', 25.18),
(2164, 108, 195, 'Region_50', '2020-05-13', '11:13:35', 'Pending', 89.79),
(2165, 439, 85, 'Hold_97', '2023-05-27', '16:44:50', 'Pending', 56.97),
(2166, 928, 22, 'Fine_14', '2021-07-30', '11:00:04', 'Pending', 55.63),
(2167, 610, 42, 'Activity_39', '2021-05-16', '08:04:35', 'Pending', 58.47),
(2168, 544, 161, 'Address_15', '2022-07-29', '20:15:04', 'Cancelled', 68.76),
(2169, 269, 191, 'Hold_71', '2023-01-13', '07:29:39', 'Delivered', 99.84),
(2170, 358, 110, 'Return_76', '2020-10-21', '21:50:31', 'Pending', 73.77),
(2171, 649, 152, 'Region_33', '2023-03-12', '16:56:50', 'Delivered', 48.24),
(2172, 796, 18, 'Race_73', '2023-04-09', '15:35:07', 'Cancelled', 63.2),
(2173, 591, 49, 'Personal_28', '2021-02-20', '23:23:15', 'Delivered', 95.65),
(2174, 821, 6, 'Seven_37', '2023-10-01', '19:09:04', 'Delivered', 41.42),
(2175, 724, 92, 'Room_6', '2021-02-05', '15:33:06', 'Pending', 40.78),
(2176, 648, 53, 'Matter_98', '2022-01-21', '01:51:45', 'Pending', 74.05),
(2177, 583, 176, 'Professor_67', '2023-12-13', '16:40:18', 'Delivered', 35.06),
(2178, 769, 130, 'Little_31', '2023-07-12', '23:51:34', 'Pending', 55.0),
(2179, 618, 100, 'Herself_37', '2021-10-27', '17:30:31', 'Cancelled', 20.39),
(2180, 372, 188, 'Activity_53', '2023-10-26', '19:01:17', 'Delivered', 73.12),
(2181, 916, 68, 'Rich_47', '2023-01-28', '18:36:34', 'Cancelled', 67.57),
(2182, 821, 175, 'On_15', '2020-03-05', '13:46:41', 'Delivered', 46.71),
(2183, 111, 47, 'Picture_60', '2020-03-17', '00:12:56', 'Pending', 75.64),
(2184, 37, 144, 'Learn_64', '2023-04-05', '07:01:39', 'Pending', 48.27),
(2185, 741, 174, 'Detail_79', '2023-07-14', '16:54:23', 'Pending', 44.84),
(2186, 25, 118, 'Business_98', '2022-03-14', '18:47:09', 'Cancelled', 71.18),
(2187, 55, 123, 'Yourself_99', '2022-04-10', '17:51:01', 'Delivered', 67.56),
(2188, 565, 15, 'Individual_43', '2023-06-14', '13:36:17', 'Cancelled', 72.62),
(2189, 492, 51, 'From_75', '2023-05-02', '09:33:11', 'Delivered', 61.69),
(2190, 123, 98, 'Put_36', '2021-09-16', '13:22:51', 'Delivered', 44.29),
(2191, 35, 174, 'Candidate_51', '2022-12-05', '16:34:55', 'Delivered', 24.11),
(2192, 291, 19, 'Final_75', '2020-11-06', '03:36:39', 'Cancelled', 72.98),
(2193, 557, 54, 'Religious_15', '2021-10-02', '07:45:34', 'Delivered', 79.59),
(2194, 912, 12, 'Give_93', '2021-03-17', '02:55:58', 'Pending', 48.72),
(2195, 897, 5, 'Speak_87', '2022-12-11', '02:09:04', 'Delivered', 62.27),
(2196, 474, 99, 'Machine_70', '2020-11-06', '17:52:28', 'Delivered', 69.79),
(2197, 128, 96, 'Too_87', '2022-09-05', '19:18:25', 'Pending', 15.47),
(2198, 935, 168, 'Result_93', '2022-11-10', '05:41:58', 'Pending', 51.7),
(2199, 598, 186, 'Happy_99', '2023-11-08', '06:58:33', 'Delivered', 20.3),
(2200, 515, 161, 'Nor_81', '2020-01-12', '23:26:41', 'Cancelled', 51.48),
(2201, 216, 106, 'Record_20', '2020-12-13', '07:51:33', 'Delivered', 70.37),
(2202, 617, 26, 'Book_50', '2021-06-18', '11:01:22', 'Pending', 97.66),
(2203, 705, 33, 'Leave_32', '2021-12-03', '19:47:44', 'Pending', 85.14),
(2204, 222, 130, 'Student_41', '2022-04-15', '07:03:26', 'Pending', 51.25),
(2205, 458, 14, 'Phone_9', '2020-04-09', '05:19:21', 'Delivered', 26.74),
(2206, 731, 52, 'Myself_99', '2021-07-13', '19:41:57', 'Cancelled', 58.24),
(2207, 835, 5, 'Free_12', '2020-10-19', '10:09:36', 'Delivered', 63.1),
(2208, 779, 157, 'Bed_33', '2020-08-13', '19:41:01', 'Pending', 91.81),
(2209, 358, 166, 'Same_19', '2021-05-02', '05:19:32', 'Pending', 88.65),
(2210, 142, 200, 'Term_75', '2021-11-22', '06:03:46', 'Pending', 92.91),
(2211, 604, 194, 'Wait_82', '2020-07-02', '01:22:01', 'Pending', 6.58),
(2212, 257, 192, 'Sign_94', '2023-03-07', '00:22:12', 'Delivered', 49.62),
(2213, 537, 139, 'Couple_76', '2020-10-05', '07:06:35', 'Cancelled', 53.01),
(2214, 157, 29, 'Computer_52', '2023-06-12', '06:17:02', 'Delivered', 27.06),
(2215, 520, 118, 'Method_25', '2022-01-29', '01:48:43', 'Delivered', 46.19),
(2216, 221, 188, 'Edge_8', '2021-10-20', '10:26:22', 'Delivered', 90.52),
(2217, 964, 15, 'Box_85', '2021-10-15', '03:17:45', 'Cancelled', 7.4),
(2218, 177, 120, 'Early_44', '2022-01-02', '14:53:47', 'Delivered', 61.08),
(2219, 980, 140, 'Language_93', '2022-11-24', '14:34:44', 'Delivered', 26.65),
(2220, 87, 78, 'Health_61', '2020-07-27', '21:29:31', 'Pending', 7.38),
(2221, 872, 43, 'Pretty_19', '2022-02-27', '19:05:44', 'Cancelled', 10.76),
(2222, 965, 139, 'Fund_93', '2021-07-09', '08:56:12', 'Cancelled', 47.09),
(2223, 688, 140, 'Organization_52', '2022-02-16', '09:22:48', 'Pending', 52.12),
(2224, 755, 49, 'Try_45', '2020-02-15', '00:49:16', 'Pending', 37.68),
(2225, 283, 38, 'Feel_41', '2020-03-03', '01:30:57', 'Delivered', 89.77),
(2226, 706, 102, 'Test_25', '2020-10-05', '06:12:24', 'Pending', 17.48),
(2227, 564, 200, 'Call_87', '2023-07-15', '12:08:59', 'Cancelled', 85.16),
(2228, 930, 62, 'Record_48', '2023-05-03', '07:36:24', 'Delivered', 75.03),
(2229, 2, 53, 'Daughter_46', '2021-11-14', '22:48:53', 'Cancelled', 39.73),
(2230, 509, 69, 'Hope_42', '2022-12-03', '22:35:26', 'Cancelled', 38.94),
(2231, 185, 13, 'Television_34', '2021-12-26', '22:53:12', 'Cancelled', 75.56),
(2232, 666, 150, 'Sort_32', '2022-12-02', '04:03:49', 'Cancelled', 10.33),
(2233, 310, 14, 'Magazine_65', '2021-05-22', '03:57:20', 'Pending', 28.96),
(2234, 40, 10, 'Suffer_40', '2020-11-29', '22:07:48', 'Cancelled', 73.26),
(2235, 35, 2, 'Report_79', '2021-12-26', '19:22:58', 'Delivered', 51.59),
(2236, 220, 196, 'Real_59', '2021-03-10', '09:59:43', 'Pending', 13.45),
(2237, 511, 112, 'Language_33', '2021-04-18', '22:45:23', 'Cancelled', 20.43),
(2238, 385, 159, 'Among_99', '2021-08-24', '08:44:51', 'Cancelled', 19.91),
(2239, 968, 86, 'No_90', '2023-05-03', '02:17:14', 'Delivered', 20.46),
(2240, 774, 1, 'Can_94', '2023-07-02', '15:20:18', 'Pending', 5.97),
(2241, 2, 125, 'Door_69', '2022-09-28', '07:17:22', 'Cancelled', 96.31),
(2242, 759, 185, 'View_69', '2023-08-02', '12:43:14', 'Delivered', 30.71),
(2243, 427, 14, 'Usually_72', '2021-06-18', '20:42:40', 'Pending', 16.42),
(2244, 896, 64, 'War_74', '2023-04-07', '11:51:38', 'Delivered', 75.03),
(2245, 998, 9, 'Challenge_40', '2022-05-28', '14:33:52', 'Pending', 82.91),
(2246, 562, 72, 'Surface_26', '2022-12-07', '19:52:06', 'Delivered', 87.59),
(2247, 136, 181, 'Yes_100', '2020-03-21', '14:57:19', 'Cancelled', 85.16),
(2248, 399, 190, 'Majority_17', '2023-09-02', '05:26:52', 'Pending', 82.32),
(2249, 321, 45, 'Mouth_18', '2021-09-15', '21:36:44', 'Cancelled', 47.39),
(2250, 381, 106, 'Before_49', '2022-11-24', '20:11:11', 'Cancelled', 28.62),
(2251, 924, 59, 'Choose_31', '2023-09-18', '03:06:32', 'Pending', 53.73),
(2252, 473, 169, 'Lose_41', '2020-02-11', '00:32:34', 'Pending', 77.38),
(2253, 61, 67, 'Room_53', '2022-01-01', '14:00:45', 'Pending', 84.05),
(2254, 626, 10, 'Continue_86', '2022-10-31', '11:55:41', 'Cancelled', 6.24),
(2255, 374, 137, 'Direction_90', '2021-02-24', '04:41:11', 'Cancelled', 63.16),
(2256, 356, 129, 'Particular_23', '2020-10-12', '19:42:13', 'Pending', 69.75),
(2257, 823, 137, 'Recent_55', '2020-03-04', '13:10:23', 'Delivered', 54.88),
(2258, 246, 62, 'Nice_98', '2023-11-11', '18:20:11', 'Pending', 93.39),
(2259, 52, 143, 'Degree_37', '2023-07-21', '00:38:26', 'Pending', 76.33),
(2260, 214, 6, 'Available_71', '2020-05-29', '04:52:59', 'Pending', 46.3),
(2261, 491, 160, 'Course_73', '2023-08-25', '19:29:08', 'Pending', 43.21),
(2262, 275, 60, 'Continue_3', '2023-10-03', '11:40:26', 'Pending', 78.91),
(2263, 832, 145, 'Anything_21', '2023-11-19', '23:29:24', 'Delivered', 91.24),
(2264, 529, 129, 'At_78', '2021-05-21', '16:56:51', 'Delivered', 86.59),
(2265, 547, 136, 'Place_84', '2022-09-19', '20:08:10', 'Pending', 57.4),
(2266, 954, 176, 'My_58', '2022-08-01', '03:21:33', 'Delivered', 20.0),
(2267, 506, 144, 'Experience_85', '2021-11-04', '09:23:33', 'Cancelled', 22.75),
(2268, 940, 171, 'High_71', '2023-11-12', '04:43:07', 'Cancelled', 96.2),
(2269, 831, 192, 'I_71', '2023-10-19', '19:55:40', 'Pending', 15.35),
(2270, 700, 55, 'Large_81', '2020-05-06', '23:50:16', 'Pending', 46.49),
(2271, 68, 58, 'Least_1', '2021-11-18', '07:16:40', 'Cancelled', 70.32),
(2272, 433, 189, 'Two_51', '2023-01-04', '21:16:08', 'Delivered', 63.88),
(2273, 213, 140, 'Quality_93', '2022-12-12', '17:10:05', 'Cancelled', 48.7),
(2274, 842, 163, 'According_45', '2021-06-06', '09:29:59', 'Delivered', 84.3),
(2275, 515, 37, 'Clearly_19', '2022-01-10', '17:31:13', 'Pending', 29.41),
(2276, 594, 125, 'Save_81', '2021-09-18', '22:07:39', 'Pending', 26.7),
(2277, 383, 149, 'Manager_40', '2022-11-11', '00:25:03', 'Cancelled', 82.64),
(2278, 890, 135, 'Democrat_15', '2022-05-12', '18:57:02', 'Pending', 85.56),
(2279, 845, 161, 'Tv_18', '2021-08-06', '16:37:07', 'Cancelled', 9.04),
(2280, 446, 48, 'Employee_20', '2023-11-15', '04:53:05', 'Cancelled', 14.61),
(2281, 992, 41, 'Lose_55', '2023-01-07', '14:13:05', 'Cancelled', 11.04),
(2282, 612, 94, 'Less_74', '2020-03-07', '08:22:58', 'Delivered', 92.32),
(2283, 397, 173, 'Money_36', '2020-06-05', '12:37:36', 'Cancelled', 96.11),
(2284, 773, 124, 'Edge_22', '2020-08-26', '05:21:35', 'Cancelled', 66.65),
(2285, 881, 110, 'Well_70', '2021-02-23', '02:47:17', 'Delivered', 11.25),
(2286, 634, 27, 'Contain_100', '2022-04-13', '01:36:58', 'Delivered', 9.53),
(2287, 362, 107, 'Information_17', '2022-10-01', '18:56:15', 'Cancelled', 41.7),
(2288, 682, 6, 'Air_85', '2022-08-07', '08:07:21', 'Pending', 46.8),
(2289, 377, 118, 'Always_55', '2020-09-28', '15:08:22', 'Pending', 5.53),
(2290, 615, 180, 'Later_89', '2023-11-20', '01:43:36', 'Pending', 64.19),
(2291, 329, 8, 'Catch_98', '2020-09-17', '18:58:26', 'Cancelled', 26.1),
(2292, 517, 149, 'Not_23', '2020-10-05', '21:21:39', 'Pending', 49.73),
(2293, 154, 128, 'Deep_74', '2022-03-09', '13:55:50', 'Delivered', 15.09),
(2294, 331, 24, 'After_19', '2020-08-03', '10:06:47', 'Cancelled', 80.22),
(2295, 767, 81, 'Save_74', '2022-12-06', '14:11:51', 'Delivered', 61.35),
(2296, 558, 7, 'Best_6', '2021-08-06', '12:18:22', 'Cancelled', 23.97),
(2297, 162, 141, 'Eat_26', '2020-10-01', '11:21:56', 'Delivered', 30.56),
(2298, 566, 94, 'Technology_33', '2023-01-23', '13:25:34', 'Pending', 98.56),
(2299, 808, 100, 'Almost_88', '2023-01-19', '06:09:55', 'Pending', 7.43),
(2300, 550, 72, 'Those_88', '2023-02-13', '19:33:52', 'Delivered', 70.34),
(2301, 677, 97, 'Physical_98', '2020-03-14', '11:04:46', 'Cancelled', 78.48),
(2302, 305, 196, 'Travel_47', '2023-02-09', '00:41:43', 'Pending', 65.56),
(2303, 607, 111, 'Job_84', '2020-12-02', '04:58:31', 'Cancelled', 48.63),
(2304, 240, 92, 'People_21', '2023-12-23', '11:24:58', 'Pending', 48.96),
(2305, 660, 183, 'Life_71', '2020-04-03', '12:46:40', 'Pending', 40.49),
(2306, 442, 175, 'Dog_100', '2022-03-28', '15:56:41', 'Pending', 64.48),
(2307, 863, 14, 'Could_96', '2020-02-28', '01:41:00', 'Cancelled', 90.18),
(2308, 762, 192, 'Yeah_32', '2020-07-27', '19:54:23', 'Pending', 45.36),
(2309, 359, 164, 'Image_28', '2021-04-06', '17:21:23', 'Cancelled', 79.85),
(2310, 762, 87, 'Stage_94', '2023-11-03', '09:39:57', 'Delivered', 36.65),
(2311, 961, 121, 'Crime_85', '2020-08-26', '10:32:50', 'Delivered', 68.81),
(2312, 677, 33, 'Thus_73', '2020-11-11', '13:00:25', 'Cancelled', 51.66),
(2313, 856, 116, 'Pretty_66', '2022-12-30', '20:34:59', 'Cancelled', 68.84),
(2314, 944, 13, 'Inside_96', '2020-04-25', '04:51:04', 'Cancelled', 57.81),
(2315, 42, 159, 'Radio_77', '2021-11-12', '16:47:04', 'Delivered', 63.74),
(2316, 213, 87, 'Have_15', '2021-07-31', '14:26:11', 'Pending', 81.52),
(2317, 504, 39, 'Shake_83', '2021-07-15', '17:55:26', 'Cancelled', 88.38),
(2318, 552, 95, 'Spring_61', '2023-11-01', '16:14:31', 'Cancelled', 92.4),
(2319, 586, 94, 'Generation_31', '2020-10-01', '06:57:28', 'Pending', 42.11),
(2320, 729, 138, 'Money_43', '2022-08-06', '16:46:32', 'Delivered', 11.75),
(2321, 326, 164, 'Little_52', '2021-03-02', '19:33:11', 'Delivered', 72.45),
(2322, 257, 88, 'Or_48', '2020-03-24', '07:34:47', 'Delivered', 20.84),
(2323, 759, 16, 'Right_88', '2023-06-07', '04:35:35', 'Pending', 92.52),
(2324, 371, 100, 'Sign_41', '2023-06-17', '09:42:26', 'Delivered', 36.94),
(2325, 968, 21, 'Security_54', '2022-04-15', '08:46:25', 'Cancelled', 63.67),
(2326, 215, 67, 'North_84', '2020-08-06', '17:55:05', 'Cancelled', 91.01),
(2327, 420, 141, 'Than_93', '2022-02-08', '21:51:02', 'Pending', 53.51),
(2328, 935, 31, 'Early_92', '2020-12-05', '20:18:08', 'Cancelled', 5.41),
(2329, 913, 162, 'Term_23', '2023-07-17', '14:08:40', 'Delivered', 42.8),
(2330, 562, 178, 'Live_99', '2022-03-17', '03:08:11', 'Pending', 54.63),
(2331, 450, 105, 'Yard_70', '2020-11-16', '02:17:52', 'Pending', 83.96),
(2332, 43, 161, 'Capital_16', '2021-11-07', '21:36:48', 'Delivered', 5.88),
(2333, 78, 48, 'Whole_49', '2021-12-05', '16:32:46', 'Cancelled', 46.89),
(2334, 79, 82, 'Two_45', '2023-06-23', '20:47:41', 'Delivered', 36.72),
(2335, 737, 32, 'Throughout_11', '2020-12-27', '05:50:24', 'Pending', 5.82),
(2336, 142, 191, 'Return_8', '2020-11-26', '05:25:46', 'Pending', 69.85),
(2337, 139, 10, 'Thank_46', '2020-10-15', '06:17:38', 'Cancelled', 76.16),
(2338, 5, 57, 'Alone_39', '2020-02-07', '03:34:25', 'Pending', 39.26),
(2339, 761, 38, 'Model_47', '2023-02-26', '19:53:11', 'Cancelled', 40.45),
(2340, 598, 108, 'Nearly_26', '2022-10-21', '00:24:51', 'Cancelled', 55.28),
(2341, 825, 39, 'Rule_96', '2020-10-24', '06:20:48', 'Pending', 68.58),
(2342, 196, 11, 'Available_85', '2023-10-31', '03:49:14', 'Delivered', 23.81),
(2343, 974, 142, 'Traditional_72', '2020-11-11', '05:08:01', 'Pending', 88.55),
(2344, 109, 80, 'Become_20', '2022-05-10', '08:45:38', 'Pending', 7.48),
(2345, 115, 114, 'Music_33', '2022-01-19', '10:33:36', 'Cancelled', 16.55),
(2346, 963, 148, 'Book_87', '2023-12-30', '13:15:31', 'Delivered', 75.17),
(2347, 188, 165, 'Kid_1', '2022-06-23', '03:39:44', 'Cancelled', 94.9),
(2348, 459, 70, 'Put_62', '2020-10-23', '18:07:22', 'Cancelled', 37.47),
(2349, 249, 10, 'Worry_71', '2023-06-13', '23:50:17', 'Pending', 65.1),
(2350, 278, 168, 'Watch_46', '2023-02-17', '19:11:38', 'Cancelled', 55.89),
(2351, 990, 62, 'Stage_74', '2020-04-17', '00:35:06', 'Pending', 70.83),
(2352, 475, 146, 'Type_87', '2020-08-25', '10:55:27', 'Pending', 62.76),
(2353, 75, 104, 'Artist_60', '2022-06-03', '02:20:44', 'Cancelled', 6.19),
(2354, 753, 31, 'Second_25', '2021-12-11', '00:30:12', 'Cancelled', 12.09),
(2355, 523, 61, 'Energy_88', '2021-08-24', '00:58:12', 'Pending', 21.68),
(2356, 577, 176, 'Television_80', '2021-12-06', '11:06:17', 'Cancelled', 56.1),
(2357, 903, 187, 'Contain_12', '2023-03-29', '01:57:04', 'Pending', 24.54),
(2358, 815, 116, 'Listen_63', '2023-05-04', '15:59:58', 'Pending', 32.11),
(2359, 508, 79, 'Produce_7', '2020-07-14', '08:14:39', 'Pending', 44.3),
(2360, 397, 122, 'Test_78', '2023-12-07', '22:03:43', 'Cancelled', 89.7),
(2361, 769, 128, 'Child_5', '2022-07-16', '22:35:49', 'Pending', 89.28),
(2362, 912, 7, 'Sign_37', '2020-01-03', '06:36:45', 'Delivered', 43.45),
(2363, 667, 87, 'Ground_97', '2021-07-10', '07:37:50', 'Pending', 61.92),
(2364, 508, 48, 'Might_75', '2023-12-11', '00:51:45', 'Pending', 24.0),
(2365, 813, 165, 'Realize_89', '2020-10-12', '01:22:10', 'Delivered', 20.21),
(2366, 525, 190, 'Continue_33', '2023-02-27', '05:06:44', 'Cancelled', 19.52),
(2367, 15, 97, 'Out_62', '2020-11-07', '00:38:44', 'Cancelled', 92.97),
(2368, 72, 114, 'Need_65', '2022-11-22', '22:57:09', 'Cancelled', 66.06),
(2369, 561, 74, 'Major_33', '2022-08-01', '23:16:40', 'Cancelled', 82.42),
(2370, 553, 41, 'Participant_25', '2021-02-20', '16:03:10', 'Pending', 59.08),
(2371, 595, 126, 'Back_55', '2023-04-06', '12:05:22', 'Cancelled', 70.62),
(2372, 150, 2, 'Indeed_46', '2022-09-24', '18:35:23', 'Delivered', 64.93),
(2373, 846, 76, 'Matter_58', '2022-09-21', '12:44:31', 'Cancelled', 98.61),
(2374, 993, 25, 'Must_48', '2021-01-29', '19:39:04', 'Delivered', 86.41),
(2375, 291, 149, 'See_88', '2023-08-29', '02:57:28', 'Delivered', 29.67),
(2376, 941, 66, 'Event_95', '2022-12-02', '02:53:05', 'Delivered', 84.0),
(2377, 379, 147, 'Activity_84', '2021-05-20', '17:23:52', 'Pending', 25.36),
(2378, 727, 8, 'Join_15', '2022-11-20', '04:05:07', 'Delivered', 78.29),
(2379, 284, 95, 'Simple_75', '2023-08-11', '17:50:57', 'Delivered', 60.59),
(2380, 792, 152, 'Ago_73', '2020-11-07', '01:45:48', 'Cancelled', 99.51),
(2381, 162, 69, 'Up_82', '2022-08-02', '18:21:15', 'Cancelled', 60.49),
(2382, 464, 95, 'Ago_55', '2021-09-23', '04:51:32', 'Pending', 46.46),
(2383, 514, 86, 'Nor_61', '2022-02-08', '19:01:04', 'Cancelled', 45.91),
(2384, 640, 20, 'Laugh_47', '2023-10-25', '14:55:33', 'Cancelled', 96.68),
(2385, 291, 13, 'Why_98', '2022-05-10', '06:14:30', 'Cancelled', 8.66),
(2386, 806, 179, 'Cell_78', '2023-03-11', '01:50:46', 'Pending', 45.52),
(2387, 286, 66, 'Why_19', '2021-07-31', '01:02:52', 'Pending', 47.0),
(2388, 812, 150, 'Perhaps_82', '2022-09-26', '08:10:27', 'Pending', 50.97),
(2389, 635, 122, 'Into_88', '2021-05-19', '12:35:14', 'Delivered', 10.41),
(2390, 890, 6, 'Art_3', '2021-06-22', '08:54:53', 'Cancelled', 7.64),
(2391, 732, 171, 'More_40', '2021-02-28', '07:03:18', 'Cancelled', 76.83),
(2392, 92, 116, 'Alone_56', '2023-01-17', '10:00:48', 'Delivered', 44.2),
(2393, 91, 95, 'Friend_5', '2021-07-16', '12:41:16', 'Delivered', 62.76),
(2394, 280, 44, 'Soon_30', '2022-08-16', '16:03:57', 'Pending', 31.11),
(2395, 425, 19, 'Various_53', '2022-03-25', '14:28:50', 'Cancelled', 37.77),
(2396, 442, 57, 'Himself_13', '2023-07-21', '03:14:50', 'Delivered', 48.67),
(2397, 672, 168, 'Item_36', '2021-04-10', '21:51:40', 'Cancelled', 15.71),
(2398, 665, 13, 'Central_5', '2023-05-06', '01:23:07', 'Pending', 72.79),
(2399, 442, 166, 'Box_28', '2023-07-15', '14:02:08', 'Pending', 18.15),
(2400, 715, 83, 'Improve_94', '2023-07-23', '18:20:48', 'Pending', 22.17),
(2401, 303, 94, 'Research_63', '2020-01-18', '10:19:13', 'Cancelled', 83.28),
(2402, 740, 157, 'Range_33', '2023-06-02', '09:34:04', 'Pending', 95.66),
(2403, 653, 198, 'Simple_94', '2021-11-25', '16:08:27', 'Delivered', 42.5),
(2404, 222, 63, 'Create_42', '2020-05-16', '16:45:47', 'Cancelled', 27.66),
(2405, 146, 96, 'Trade_13', '2020-01-05', '11:25:18', 'Cancelled', 85.45),
(2406, 177, 138, 'Difference_72', '2021-04-09', '07:15:46', 'Pending', 91.24),
(2407, 240, 134, 'Use_34', '2020-09-21', '20:27:14', 'Cancelled', 14.92),
(2408, 735, 129, 'Address_42', '2023-12-31', '04:43:58', 'Pending', 83.11),
(2409, 60, 56, 'Pressure_26', '2023-12-21', '15:26:25', 'Cancelled', 23.07),
(2410, 353, 169, 'Along_24', '2023-04-01', '15:44:48', 'Delivered', 78.52),
(2411, 892, 88, 'Occur_74', '2022-03-24', '10:27:30', 'Delivered', 70.75),
(2412, 424, 186, 'Mouth_3', '2020-07-09', '18:56:47', 'Delivered', 7.79),
(2413, 64, 123, 'Account_52', '2021-12-29', '11:59:38', 'Delivered', 96.22),
(2414, 492, 44, 'Indeed_45', '2023-05-11', '01:35:41', 'Delivered', 48.27),
(2415, 188, 6, 'Across_34', '2022-11-26', '10:10:40', 'Cancelled', 28.87),
(2416, 392, 150, 'Decade_54', '2021-11-21', '13:03:03', 'Cancelled', 78.44),
(2417, 284, 15, 'From_97', '2023-10-08', '19:09:23', 'Cancelled', 23.81),
(2418, 305, 84, 'Measure_70', '2020-02-21', '07:34:59', 'Cancelled', 61.41),
(2419, 194, 118, 'Today_74', '2023-02-23', '06:27:58', 'Delivered', 17.49),
(2420, 369, 144, 'Political_71', '2022-04-09', '03:57:11', 'Pending', 30.36),
(2421, 703, 135, 'True_41', '2021-01-01', '04:23:14', 'Delivered', 53.38),
(2422, 385, 113, 'Go_89', '2021-02-18', '05:11:58', 'Pending', 83.9),
(2423, 44, 168, 'Establish_66', '2023-06-09', '20:00:22', 'Pending', 94.92),
(2424, 938, 135, 'Decide_60', '2023-07-23', '09:48:21', 'Pending', 17.18),
(2425, 516, 14, 'Win_39', '2021-05-06', '13:26:53', 'Pending', 64.55),
(2426, 463, 50, 'Grow_7', '2020-02-23', '15:56:58', 'Delivered', 57.1),
(2427, 631, 25, 'Those_16', '2022-02-02', '02:57:21', 'Delivered', 25.0),
(2428, 275, 29, 'Prove_67', '2020-12-01', '15:51:06', 'Delivered', 53.83),
(2429, 375, 64, 'Type_43', '2022-12-26', '07:58:33', 'Pending', 25.17),
(2430, 186, 65, 'Play_82', '2023-09-25', '22:13:13', 'Cancelled', 88.66),
(2431, 426, 185, 'Moment_20', '2022-05-26', '17:58:02', 'Pending', 99.61),
(2432, 939, 192, 'Win_100', '2020-01-21', '19:27:02', 'Delivered', 77.29),
(2433, 242, 153, 'Scientist_34', '2020-12-04', '06:15:54', 'Pending', 89.74),
(2434, 970, 44, 'That_88', '2021-04-27', '03:38:53', 'Pending', 5.11),
(2435, 275, 47, 'Boy_32', '2023-04-22', '06:27:49', 'Delivered', 62.17),
(2436, 374, 161, 'Hit_26', '2020-09-23', '01:25:25', 'Delivered', 53.93),
(2437, 588, 104, 'Sing_81', '2020-07-28', '15:46:59', 'Delivered', 32.84),
(2438, 3, 188, 'Eye_5', '2022-10-29', '02:58:19', 'Pending', 34.86),
(2439, 705, 109, 'Well_79', '2023-02-17', '18:23:20', 'Cancelled', 58.51),
(2440, 338, 85, 'Suggest_66', '2021-07-21', '06:37:29', 'Pending', 52.81),
(2441, 615, 46, 'Far_26', '2022-02-04', '21:46:03', 'Pending', 8.24),
(2442, 99, 171, 'Recently_28', '2023-01-23', '12:00:13', 'Cancelled', 96.88),
(2443, 901, 177, 'Letter_9', '2020-03-20', '12:55:17', 'Cancelled', 18.61),
(2444, 64, 177, 'Pressure_9', '2020-11-12', '01:49:12', 'Pending', 36.37),
(2445, 195, 154, 'Understand_72', '2023-04-27', '20:25:43', 'Cancelled', 88.77),
(2446, 294, 70, 'Fine_43', '2022-09-27', '11:23:44', 'Pending', 44.07),
(2447, 884, 96, 'Note_41', '2021-08-20', '17:43:58', 'Pending', 55.66),
(2448, 263, 195, 'South_69', '2022-01-01', '22:11:23', 'Delivered', 34.04),
(2449, 398, 78, 'Democratic_85', '2020-03-13', '06:16:57', 'Pending', 9.18),
(2450, 674, 74, 'Act_77', '2022-05-13', '15:48:20', 'Pending', 39.21),
(2451, 410, 24, 'Seek_86', '2020-07-29', '07:13:11', 'Cancelled', 35.37),
(2452, 952, 63, 'Plant_24', '2021-07-01', '17:14:53', 'Pending', 41.97),
(2453, 298, 104, 'On_55', '2020-08-19', '19:10:17', 'Delivered', 72.18),
(2454, 306, 155, 'Ask_61', '2020-12-14', '13:37:37', 'Pending', 26.51),
(2455, 485, 179, 'Color_52', '2022-01-05', '03:23:50', 'Delivered', 27.39),
(2456, 691, 55, 'Thing_32', '2022-12-26', '04:39:33', 'Delivered', 60.59),
(2457, 478, 39, 'Record_99', '2021-01-02', '13:02:14', 'Delivered', 29.16),
(2458, 810, 14, 'Tend_28', '2020-05-17', '02:47:22', 'Cancelled', 95.21),
(2459, 232, 50, 'Political_97', '2021-12-11', '18:23:18', 'Pending', 78.48),
(2460, 878, 73, 'Little_87', '2020-04-17', '11:43:00', 'Delivered', 49.6),
(2461, 496, 140, 'Hold_27', '2021-01-20', '10:15:41', 'Pending', 8.65),
(2462, 604, 181, 'Well_99', '2021-06-18', '18:36:27', 'Cancelled', 70.18),
(2463, 385, 8, 'Develop_70', '2022-05-28', '20:02:50', 'Delivered', 53.89),
(2464, 542, 42, 'Discover_44', '2020-02-17', '23:20:25', 'Cancelled', 7.01),
(2465, 530, 138, 'Specific_100', '2021-10-25', '15:09:02', 'Cancelled', 40.08),
(2466, 724, 159, 'Successful_37', '2022-07-29', '00:33:55', 'Delivered', 5.71),
(2467, 243, 196, 'Task_55', '2020-10-20', '20:32:17', 'Delivered', 11.35),
(2468, 211, 75, 'Amount_92', '2021-01-14', '02:47:14', 'Cancelled', 85.15),
(2469, 871, 188, 'Kitchen_3', '2021-01-10', '08:21:03', 'Pending', 20.65),
(2470, 714, 10, 'Might_93', '2020-08-11', '08:06:43', 'Cancelled', 63.38),
(2471, 838, 3, 'Sister_82', '2023-09-01', '07:22:15', 'Cancelled', 93.87),
(2472, 117, 172, 'Room_9', '2021-10-25', '00:03:41', 'Delivered', 15.01),
(2473, 215, 178, 'Husband_92', '2023-12-07', '06:06:24', 'Cancelled', 34.7),
(2474, 144, 74, 'Up_74', '2022-02-02', '20:21:56', 'Pending', 63.54),
(2475, 217, 104, 'Into_10', '2022-06-12', '09:51:17', 'Pending', 68.99),
(2476, 770, 33, 'And_76', '2021-06-21', '03:25:26', 'Cancelled', 36.75),
(2477, 999, 138, 'Long_71', '2023-09-18', '08:24:08', 'Pending', 81.21),
(2478, 420, 139, 'Yourself_59', '2020-08-23', '11:07:04', 'Delivered', 80.78),
(2479, 448, 84, 'Might_73', '2021-06-19', '17:58:34', 'Cancelled', 63.06),
(2480, 901, 184, 'Consumer_88', '2022-05-10', '14:07:44', 'Pending', 39.39),
(2481, 697, 146, 'Work_38', '2020-11-16', '09:37:30', 'Delivered', 45.24),
(2482, 386, 99, 'Item_90', '2023-12-07', '06:43:04', 'Pending', 63.85),
(2483, 733, 85, 'Others_58', '2022-09-19', '11:24:29', 'Delivered', 25.21),
(2484, 835, 28, 'Might_48', '2020-10-09', '05:31:11', 'Cancelled', 43.08),
(2485, 474, 53, 'Quite_6', '2023-12-30', '08:46:15', 'Cancelled', 17.88),
(2486, 525, 31, 'Wish_44', '2020-10-28', '21:43:51', 'Pending', 74.21),
(2487, 761, 112, 'End_31', '2020-05-31', '10:06:46', 'Delivered', 42.09),
(2488, 220, 168, 'Inside_24', '2021-07-24', '22:37:57', 'Cancelled', 67.81),
(2489, 642, 2, 'Well_37', '2021-12-25', '19:26:46', 'Cancelled', 9.64),
(2490, 928, 158, 'Range_89', '2020-05-08', '01:10:53', 'Pending', 37.69),
(2491, 601, 143, 'Off_37', '2022-05-29', '09:55:48', 'Cancelled', 48.49),
(2492, 157, 97, 'Commercial_84', '2020-09-03', '09:46:34', 'Pending', 22.15),
(2493, 69, 165, 'Military_10', '2020-03-16', '08:47:30', 'Cancelled', 11.87),
(2494, 490, 168, 'Soldier_31', '2020-11-15', '19:17:40', 'Pending', 48.35),
(2495, 507, 148, 'Pressure_54', '2021-12-25', '21:47:04', 'Delivered', 86.57),
(2496, 268, 124, 'Arrive_89', '2020-01-28', '07:44:14', 'Pending', 40.83),
(2497, 784, 162, 'Everyone_84', '2023-01-18', '12:21:30', 'Cancelled', 51.63),
(2498, 362, 36, 'Point_29', '2020-02-20', '14:36:23', 'Cancelled', 14.01),
(2499, 652, 140, 'Away_34', '2022-05-13', '16:24:17', 'Cancelled', 91.14),
(2500, 822, 78, 'Blue_83', '2022-11-17', '10:04:29', 'Delivered', 19.63)
-- ON CONFLICT (order_id) DO UPDATE SET order_id=EXCLUDED.order_id, customer_id=EXCLUDED.customer_id, restaurant_id=EXCLUDED.restaurant_id, order_item=EXCLUDED.order_item, order_date=EXCLUDED.order_date, order_time=EXCLUDED.order_time, order_status=EXCLUDED.order_status, total_amount=EXCLUDED.total_amount;
ON DUPLICATE KEY UPDATE customer_id = VALUES(customer_id), restaurant_id = VALUES(restaurant_id), order_item = VALUES(order_item), order_date = VALUES(order_date), order_time = VALUES(order_time), order_status = VALUES(order_status), total_amount = VALUES(total_amount);


INSERT INTO riders (rider_id, rider_name, sign_up)
VALUES
(1, 'Tami Willis', '2022-07-12'),
(2, 'Jeff Fuller', '2023-09-14'),
(3, 'Lisa Stevens', '2023-03-30'),
(4, 'Elizabeth Kirk', '2022-11-16'),
(5, 'Deborah Li', '2020-04-07'),
(6, 'Mason Eaton', '2023-05-03'),
(7, 'Melissa Boone', '2023-11-25'),
(8, 'Christopher Luna', '2020-01-21'),
(9, 'Bonnie Young', '2020-10-31'),
(10, 'Sandra Arnold', '2020-03-29'),
(11, 'Franklin Avila', '2022-10-26'),
(12, 'Duane Lawrence', '2020-08-20'),
(13, 'Shane Gonzalez', '2021-01-06'),
(14, 'Donald Thompson', '2021-03-08'),
(15, 'Melanie Ortega', '2023-11-23'),
(16, 'Amber Morales', '2023-04-29'),
(17, 'David Graham', '2020-07-03'),
(18, 'Jonathan Burch', '2021-08-31'),
(19, 'Ashley Arnold', '2020-11-11'),
(20, 'Christopher Perez', '2020-08-13'),
(21, 'Dale Hubbard', '2020-09-29'),
(22, 'Wesley Jackson', '2023-12-22'),
(23, 'William Cox', '2021-08-23'),
(24, 'Jennifer Lopez', '2022-11-30'),
(25, 'Melissa Berger', '2020-01-05'),
(26, 'Kelly Newton', '2022-04-09'),
(27, 'Erin House', '2022-06-05'),
(28, 'Gail Zimmerman', '2020-06-20'),
(29, 'Danielle Carroll', '2021-11-29'),
(30, 'Eric Collins', '2020-04-27'),
(31, 'Casey Fitzpatrick', '2022-07-24'),
(32, 'Norma Perez', '2022-04-27'),
(33, 'Timothy Swanson', '2021-08-01'),
(34, 'Stephanie Brown', '2021-10-02'),
(35, 'Matthew Mills', '2021-06-10'),
(36, 'Shirley Mcfarland', '2020-04-01'),
(37, 'Debbie Griffin', '2020-03-14'),
(38, 'Matthew Stone', '2021-10-25'),
(39, 'Diana Lewis', '2022-06-12'),
(40, 'Amy Schneider', '2022-10-11'),
(41, 'Patricia Robinson', '2021-11-12'),
(42, 'Lindsay Harris', '2023-08-04'),
(43, 'Caleb Kirby', '2021-12-09'),
(44, 'Nancy Parks', '2022-10-30'),
(45, 'Daniel Michael', '2020-11-03'),
(46, 'Julie Larson', '2023-11-16'),
(47, 'Tracy Harmon', '2020-11-14'),
(48, 'Jasmine Jacobs', '2022-03-17'),
(49, 'Becky Johnson', '2023-06-05'),
(50, 'Joshua Stone', '2023-10-20'),
(51, 'Jeremy Escobar', '2023-06-20'),
(52, 'Jessica Baker', '2020-03-26'),
(53, 'Holly Edwards', '2022-05-19'),
(54, 'Lauren Charles', '2023-11-29'),
(55, 'William Smith', '2022-05-23'),
(56, 'Kristin Chang', '2022-08-25'),
(57, 'Joshua Smith', '2021-12-26'),
(58, 'Benjamin Gallagher', '2023-04-20'),
(59, 'Jessica Jones', '2022-01-03'),
(60, 'Daisy Thompson', '2023-11-26'),
(61, 'Jessica Cruz', '2020-10-13'),
(62, 'Amanda Rodriguez', '2023-03-03'),
(63, 'Amy Hunt', '2023-10-24'),
(64, 'Richard Blake III', '2023-12-15'),
(65, 'Tina Cox', '2021-05-27'),
(66, 'Jon Hansen', '2020-11-02'),
(67, 'Richard Stanton', '2020-09-06'),
(68, 'Joseph Acosta', '2022-01-21'),
(69, 'Harold Johnson', '2020-07-19'),
(70, 'Christopher Brown', '2020-05-20'),
(71, 'Nathaniel Burton', '2022-06-19'),
(72, 'Tommy Caldwell', '2022-02-08'),
(73, 'Tony Garcia', '2023-05-11'),
(74, 'William Palmer', '2020-02-28'),
(75, 'Katelyn Rogers', '2023-10-18'),
(76, 'William Vargas', '2023-06-08'),
(77, 'Michael Gibson', '2020-12-28'),
(78, 'James Walker DDS', '2020-11-30'),
(79, 'Julie Brown', '2023-03-23'),
(80, 'Jesus Taylor', '2022-04-14'),
(81, 'Lindsey Brown', '2022-03-16'),
(82, 'Zachary Taylor', '2022-08-26'),
(83, 'Paul Gilbert', '2022-05-19'),
(84, 'Allison Kelley', '2021-10-26'),
(85, 'Brooke Schneider', '2022-01-19'),
(86, 'John Miller', '2020-11-22'),
(87, 'Caitlin Howe', '2023-09-19'),
(88, 'Kara Rivera', '2022-07-02'),
(89, 'Alexander Wallace', '2023-09-23'),
(90, 'Luis Bell', '2021-02-01'),
(91, 'Edwin Bonilla', '2021-01-30'),
(92, 'Kathleen Miles', '2022-01-20'),
(93, 'Troy Ochoa', '2021-06-04'),
(94, 'Curtis Barnes', '2020-02-16'),
(95, 'Patricia Middleton', '2020-10-19'),
(96, 'Jose Johnson', '2023-02-27'),
(97, 'Diana Middleton', '2021-08-31'),
(98, 'Jon Woods', '2021-09-25'),
(99, 'Ashley Bennett', '2021-08-07'),
(100, 'Robert Vance', '2021-01-02'),
(101, 'Tiffany Jones', '2023-08-23'),
(102, 'Matthew Rodriguez', '2023-08-18'),
(103, 'Dillon Kramer', '2021-08-26'),
(104, 'Jessica James', '2022-01-19'),
(105, 'Tammy Miller', '2020-02-12'),
(106, 'Ashley Lewis', '2021-12-20'),
(107, 'Becky Morrow', '2021-03-27'),
(108, 'Janet Kelley', '2020-08-22'),
(109, 'Kimberly Jones', '2023-11-23'),
(110, 'Jessica Hawkins', '2022-02-20'),
(111, 'Jeremy Pratt', '2021-08-09'),
(112, 'Sarah Baker', '2022-03-14'),
(113, 'Carrie Hanson', '2023-04-30'),
(114, 'Jean Mclean', '2023-07-14'),
(115, 'Wendy Diaz', '2022-07-18'),
(116, 'Monique Mason', '2021-06-22'),
(117, 'Eric Anderson', '2022-11-01'),
(118, 'Edward Zamora', '2023-03-28'),
(119, 'Jessica Wilcox', '2021-05-30'),
(120, 'Melissa Hale', '2022-11-21'),
(121, 'Amanda Green', '2021-01-09'),
(122, 'Jack Wheeler', '2023-01-10'),
(123, 'Alex Carpenter', '2022-09-28'),
(124, 'Brian Singh', '2021-10-26'),
(125, 'Ann Smith', '2021-02-04'),
(126, 'Rachael Munoz', '2022-11-27'),
(127, 'Todd Schneider', '2022-01-01'),
(128, 'Ashley Berry MD', '2023-06-09'),
(129, 'Kelsey Wilkins', '2020-08-28'),
(130, 'Timothy Wright', '2023-05-08'),
(131, 'Walter Fernandez', '2020-10-18'),
(132, 'Christopher Clark', '2020-06-03'),
(133, 'Dr. David Anderson', '2020-01-17'),
(134, 'Samantha Reilly', '2020-05-04'),
(135, 'Jason Franklin', '2020-01-12'),
(136, 'Laura Smith', '2020-06-17'),
(137, 'Kelly Knight', '2022-10-12'),
(138, 'Mr. Alexander Schneider', '2021-04-04'),
(139, 'Ryan Torres', '2020-07-10'),
(140, 'Brandy Palmer', '2023-10-05'),
(141, 'Ronald Brown', '2021-03-01'),
(142, 'Maxwell Gibson', '2020-09-09'),
(143, 'Jennifer Armstrong', '2022-08-31'),
(144, 'Brian Gallagher', '2022-02-20'),
(145, 'Jonathan Perez', '2020-01-06'),
(146, 'David Nelson', '2020-12-16'),
(147, 'Kevin Gomez', '2022-01-09'),
(148, 'Cheryl Davis', '2022-04-23'),
(149, 'Michael Garcia', '2020-03-15'),
(150, 'Mr. Andrew Keller Jr.', '2022-04-20'),
(151, 'Crystal Gonzalez', '2020-07-04'),
(152, 'Michele Price', '2022-02-15'),
(153, 'Jessica Williams', '2022-10-04'),
(154, 'Michael Anderson', '2020-07-03'),
(155, 'Robert Owens', '2020-01-04'),
(156, 'Jessica Higgins', '2020-04-25'),
(157, 'Jose Wilson', '2022-05-11'),
(158, 'Dr. Nicholas Taylor DVM', '2022-02-15'),
(159, 'Lauren Lopez', '2021-09-20'),
(160, 'Justin Cantrell', '2020-01-30'),
(161, 'Denise Barnett', '2022-12-16'),
(162, 'Carol Cunningham', '2022-05-01'),
(163, 'Timothy Black', '2023-04-12'),
(164, 'Robert Taylor', '2021-06-11'),
(165, 'Anna Johnson', '2022-08-13'),
(166, 'Joshua Poole', '2022-11-09'),
(167, 'Michael Vargas', '2021-06-20'),
(168, 'Kimberly Lin', '2020-08-19'),
(169, 'Matthew Benjamin', '2023-08-03'),
(170, 'Corey Howard', '2023-03-14'),
(171, 'Julie Hodges', '2021-07-16'),
(172, 'Jill Miranda', '2021-09-16'),
(173, 'Michelle Lam', '2021-07-11'),
(174, 'Stephanie Munoz', '2020-06-28'),
(175, 'Julia Martinez', '2021-12-01'),
(176, 'Tammy Smith', '2023-07-20'),
(177, 'Sherry Washington', '2022-07-10'),
(178, 'Kent Huynh', '2023-05-20'),
(179, 'Jeffery Jenkins', '2023-09-07'),
(180, 'Logan Burch', '2023-06-02'),
(181, 'Mary Clark', '2021-10-27'),
(182, 'Renee Rogers', '2021-07-07'),
(183, 'Mandy Moore', '2020-10-01'),
(184, 'Susan Wagner', '2021-06-01'),
(185, 'Brandon Cruz', '2023-11-13'),
(186, 'Wendy Carter', '2021-06-03'),
(187, 'Robert Lindsey MD', '2023-12-09'),
(188, 'Shirley Holt', '2023-12-05'),
(189, 'Brianna Stout', '2022-05-22'),
(190, 'Michael Kelly', '2020-10-21'),
(191, 'Chelsea Flynn', '2020-06-08'),
(192, 'Catherine Simmons', '2020-10-09'),
(193, 'Aaron Bailey', '2023-08-12'),
(194, 'Nathan Tucker', '2020-08-14'),
(195, 'Christopher Williams', '2022-03-21'),
(196, 'Lindsay Parsons', '2021-10-10'),
(197, 'Daniel Huynh MD', '2023-11-02'),
(198, 'Nancy Waters', '2022-03-23'),
(199, 'Kyle Valencia', '2021-05-22'),
(200, 'Adam Espinoza', '2023-06-23'),
(201, 'Timothy Davis', '2020-12-05'),
(202, 'Megan Vance', '2022-06-13'),
(203, 'Joseph Garza', '2023-09-04'),
(204, 'Paula Thomas', '2020-08-16'),
(205, 'William Young', '2023-05-05'),
(206, 'Rebecca Smith', '2020-09-02'),
(207, 'Ryan Erickson', '2021-05-07'),
(208, 'Kevin Arnold', '2023-05-27'),
(209, 'Corey Stevens', '2022-03-14'),
(210, 'Shane Wright', '2023-03-29'),
(211, 'Mark Blair', '2022-09-27'),
(212, 'Samuel Galvan', '2020-02-11'),
(213, 'Zachary Hayes', '2023-07-29'),
(214, 'Ricardo Mccoy', '2021-03-15'),
(215, 'Ryan Gonzales', '2021-09-23'),
(216, 'Wesley Robbins', '2023-07-26'),
(217, 'Eric Miller', '2021-07-10'),
(218, 'Matthew Cohen', '2022-07-06'),
(219, 'Kyle Medina', '2023-10-04'),
(220, 'Daniel Blake', '2022-03-01'),
(221, 'Charles Stone', '2020-01-27'),
(222, 'Matthew Turner', '2020-05-18'),
(223, 'Selena Martinez', '2023-04-29'),
(224, 'Brooke Oconnor', '2023-10-25'),
(225, 'Eric Richards', '2021-06-20'),
(226, 'Eric Townsend', '2021-09-24'),
(227, 'Andrew Lopez', '2020-03-20'),
(228, 'Alyssa Nelson', '2020-05-08'),
(229, 'Roger Sanchez', '2022-03-23'),
(230, 'Bill Mann', '2021-01-24'),
(231, 'Erin Mcbride', '2020-05-12'),
(232, 'Justin Pennington', '2021-09-06'),
(233, 'Dawn Nichols', '2021-08-24'),
(234, 'William Horne', '2023-11-24'),
(235, 'Belinda Davis', '2020-01-10'),
(236, 'Sara Morgan', '2022-01-13'),
(237, 'Hailey Liu', '2023-01-03'),
(238, 'Roger Fisher', '2022-04-04'),
(239, 'Lisa Anderson', '2020-05-13'),
(240, 'Kevin Jacobs', '2022-06-13'),
(241, 'Adam Newton', '2020-09-21'),
(242, 'Karen Ortega', '2022-01-02'),
(243, 'Tiffany Shah', '2021-08-19'),
(244, 'John Oliver', '2020-10-16'),
(245, 'Wayne Villanueva', '2020-12-19'),
(246, 'Rachel Gibson', '2023-01-20'),
(247, 'Tiffany Mercado', '2021-06-29'),
(248, 'Monica Kerr', '2023-10-28'),
(249, 'Michele Douglas', '2020-02-09'),
(250, 'Dr. Ana Jones MD', '2021-11-20'),
(251, 'Angel Gonzalez', '2020-02-03'),
(252, 'Anna Hubbard', '2020-02-11'),
(253, 'Michael Alexander', '2020-07-06'),
(254, 'Belinda Watson', '2022-07-03'),
(255, 'Matthew Boyd', '2023-11-27'),
(256, 'Steven White', '2022-08-30'),
(257, 'Tammy Stevens', '2023-07-14'),
(258, 'Robert Andrade', '2023-12-01'),
(259, 'Ryan Day', '2021-09-02'),
(260, 'Pamela Wright', '2021-07-22'),
(261, 'Derek Roman', '2023-10-18'),
(262, 'James Roy', '2022-10-23'),
(263, 'Maria Maldonado', '2021-01-07'),
(264, 'Daniel Casey', '2022-07-13'),
(265, 'Paul Macias', '2021-01-21'),
(266, 'Elizabeth Bennett', '2021-08-30'),
(267, 'Jonathan Hughes', '2022-07-18'),
(268, 'Debra Carter', '2022-05-06'),
(269, 'Mark Baker', '2020-07-09'),
(270, 'James Richardson', '2023-10-25'),
(271, 'Wayne Stephens', '2023-07-14'),
(272, 'Darrell Gomez', '2022-09-16'),
(273, 'Dominique Jimenez', '2020-12-18'),
(274, 'Jose Morgan', '2020-02-18'),
(275, 'Timothy Taylor', '2023-04-12'),
(276, 'Wendy Lyons', '2021-07-29'),
(277, 'Ashley James', '2020-11-06'),
(278, 'Megan Pitts', '2021-07-10'),
(279, 'Arthur Mcmahon', '2021-07-02'),
(280, 'John Arnold DDS', '2022-10-18'),
(281, 'Ronald Johnson', '2022-09-20'),
(282, 'William White', '2023-05-08'),
(283, 'Misty Moreno', '2023-03-12'),
(284, 'Kaitlyn Clayton', '2023-12-27'),
(285, 'Linda Garza', '2022-10-10'),
(286, 'Jack Miller', '2022-09-14'),
(287, 'Lauren Simmons', '2020-09-10'),
(288, 'Christopher Morgan', '2023-12-24'),
(289, 'Jonathan Thompson', '2022-02-04'),
(290, 'Taylor Chambers', '2021-06-12'),
(291, 'James Carter', '2020-08-23'),
(292, 'Christina Cole', '2021-10-22'),
(293, 'Taylor Kelly', '2020-10-05'),
(294, 'Richard Luna', '2023-09-21'),
(295, 'John Spears', '2022-12-08'),
(296, 'Kenneth Adams', '2022-01-16'),
(297, 'Scott Raymond', '2020-04-26'),
(298, 'Patricia Clark', '2022-07-07'),
(299, 'Katherine Wallace', '2022-03-02'),
(300, 'Jared Marshall', '2023-04-16'),
(301, 'Jessica Nielsen', '2020-03-11'),
(302, 'Paul Mcguire', '2021-05-06'),
(303, 'Breanna Smith', '2022-07-03'),
(304, 'Rachel Clay', '2021-11-29'),
(305, 'Jason Juarez', '2023-05-27'),
(306, 'Robin Finley', '2023-02-06'),
(307, 'Catherine Morris', '2023-06-05'),
(308, 'Michelle Gallegos', '2022-01-01'),
(309, 'Derek Sharp', '2020-07-25'),
(310, 'Lauren Rice', '2022-03-23'),
(311, 'Kimberly Crosby', '2020-12-22'),
(312, 'Katrina Walsh', '2021-01-15'),
(313, 'Michael Thomas', '2023-06-21'),
(314, 'Matthew Atkins', '2022-05-11'),
(315, 'Taylor Gonzales', '2022-01-05'),
(316, 'Stephanie Green', '2023-10-31'),
(317, 'April Patterson', '2020-02-29'),
(318, 'Dominique Parker', '2021-06-01'),
(319, 'Maria Bailey', '2021-04-10'),
(320, 'James Reyes', '2023-08-17'),
(321, 'Miguel Oneal', '2022-03-16'),
(322, 'Alexander Patel', '2021-06-14'),
(323, 'Elizabeth Fowler', '2021-10-07'),
(324, 'Brett Powell', '2022-05-03'),
(325, 'Robin Vazquez', '2023-06-02'),
(326, 'Michael Owen', '2020-01-25'),
(327, 'Jeffrey Lopez', '2023-07-22'),
(328, 'Brooke Franklin', '2021-08-04'),
(329, 'Gail Lee', '2022-04-22'),
(330, 'Craig Pugh', '2020-11-05'),
(331, 'Sarah Jensen', '2022-11-19'),
(332, 'Anna Bailey', '2020-09-22'),
(333, 'Robert Marquez MD', '2023-12-22'),
(334, 'Marissa Strickland', '2022-01-17'),
(335, 'Mary Williams', '2021-11-26'),
(336, 'Nicole Kim', '2021-09-27'),
(337, 'Shelby Cook', '2022-02-12'),
(338, 'Ashley Molina', '2022-12-03'),
(339, 'Lisa Davis', '2023-05-20'),
(340, 'Emily Nunez', '2020-05-15'),
(341, 'Jason Krause', '2021-06-25'),
(342, 'Jose White', '2021-07-07'),
(343, 'Ricky Reynolds', '2023-02-26'),
(344, 'Lisa Weaver', '2021-10-17'),
(345, 'Christina Sosa', '2022-10-01'),
(346, 'Anna Smith', '2023-01-13'),
(347, 'Joseph Romero', '2021-10-14'),
(348, 'Crystal White', '2023-08-22'),
(349, 'Sean Rodgers', '2023-08-07'),
(350, 'Andrew Martin', '2023-05-25'),
(351, 'Patrick Roberts', '2023-08-30'),
(352, 'Paul Peterson', '2023-07-05'),
(353, 'Melinda Smith', '2022-07-15'),
(354, 'Joshua Ortega', '2023-10-07'),
(355, 'Joseph Tran', '2022-03-23'),
(356, 'Emily Johnson', '2022-03-01'),
(357, 'Larry Wise', '2020-06-30'),
(358, 'Kathy Pratt', '2022-08-05'),
(359, 'Dylan Myers', '2023-07-03'),
(360, 'Kari Olson', '2021-04-24'),
(361, 'Michael Mcintyre', '2021-12-25'),
(362, 'Ryan Montoya', '2023-04-07'),
(363, 'Melanie Rodriguez', '2021-01-20'),
(364, 'Ryan Espinoza', '2021-01-10'),
(365, 'Melissa Hunter', '2022-03-18'),
(366, 'Joseph Saunders', '2021-01-25'),
(367, 'Ryan Taylor', '2023-10-10'),
(368, 'Amber Conner', '2020-03-18'),
(369, 'Trevor Sanders', '2022-12-04'),
(370, 'Peter Fleming', '2023-12-12'),
(371, 'Sergio Hernandez', '2022-02-20'),
(372, 'Frank Sanchez', '2023-06-27'),
(373, 'Willie Baldwin', '2022-02-13'),
(374, 'Kevin Jefferson', '2021-08-13'),
(375, 'David May', '2020-10-13'),
(376, 'Matthew Cochran', '2022-05-14'),
(377, 'Dawn Jones', '2021-06-20'),
(378, 'Kimberly Thomas', '2023-09-16'),
(379, 'Aaron Johnson', '2022-11-10'),
(380, 'Nancy Shelton', '2021-03-10'),
(381, 'Valerie Johnson', '2023-03-07'),
(382, 'Kylie Allen', '2022-07-02'),
(383, 'Lisa Hatfield', '2020-10-17'),
(384, 'Christopher Travis', '2020-03-07'),
(385, 'Michelle Chang', '2023-03-28'),
(386, 'Alexander Jones', '2022-10-16'),
(387, 'Matthew Weaver', '2021-02-04'),
(388, 'Mary Black', '2021-02-03'),
(389, 'Emily Barnett', '2021-06-15'),
(390, 'Justin Estrada', '2023-06-10'),
(391, 'Jennifer Reyes', '2020-06-29'),
(392, 'Dylan Hernandez', '2021-04-01'),
(393, 'Robert Andrews', '2022-12-06'),
(394, 'Kristopher Payne', '2023-03-15'),
(395, 'Sandra Arroyo', '2023-03-27'),
(396, 'Dakota Hall', '2023-06-10'),
(397, 'Jessica Martin', '2020-08-10'),
(398, 'Brittany Browning', '2020-09-17'),
(399, 'Timothy Williams', '2023-08-04'),
(400, 'Nicole Mills', '2021-11-21'),
(401, 'Linda Stevens', '2021-09-24'),
(402, 'Sara Santos', '2020-12-11'),
(403, 'Robert Oneal', '2020-07-02'),
(404, 'Cody Kelly', '2023-06-26'),
(405, 'Ian Robertson MD', '2022-03-20'),
(406, 'Lynn Pitts', '2020-11-11'),
(407, 'Ann Wilson', '2021-11-04'),
(408, 'Jennifer Huynh DVM', '2023-12-13'),
(409, 'Stephanie White', '2021-08-17'),
(410, 'Ryan Young', '2023-07-16'),
(411, 'Kelly Lindsey', '2022-07-05'),
(412, 'Michelle Owens', '2020-03-16'),
(413, 'Stephen Brooks', '2021-06-01'),
(414, 'Robert Jordan', '2022-11-14'),
(415, 'Jaime Shea', '2020-12-30'),
(416, 'Justin Bryant', '2020-01-05'),
(417, 'Jose Byrd', '2022-01-13'),
(418, 'Amanda Young', '2023-10-16'),
(419, 'Stacy White', '2021-07-23'),
(420, 'Jennifer Davenport', '2022-05-13'),
(421, 'Jon Hobbs', '2020-11-20'),
(422, 'Jessica Ramirez', '2023-10-26'),
(423, 'Jon Walker', '2020-12-29'),
(424, 'Mark Jenkins', '2023-04-21'),
(425, 'Craig Archer', '2021-12-30'),
(426, 'John Griffin', '2022-03-15'),
(427, 'Paul Day', '2021-03-13'),
(428, 'Jennifer Patton', '2022-11-09'),
(429, 'Marissa Armstrong', '2020-12-23'),
(430, 'Aaron Krause', '2022-03-21'),
(431, 'Michelle Mendoza', '2021-05-14'),
(432, 'Veronica Campbell', '2023-01-17'),
(433, 'Joshua Morton', '2022-07-08'),
(434, 'Maria Adams', '2021-01-04'),
(435, 'Kim Lee', '2022-08-17'),
(436, 'Karen Phillips', '2020-09-05'),
(437, 'Carlos Knox', '2023-10-30'),
(438, 'Randy Wells', '2023-08-20'),
(439, 'Daniel Smith', '2022-08-08'),
(440, 'Pamela Kerr', '2022-06-11'),
(441, 'Michelle Cobb', '2021-07-18'),
(442, 'Micheal Moore', '2021-09-20'),
(443, 'Scott Hall', '2022-11-07'),
(444, 'Scott Arnold', '2023-01-13'),
(445, 'Dr. Daniel Fernandez', '2022-10-23'),
(446, 'Jesse Sutton', '2022-09-12'),
(447, 'Justin Ross', '2021-10-18'),
(448, 'Sydney Lang', '2020-09-25'),
(449, 'Lisa Nixon', '2020-04-15'),
(450, 'Daniel Guerra', '2021-09-20'),
(451, 'Aaron Arnold', '2021-09-21'),
(452, 'Andrew Mendez', '2020-02-11'),
(453, 'Mrs. Laurie Smith MD', '2020-11-13'),
(454, 'Kevin Riley', '2022-02-06'),
(455, 'Tiffany Evans', '2020-10-24'),
(456, 'Mckenzie Reynolds', '2020-03-11'),
(457, 'Jason Reynolds', '2022-05-18'),
(458, 'Daniel Flores', '2020-06-09'),
(459, 'Robert Hoover', '2022-03-12'),
(460, 'Lisa Shelton', '2021-03-16'),
(461, 'Brittany Harrison', '2020-01-01'),
(462, 'Leslie Martin', '2021-11-19'),
(463, 'Jordan Reid', '2021-05-15'),
(464, 'Eugene Harris', '2023-06-11'),
(465, 'Dr. Matthew Knight', '2022-11-06'),
(466, 'Maria Ward', '2023-05-17'),
(467, 'Aimee Rivas', '2020-01-14'),
(468, 'John Fuller', '2021-01-01'),
(469, 'John Rowland', '2020-09-25'),
(470, 'Amy Hernandez', '2020-04-03'),
(471, 'James Parker MD', '2021-01-17'),
(472, 'Samantha Crane', '2023-12-19'),
(473, 'Rhonda Weaver', '2021-10-31'),
(474, 'Jennifer Velazquez', '2023-08-05'),
(475, 'Rachael Murphy', '2022-11-06'),
(476, 'Charles Jackson', '2022-01-07'),
(477, 'Omar Shepherd', '2023-08-31'),
(478, 'Joseph Thompson', '2023-12-22'),
(479, 'Christina Trevino', '2023-01-08'),
(480, 'Matthew Wilson', '2020-03-27'),
(481, 'Marcus Davis', '2020-02-09'),
(482, 'Sean Sanders', '2020-06-25'),
(483, 'Dr. Matthew Thomas', '2022-02-18'),
(484, 'Alexis Macdonald', '2021-10-29'),
(485, 'Matthew Brock', '2020-03-14'),
(486, 'Crystal Vargas', '2023-12-02'),
(487, 'Jennifer Wallace', '2020-11-05'),
(488, 'Mr. Charles Munoz', '2023-01-14'),
(489, 'Michael Hanson', '2022-06-05'),
(490, 'Amy Kirby', '2021-08-20'),
(491, 'Sabrina Smith', '2020-06-10'),
(492, 'Ryan Dean', '2020-02-02'),
(493, 'Jose Allen', '2022-02-15'),
(494, 'Shawn Miller', '2020-01-07'),
(495, 'Rachel Foster', '2021-08-18'),
(496, 'Matthew Johnston', '2020-06-21'),
(497, 'Jessica Rose', '2023-10-02'),
(498, 'Joanne Hoffman', '2023-11-03'),
(499, 'Dana Todd', '2020-11-27'),
(500, 'Carla Wall', '2022-04-05')
-- ON CONFLICT (rider_id) DO UPDATE SET rider_id=EXCLUDED.rider_id, rider_name=EXCLUDED.rider_name, sign_up=EXCLUDED.sign_up;
ON DUPLICATE KEY UPDATE rider_name = VALUES(rider_name), sign_up = VALUES(sign_up);


INSERT INTO deliveries (delivery_id, order_id, delivery_status, delivery_time, rider_id)
VALUES
(1, 780, 'Pending', '09:30:04', 498),
(2, 2189, 'Delivered', NULL, NULL),
(3, 422, 'Cancelled', NULL, 421),
(4, 193, 'Pending', '20:29:02', 7),
(5, 1711, 'Cancelled', '01:47:55', NULL),
(6, 113, 'Pending', '23:02:18', 41),
(7, 1592, 'Pending', NULL, NULL),
(8, 664, 'Delivered', '07:24:08', 471),
(9, 1427, 'Pending', NULL, 155),
(10, 1985, 'Cancelled', '19:55:24', 172),
(11, 1488, 'Cancelled', '12:43:45', 326),
(12, 2462, 'Pending', NULL, NULL),
(13, 2052, 'Cancelled', NULL, 20),
(14, 1575, 'Cancelled', '07:54:44', 184),
(15, 905, 'Delivered', NULL, NULL),
(16, 741, 'Pending', '04:45:19', 221),
(17, 312, 'Cancelled', NULL, NULL),
(18, 126, 'Cancelled', '06:37:26', NULL),
(19, 685, 'Delivered', NULL, NULL),
(20, 2466, 'Pending', NULL, NULL),
(21, 1927, 'Delivered', NULL, NULL),
(22, 388, 'Pending', NULL, 98),
(23, 1740, 'Pending', '00:26:44', 74),
(24, 958, 'Pending', NULL, 373),
(25, 1823, 'Pending', '09:20:18', NULL),
(26, 2482, 'Delivered', '14:13:04', NULL),
(27, 532, 'Delivered', '09:23:45', NULL),
(28, 425, 'Delivered', NULL, 196),
(29, 2392, 'Pending', NULL, 388),
(30, 2190, 'Cancelled', '07:18:20', 243),
(31, 928, 'Cancelled', NULL, NULL),
(32, 36, 'Cancelled', '08:12:14', 123),
(33, 2133, 'Delivered', '11:46:13', 37),
(34, 1143, 'Pending', NULL, 296),
(35, 1764, 'Cancelled', NULL, 441),
(36, 1902, 'Pending', NULL, NULL),
(37, 1508, 'Pending', NULL, 253),
(38, 1492, 'Pending', NULL, 231),
(39, 1632, 'Cancelled', NULL, NULL),
(40, 488, 'Cancelled', NULL, 424),
(41, 2144, 'Cancelled', NULL, NULL),
(42, 412, 'Delivered', '18:55:20', 221),
(43, 504, 'Pending', NULL, NULL),
(44, 1518, 'Delivered', '22:58:47', 464),
(45, 1126, 'Pending', '16:07:39', NULL),
(46, 2142, 'Delivered', '12:21:36', 203),
(47, 1415, 'Pending', '12:10:00', 162),
(48, 1507, 'Cancelled', NULL, 150),
(49, 2381, 'Delivered', '05:12:55', 165),
(50, 2263, 'Pending', NULL, 381),
(51, 1607, 'Delivered', '00:09:22', NULL),
(52, 343, 'Delivered', '12:29:16', 440),
(53, 1753, 'Cancelled', NULL, 140),
(54, 1004, 'Pending', NULL, 497),
(55, 871, 'Delivered', '18:04:32', NULL),
(56, 303, 'Delivered', '20:29:13', NULL),
(57, 1060, 'Cancelled', '00:56:03', NULL),
(58, 200, 'Delivered', NULL, NULL),
(59, 328, 'Delivered', NULL, 79),
(60, 1307, 'Delivered', NULL, 292),
(61, 2280, 'Pending', NULL, NULL),
(62, 2067, 'Pending', '09:20:10', 231),
(63, 13, 'Delivered', NULL, 187),
(64, 222, 'Cancelled', NULL, NULL),
(65, 1458, 'Cancelled', NULL, NULL),
(66, 886, 'Delivered', '22:54:24', NULL),
(67, 1864, 'Cancelled', '21:31:14', 448),
(68, 2194, 'Delivered', '01:34:20', 5),
(69, 1859, 'Delivered', '22:43:45', NULL),
(70, 1918, 'Delivered', '20:35:04', NULL),
(71, 1560, 'Delivered', NULL, 191),
(72, 313, 'Cancelled', NULL, 181),
(73, 316, 'Cancelled', NULL, NULL),
(74, 1128, 'Pending', '10:31:37', NULL),
(75, 835, 'Delivered', NULL, NULL),
(76, 1996, 'Cancelled', NULL, NULL),
(77, 2379, 'Cancelled', NULL, NULL),
(78, 563, 'Delivered', NULL, NULL),
(79, 2246, 'Delivered', '09:56:55', 179),
(80, 1828, 'Delivered', NULL, NULL),
(81, 1297, 'Cancelled', NULL, NULL),
(82, 1323, 'Pending', NULL, NULL),
(83, 1096, 'Cancelled', '14:43:27', NULL),
(84, 1843, 'Delivered', '11:54:44', NULL),
(85, 1204, 'Pending', NULL, 323),
(86, 542, 'Cancelled', NULL, NULL),
(87, 1394, 'Pending', '05:41:09', NULL),
(88, 245, 'Pending', '05:54:57', 6),
(89, 2255, 'Delivered', NULL, NULL),
(90, 670, 'Cancelled', NULL, 233),
(91, 907, 'Pending', '00:38:03', NULL),
(92, 2140, 'Cancelled', '05:38:18', NULL),
(93, 857, 'Cancelled', NULL, 88),
(94, 1164, 'Delivered', NULL, NULL),
(95, 1265, 'Delivered', NULL, NULL),
(96, 1892, 'Pending', '08:42:06', 359),
(97, 2403, 'Cancelled', '07:36:37', 79),
(98, 1392, 'Pending', NULL, NULL),
(99, 2214, 'Delivered', NULL, NULL),
(100, 940, 'Delivered', NULL, NULL),
(101, 1950, 'Pending', '22:47:22', NULL),
(102, 2394, 'Cancelled', NULL, NULL),
(103, 1730, 'Pending', NULL, NULL),
(104, 33, 'Pending', '09:03:32', 440),
(105, 434, 'Delivered', NULL, 54),
(106, 1790, 'Cancelled', NULL, NULL),
(107, 1326, 'Cancelled', NULL, NULL),
(108, 1239, 'Pending', '17:39:33', 382),
(109, 571, 'Cancelled', '01:58:21', 352),
(110, 1089, 'Pending', NULL, NULL),
(111, 2091, 'Delivered', '06:18:25', NULL),
(112, 808, 'Cancelled', '16:57:43', NULL),
(113, 1938, 'Pending', '23:51:36', NULL),
(114, 371, 'Pending', '00:28:48', NULL),
(115, 1798, 'Pending', NULL, NULL),
(116, 787, 'Delivered', NULL, NULL),
(117, 2348, 'Cancelled', '01:24:55', NULL),
(118, 261, 'Cancelled', NULL, 332),
(119, 1668, 'Delivered', '15:16:55', NULL),
(120, 1550, 'Delivered', NULL, NULL),
(121, 344, 'Pending', NULL, NULL),
(122, 1747, 'Cancelled', '11:25:55', NULL),
(123, 1797, 'Delivered', NULL, 473),
(124, 812, 'Pending', NULL, NULL),
(125, 36, 'Cancelled', '15:40:15', 421),
(126, 1774, 'Pending', '08:20:39', 236),
(127, 1677, 'Pending', NULL, NULL),
(128, 2109, 'Delivered', '15:34:17', 342),
(129, 1959, 'Pending', NULL, 230),
(130, 634, 'Pending', '18:07:05', NULL),
(131, 1845, 'Cancelled', '19:49:10', NULL),
(132, 1281, 'Pending', NULL, 311),
(133, 2047, 'Pending', '10:37:19', 404),
(134, 228, 'Pending', '12:35:51', 444),
(135, 477, 'Delivered', NULL, 382),
(136, 2286, 'Delivered', NULL, 287),
(137, 500, 'Delivered', '18:00:47', 409),
(138, 314, 'Cancelled', NULL, 280),
(139, 1448, 'Cancelled', NULL, 236),
(140, 1348, 'Cancelled', NULL, 470),
(141, 9, 'Cancelled', NULL, 314),
(142, 1956, 'Pending', NULL, NULL),
(143, 1943, 'Delivered', '04:51:36', 119),
(144, 99, 'Delivered', '23:17:43', NULL),
(145, 203, 'Cancelled', '17:26:13', 145),
(146, 289, 'Cancelled', NULL, NULL),
(147, 1717, 'Delivered', NULL, 167),
(148, 251, 'Delivered', NULL, 131),
(149, 1991, 'Delivered', '11:37:48', NULL),
(150, 2336, 'Delivered', NULL, NULL),
(151, 886, 'Cancelled', NULL, NULL),
(152, 477, 'Pending', NULL, 478),
(153, 2156, 'Pending', '05:03:28', NULL),
(154, 1324, 'Delivered', '21:06:18', 76),
(155, 1277, 'Delivered', NULL, NULL),
(156, 2489, 'Delivered', '18:18:06', 99),
(157, 2419, 'Delivered', NULL, 169),
(158, 939, 'Pending', '23:48:18', 229),
(159, 418, 'Delivered', '00:45:47', NULL),
(160, 84, 'Delivered', '09:07:46', NULL),
(161, 2394, 'Cancelled', '05:59:34', 439),
(162, 2420, 'Pending', '16:25:18', NULL),
(163, 1883, 'Pending', '20:27:34', NULL),
(164, 2331, 'Pending', '10:13:47', NULL),
(165, 740, 'Delivered', NULL, 219),
(166, 802, 'Cancelled', '07:10:35', NULL),
(167, 2479, 'Delivered', '07:14:28', 173),
(168, 1012, 'Delivered', NULL, 494),
(169, 1554, 'Cancelled', '07:12:14', NULL),
(170, 979, 'Delivered', NULL, NULL),
(171, 741, 'Pending', NULL, 53),
(172, 848, 'Cancelled', '11:36:28', NULL),
(173, 2153, 'Pending', NULL, 91),
(174, 1152, 'Delivered', NULL, 469),
(175, 210, 'Cancelled', NULL, 181),
(176, 57, 'Delivered', '20:36:15', NULL),
(177, 2148, 'Pending', '01:03:28', NULL),
(178, 935, 'Pending', '06:22:07', 65),
(179, 267, 'Cancelled', '23:32:22', 428),
(180, 2054, 'Cancelled', NULL, NULL),
(181, 103, 'Pending', NULL, NULL),
(182, 137, 'Cancelled', '15:19:50', 288),
(183, 1424, 'Delivered', NULL, 228),
(184, 629, 'Cancelled', NULL, NULL),
(185, 684, 'Cancelled', NULL, 369),
(186, 1478, 'Delivered', NULL, 216),
(187, 2156, 'Pending', NULL, NULL),
(188, 1513, 'Cancelled', NULL, 429),
(189, 161, 'Cancelled', '16:51:04', 171),
(190, 2048, 'Pending', '10:47:09', 321),
(191, 978, 'Delivered', NULL, NULL),
(192, 1711, 'Delivered', '19:45:40', 325),
(193, 1032, 'Pending', '05:19:43', 66),
(194, 2134, 'Cancelled', '04:51:05', 188),
(195, 2045, 'Cancelled', '17:26:08', NULL),
(196, 426, 'Pending', '22:39:24', 1),
(197, 253, 'Delivered', NULL, NULL),
(198, 1342, 'Pending', '18:17:37', NULL),
(199, 1216, 'Pending', NULL, NULL),
(200, 2258, 'Delivered', '16:38:21', NULL),
(201, 431, 'Cancelled', NULL, NULL),
(202, 2413, 'Pending', NULL, NULL),
(203, 2335, 'Pending', NULL, 204),
(204, 2388, 'Pending', NULL, NULL),
(205, 343, 'Cancelled', '21:54:33', NULL),
(206, 69, 'Cancelled', NULL, NULL),
(207, 1279, 'Pending', NULL, 30),
(208, 1601, 'Delivered', '09:12:47', 92),
(209, 836, 'Cancelled', NULL, 79),
(210, 962, 'Pending', '04:18:59', 123),
(211, 751, 'Cancelled', NULL, NULL),
(212, 61, 'Cancelled', '14:33:40', NULL),
(213, 1461, 'Cancelled', '07:11:51', 96),
(214, 2078, 'Cancelled', NULL, NULL),
(215, 536, 'Delivered', NULL, 359),
(216, 1270, 'Cancelled', NULL, NULL),
(217, 2488, 'Cancelled', NULL, NULL),
(218, 2357, 'Pending', '09:07:18', 50),
(219, 1361, 'Pending', NULL, 152),
(220, 102, 'Cancelled', NULL, 111),
(221, 1865, 'Cancelled', NULL, NULL),
(222, 1730, 'Pending', NULL, 480),
(223, 1614, 'Delivered', NULL, NULL),
(224, 820, 'Cancelled', '08:14:21', 411),
(225, 1404, 'Pending', '09:48:14', 130),
(226, 1450, 'Pending', NULL, 20),
(227, 1253, 'Cancelled', NULL, NULL),
(228, 1368, 'Cancelled', NULL, NULL),
(229, 153, 'Pending', '04:01:19', NULL),
(230, 745, 'Cancelled', '22:57:46', NULL),
(231, 573, 'Pending', NULL, 56),
(232, 1909, 'Pending', '04:53:29', 451),
(233, 1741, 'Pending', NULL, 307),
(234, 278, 'Delivered', NULL, 441),
(235, 30, 'Pending', '10:21:40', NULL),
(236, 582, 'Delivered', '03:56:34', 236),
(237, 471, 'Delivered', '17:13:37', NULL),
(238, 43, 'Cancelled', NULL, NULL),
(239, 1224, 'Delivered', NULL, 380),
(240, 1602, 'Delivered', '23:25:47', NULL),
(241, 275, 'Delivered', NULL, 320),
(242, 908, 'Cancelled', '22:36:30', NULL),
(243, 1729, 'Pending', NULL, 31),
(244, 711, 'Pending', NULL, NULL),
(245, 139, 'Delivered', '20:54:07', NULL),
(246, 1308, 'Pending', '06:18:31', 438),
(247, 920, 'Cancelled', NULL, 188),
(248, 590, 'Delivered', '11:19:12', NULL),
(249, 519, 'Delivered', NULL, 433),
(250, 2044, 'Cancelled', NULL, NULL),
(251, 2450, 'Cancelled', NULL, NULL),
(252, 1310, 'Cancelled', NULL, NULL),
(253, 10, 'Cancelled', NULL, NULL),
(254, 1480, 'Delivered', '20:39:48', 190),
(255, 1956, 'Delivered', NULL, NULL),
(256, 1236, 'Cancelled', '22:06:21', 75),
(257, 1969, 'Cancelled', '22:06:16', NULL),
(258, 1171, 'Pending', '18:59:29', 295),
(259, 984, 'Delivered', NULL, 153),
(260, 278, 'Cancelled', NULL, 450),
(261, 1687, 'Delivered', '21:25:13', NULL),
(262, 1102, 'Delivered', '11:26:18', NULL),
(263, 2405, 'Pending', '22:09:09', 22),
(264, 420, 'Cancelled', NULL, NULL),
(265, 2049, 'Pending', NULL, 85),
(266, 2419, 'Pending', '20:38:33', NULL),
(267, 937, 'Pending', NULL, 335),
(268, 175, 'Pending', '09:35:16', 439),
(269, 675, 'Cancelled', '13:01:01', NULL),
(270, 2363, 'Cancelled', NULL, NULL),
(271, 2362, 'Cancelled', NULL, 76),
(272, 475, 'Cancelled', '16:18:31', 383),
(273, 1897, 'Delivered', NULL, NULL),
(274, 393, 'Delivered', '02:42:02', 268),
(275, 1266, 'Pending', NULL, 89),
(276, 2401, 'Delivered', NULL, NULL),
(277, 771, 'Pending', '18:03:44', 125),
(278, 1342, 'Delivered', NULL, NULL),
(279, 1433, 'Delivered', NULL, 288),
(280, 370, 'Pending', '02:34:55', NULL),
(281, 373, 'Pending', '19:02:45', NULL),
(282, 2007, 'Delivered', NULL, NULL),
(283, 1336, 'Delivered', NULL, 266),
(284, 49, 'Pending', '23:32:47', 446),
(285, 433, 'Delivered', NULL, 100),
(286, 631, 'Pending', NULL, 487),
(287, 29, 'Cancelled', '08:12:28', NULL),
(288, 2068, 'Delivered', NULL, 328),
(289, 2461, 'Cancelled', NULL, 26),
(290, 786, 'Pending', NULL, 200),
(291, 2180, 'Delivered', NULL, 290),
(292, 1378, 'Cancelled', '01:25:05', NULL),
(293, 332, 'Pending', '21:17:06', NULL),
(294, 617, 'Cancelled', NULL, 9),
(295, 170, 'Pending', NULL, 226),
(296, 1358, 'Pending', '08:08:37', 69),
(297, 1595, 'Pending', NULL, 340),
(298, 2438, 'Delivered', NULL, NULL),
(299, 873, 'Cancelled', NULL, 150),
(300, 919, 'Cancelled', '21:35:23', 305),
(301, 797, 'Delivered', NULL, 239),
(302, 2204, 'Cancelled', '02:15:55', 50),
(303, 1771, 'Delivered', '16:41:40', NULL),
(304, 292, 'Cancelled', NULL, 283),
(305, 449, 'Pending', '15:16:25', 62),
(306, 752, 'Cancelled', NULL, NULL),
(307, 2109, 'Delivered', '12:16:52', 351),
(308, 1179, 'Pending', '14:46:42', 160),
(309, 402, 'Cancelled', NULL, 84),
(310, 518, 'Delivered', '23:39:11', 225),
(311, 2068, 'Cancelled', NULL, 78),
(312, 1203, 'Cancelled', '17:40:01', 222),
(313, 2062, 'Delivered', NULL, NULL),
(314, 1448, 'Delivered', '01:19:45', 255),
(315, 70, 'Cancelled', NULL, 281),
(316, 945, 'Cancelled', NULL, 428),
(317, 2180, 'Cancelled', '22:54:35', NULL),
(318, 2082, 'Cancelled', '10:38:55', 54),
(319, 1903, 'Cancelled', NULL, NULL),
(320, 632, 'Pending', NULL, 354),
(321, 1656, 'Pending', NULL, 271),
(322, 187, 'Delivered', '15:43:24', 7),
(323, 2221, 'Delivered', '02:07:15', NULL),
(324, 543, 'Cancelled', NULL, 116),
(325, 732, 'Delivered', '06:39:57', 92),
(326, 2348, 'Pending', NULL, 201),
(327, 191, 'Cancelled', NULL, NULL),
(328, 1642, 'Pending', '01:53:58', 175),
(329, 364, 'Cancelled', '10:28:56', NULL),
(330, 1503, 'Cancelled', NULL, 419),
(331, 1549, 'Cancelled', NULL, 330),
(332, 1501, 'Delivered', '11:39:50', NULL),
(333, 677, 'Delivered', NULL, 390),
(334, 1724, 'Pending', NULL, NULL),
(335, 941, 'Delivered', '17:11:51', NULL),
(336, 740, 'Pending', NULL, 190),
(337, 2478, 'Pending', NULL, 282),
(338, 13, 'Delivered', '02:44:16', NULL),
(339, 2280, 'Delivered', NULL, 146),
(340, 507, 'Cancelled', '07:34:18', NULL),
(341, 728, 'Cancelled', NULL, 157),
(342, 217, 'Cancelled', '05:07:44', 479),
(343, 1706, 'Cancelled', NULL, NULL),
(344, 2127, 'Cancelled', '12:35:21', 152),
(345, 1034, 'Delivered', '08:36:23', 127),
(346, 337, 'Pending', '05:27:39', NULL),
(347, 841, 'Cancelled', '03:06:31', NULL),
(348, 954, 'Pending', '06:40:56', NULL),
(349, 2080, 'Cancelled', NULL, 318),
(350, 2334, 'Cancelled', '11:13:54', 71),
(351, 7, 'Cancelled', NULL, 5),
(352, 950, 'Cancelled', '01:00:44', 354),
(353, 658, 'Delivered', NULL, 4),
(354, 616, 'Pending', '13:43:02', 113),
(355, 1732, 'Cancelled', NULL, 372),
(356, 46, 'Cancelled', NULL, 253),
(357, 421, 'Cancelled', NULL, NULL),
(358, 1053, 'Delivered', '09:33:20', 244),
(359, 1936, 'Delivered', NULL, 34),
(360, 1895, 'Delivered', NULL, NULL),
(361, 1649, 'Cancelled', NULL, NULL),
(362, 2181, 'Cancelled', '15:44:18', 253),
(363, 2270, 'Pending', NULL, NULL),
(364, 2220, 'Cancelled', NULL, 287),
(365, 1837, 'Pending', '14:37:10', 482),
(366, 106, 'Delivered', '16:05:39', NULL),
(367, 659, 'Cancelled', NULL, NULL),
(368, 439, 'Pending', NULL, 17),
(369, 853, 'Pending', '02:51:11', 15),
(370, 1307, 'Cancelled', '21:31:59', 461),
(371, 2117, 'Cancelled', NULL, 466),
(372, 501, 'Cancelled', '22:23:00', 20),
(373, 1547, 'Pending', '19:55:36', 351),
(374, 2021, 'Cancelled', '04:27:46', NULL),
(375, 1512, 'Cancelled', NULL, NULL),
(376, 1441, 'Delivered', '08:48:05', NULL),
(377, 1651, 'Cancelled', NULL, NULL),
(378, 229, 'Pending', '05:18:25', NULL),
(379, 1161, 'Pending', NULL, NULL),
(380, 1780, 'Delivered', NULL, 412),
(381, 1577, 'Pending', '01:33:11', 233),
(382, 1556, 'Pending', NULL, 236),
(383, 732, 'Cancelled', '03:58:54', 50),
(384, 236, 'Pending', '17:46:06', NULL),
(385, 1405, 'Cancelled', '10:58:19', NULL),
(386, 199, 'Cancelled', '18:06:44', NULL),
(387, 1891, 'Pending', '15:06:29', 207),
(388, 822, 'Delivered', NULL, 439),
(389, 1638, 'Delivered', '07:42:21', 371),
(390, 278, 'Cancelled', '16:34:29', NULL),
(391, 1527, 'Pending', '06:58:33', NULL),
(392, 1515, 'Pending', NULL, NULL),
(393, 1534, 'Cancelled', '20:31:56', 136),
(394, 354, 'Pending', NULL, 141),
(395, 1167, 'Delivered', NULL, 48),
(396, 459, 'Cancelled', '00:26:36', NULL),
(397, 881, 'Delivered', NULL, NULL),
(398, 1957, 'Cancelled', '22:10:45', 497),
(399, 434, 'Cancelled', '09:32:06', NULL),
(400, 833, 'Pending', '09:05:11', 277),
(401, 797, 'Delivered', NULL, NULL),
(402, 2291, 'Pending', NULL, 97),
(403, 648, 'Pending', '04:59:52', 146),
(404, 1410, 'Pending', NULL, 17),
(405, 150, 'Cancelled', NULL, NULL),
(406, 809, 'Delivered', '02:25:11', NULL),
(407, 933, 'Cancelled', NULL, 58),
(408, 1477, 'Delivered', NULL, NULL),
(409, 572, 'Cancelled', NULL, 387),
(410, 78, 'Delivered', NULL, NULL),
(411, 1533, 'Delivered', NULL, NULL),
(412, 2132, 'Delivered', '06:59:09', 115),
(413, 1163, 'Pending', '14:26:06', NULL),
(414, 1948, 'Delivered', '15:26:26', NULL),
(415, 2008, 'Delivered', NULL, 206),
(416, 673, 'Pending', '16:40:57', NULL),
(417, 1693, 'Delivered', '22:57:18', 441),
(418, 556, 'Delivered', '00:45:18', 34),
(419, 2105, 'Delivered', '19:03:07', 313),
(420, 2312, 'Pending', NULL, 500),
(421, 687, 'Pending', NULL, NULL),
(422, 1346, 'Pending', NULL, 343),
(423, 1092, 'Cancelled', NULL, 482),
(424, 1871, 'Delivered', '00:14:21', 65),
(425, 345, 'Delivered', '02:37:45', NULL),
(426, 856, 'Cancelled', NULL, NULL),
(427, 1238, 'Delivered', NULL, 358),
(428, 1539, 'Cancelled', NULL, NULL),
(429, 1198, 'Pending', '03:41:09', NULL),
(430, 211, 'Delivered', '14:42:33', 414),
(431, 1202, 'Cancelled', NULL, NULL),
(432, 73, 'Delivered', '14:23:39', NULL),
(433, 1474, 'Delivered', '09:28:14', NULL),
(434, 2491, 'Pending', NULL, NULL),
(435, 487, 'Cancelled', NULL, NULL),
(436, 1484, 'Delivered', '05:38:42', 241),
(437, 1467, 'Cancelled', '05:26:47', NULL),
(438, 1941, 'Delivered', NULL, 55),
(439, 2438, 'Pending', '16:40:08', 482),
(440, 2310, 'Cancelled', NULL, 301),
(441, 1807, 'Delivered', NULL, 49),
(442, 886, 'Delivered', NULL, NULL),
(443, 1529, 'Delivered', NULL, NULL),
(444, 2344, 'Delivered', NULL, 144),
(445, 1684, 'Pending', '13:23:51', NULL),
(446, 2019, 'Delivered', NULL, 122),
(447, 786, 'Pending', NULL, NULL),
(448, 2301, 'Cancelled', NULL, NULL),
(449, 929, 'Cancelled', '05:05:41', 416),
(450, 925, 'Cancelled', NULL, NULL),
(451, 977, 'Delivered', NULL, NULL),
(452, 1204, 'Delivered', '06:58:06', 1),
(453, 2403, 'Delivered', '19:54:23', NULL),
(454, 678, 'Cancelled', '13:08:05', 238),
(455, 875, 'Delivered', NULL, NULL),
(456, 777, 'Cancelled', NULL, 132),
(457, 1368, 'Delivered', '03:07:38', NULL),
(458, 757, 'Pending', '15:12:50', 391),
(459, 733, 'Delivered', '16:37:12', 284),
(460, 652, 'Delivered', '11:50:14', NULL),
(461, 958, 'Delivered', NULL, 105),
(462, 1051, 'Cancelled', '00:50:04', NULL),
(463, 944, 'Delivered', '20:27:38', NULL),
(464, 2403, 'Cancelled', NULL, 183),
(465, 1756, 'Cancelled', '21:56:16', NULL),
(466, 559, 'Delivered', '03:23:02', NULL),
(467, 965, 'Pending', NULL, 207),
(468, 1816, 'Pending', '04:29:40', NULL),
(469, 1573, 'Pending', NULL, NULL),
(470, 1858, 'Pending', NULL, NULL),
(471, 2374, 'Cancelled', '05:11:31', 316),
(472, 2310, 'Delivered', '07:56:12', NULL),
(473, 1075, 'Cancelled', '00:59:43', 414),
(474, 1180, 'Delivered', '11:54:17', 350),
(475, 438, 'Pending', '15:51:46', 27),
(476, 125, 'Pending', '00:02:34', NULL),
(477, 913, 'Cancelled', NULL, NULL),
(478, 1290, 'Pending', NULL, 425),
(479, 888, 'Pending', NULL, NULL),
(480, 726, 'Pending', '01:51:36', NULL),
(481, 668, 'Pending', NULL, NULL),
(482, 1423, 'Pending', NULL, NULL),
(483, 1395, 'Cancelled', '08:35:37', NULL),
(484, 1404, 'Cancelled', NULL, NULL),
(485, 1346, 'Cancelled', NULL, 386),
(486, 25, 'Delivered', '15:02:25', 77),
(487, 2470, 'Pending', '02:02:11', NULL),
(488, 2116, 'Cancelled', '06:43:03', NULL),
(489, 1834, 'Pending', '18:20:40', NULL),
(490, 1118, 'Cancelled', '22:31:36', NULL),
(491, 2379, 'Pending', '14:12:36', 38),
(492, 1997, 'Cancelled', NULL, NULL),
(493, 991, 'Pending', '03:14:23', 426),
(494, 607, 'Delivered', NULL, NULL),
(495, 1750, 'Pending', '20:46:39', NULL),
(496, 1328, 'Pending', '06:11:34', 140),
(497, 1966, 'Pending', NULL, NULL),
(498, 267, 'Delivered', NULL, NULL),
(499, 2431, 'Cancelled', NULL, 401),
(500, 793, 'Delivered', '13:30:46', 35),
(501, 349, 'Cancelled', NULL, NULL),
(502, 267, 'Cancelled', NULL, 390),
(503, 1774, 'Delivered', NULL, 146),
(504, 1422, 'Cancelled', '00:31:51', NULL),
(505, 2068, 'Cancelled', '07:04:20', 104),
(506, 1523, 'Pending', NULL, NULL),
(507, 1924, 'Cancelled', NULL, NULL),
(508, 2209, 'Pending', NULL, 216),
(509, 2378, 'Pending', '06:02:09', 449),
(510, 125, 'Cancelled', '01:55:31', 14),
(511, 646, 'Pending', '03:04:33', NULL),
(512, 1534, 'Cancelled', NULL, NULL),
(513, 1586, 'Delivered', '23:57:46', NULL),
(514, 413, 'Pending', '14:27:25', NULL),
(515, 1231, 'Pending', NULL, 285),
(516, 1221, 'Pending', '18:29:53', NULL),
(517, 895, 'Pending', NULL, NULL),
(518, 209, 'Cancelled', '09:37:46', 241),
(519, 1904, 'Cancelled', '04:31:19', 419),
(520, 63, 'Cancelled', NULL, NULL),
(521, 1059, 'Cancelled', NULL, NULL),
(522, 434, 'Pending', '20:16:43', NULL),
(523, 1161, 'Cancelled', '04:56:57', 326),
(524, 1745, 'Pending', NULL, 139),
(525, 1009, 'Cancelled', NULL, 217),
(526, 1524, 'Cancelled', '02:13:19', 475),
(527, 1790, 'Delivered', NULL, NULL),
(528, 399, 'Cancelled', NULL, 29),
(529, 1333, 'Cancelled', '08:19:44', NULL),
(530, 1045, 'Cancelled', '03:50:51', 30),
(531, 534, 'Cancelled', NULL, NULL),
(532, 1458, 'Delivered', '06:53:01', NULL),
(533, 1090, 'Delivered', NULL, 290),
(534, 1032, 'Pending', NULL, NULL),
(535, 581, 'Cancelled', '21:12:42', NULL),
(536, 2133, 'Delivered', NULL, NULL),
(537, 115, 'Pending', '18:02:23', NULL),
(538, 2418, 'Delivered', '14:20:47', NULL),
(539, 984, 'Delivered', '14:35:26', 62),
(540, 1215, 'Pending', NULL, NULL),
(541, 1379, 'Cancelled', NULL, 139),
(542, 813, 'Delivered', '18:45:26', NULL),
(543, 521, 'Cancelled', '17:52:33', NULL),
(544, 285, 'Pending', '06:57:50', 471),
(545, 1141, 'Cancelled', NULL, 229),
(546, 1313, 'Cancelled', NULL, NULL),
(547, 788, 'Pending', NULL, NULL),
(548, 1282, 'Pending', NULL, NULL),
(549, 120, 'Delivered', NULL, NULL),
(550, 420, 'Delivered', NULL, NULL),
(551, 1841, 'Delivered', '10:35:23', NULL),
(552, 223, 'Cancelled', NULL, 494),
(553, 833, 'Delivered', '23:41:41', NULL),
(554, 2493, 'Cancelled', '02:28:34', NULL),
(555, 256, 'Delivered', NULL, 274),
(556, 53, 'Pending', '01:57:31', NULL),
(557, 702, 'Cancelled', '14:24:15', NULL),
(558, 998, 'Delivered', '04:48:14', 196),
(559, 2151, 'Cancelled', '18:43:13', 336),
(560, 886, 'Pending', '00:11:56', NULL),
(561, 299, 'Cancelled', '09:51:08', 478),
(562, 1014, 'Pending', NULL, NULL),
(563, 505, 'Delivered', '23:36:57', NULL),
(564, 1251, 'Pending', NULL, 272),
(565, 1460, 'Cancelled', '20:45:51', NULL),
(566, 1487, 'Delivered', NULL, 204),
(567, 2013, 'Pending', NULL, 162),
(568, 106, 'Pending', NULL, NULL),
(569, 601, 'Cancelled', NULL, 214),
(570, 2388, 'Delivered', NULL, 378),
(571, 855, 'Pending', '22:02:28', NULL),
(572, 1514, 'Delivered', '06:20:18', NULL),
(573, 1558, 'Cancelled', '16:40:20', 1),
(574, 1627, 'Pending', NULL, NULL),
(575, 1000, 'Pending', '05:09:19', NULL),
(576, 600, 'Delivered', NULL, NULL),
(577, 1241, 'Pending', NULL, NULL),
(578, 131, 'Cancelled', '01:22:41', 205),
(579, 1171, 'Cancelled', NULL, 65),
(580, 1079, 'Pending', '16:03:35', NULL),
(581, 1533, 'Pending', '10:42:32', 276),
(582, 1263, 'Delivered', '15:32:27', 139),
(583, 933, 'Delivered', '11:13:18', NULL),
(584, 2259, 'Delivered', '06:34:11', 448),
(585, 356, 'Delivered', '00:21:00', 484),
(586, 1230, 'Pending', NULL, NULL),
(587, 377, 'Delivered', NULL, 77),
(588, 598, 'Delivered', NULL, NULL),
(589, 1362, 'Cancelled', '17:58:14', NULL),
(590, 469, 'Cancelled', '21:57:51', 361),
(591, 2008, 'Delivered', NULL, 23),
(592, 2110, 'Cancelled', NULL, NULL),
(593, 277, 'Delivered', NULL, 230),
(594, 883, 'Cancelled', NULL, 48),
(595, 165, 'Cancelled', NULL, NULL),
(596, 898, 'Pending', '04:06:56', 63),
(597, 217, 'Delivered', NULL, NULL),
(598, 2318, 'Pending', '18:38:27', 23),
(599, 652, 'Cancelled', NULL, 241),
(600, 544, 'Cancelled', NULL, NULL),
(601, 1302, 'Delivered', NULL, NULL),
(602, 2039, 'Pending', '08:14:32', 492),
(603, 404, 'Delivered', '22:30:01', 462),
(604, 1071, 'Delivered', '18:46:27', 345),
(605, 1413, 'Pending', '08:57:38', 490),
(606, 2420, 'Cancelled', '06:39:28', NULL),
(607, 1644, 'Cancelled', NULL, 399),
(608, 508, 'Cancelled', '19:24:23', 170),
(609, 2443, 'Cancelled', '15:46:10', NULL),
(610, 2111, 'Delivered', NULL, 383),
(611, 1094, 'Delivered', '19:02:13', 228),
(612, 525, 'Pending', '06:19:08', NULL),
(613, 2477, 'Pending', NULL, 496),
(614, 1334, 'Cancelled', NULL, 425),
(615, 1506, 'Pending', '01:35:14', 483),
(616, 1204, 'Cancelled', '04:01:03', 329),
(617, 2333, 'Cancelled', NULL, 7),
(618, 154, 'Cancelled', '05:00:31', 86),
(619, 783, 'Cancelled', '17:08:41', NULL),
(620, 867, 'Cancelled', '01:55:29', 215),
(621, 179, 'Delivered', '21:18:22', NULL),
(622, 1002, 'Pending', NULL, 394),
(623, 1854, 'Cancelled', '17:32:49', 353),
(624, 873, 'Pending', '10:28:04', 350),
(625, 1351, 'Delivered', NULL, NULL),
(626, 528, 'Cancelled', '23:56:56', 311),
(627, 2341, 'Cancelled', '02:03:21', 183),
(628, 1972, 'Delivered', '11:10:46', NULL),
(629, 51, 'Pending', NULL, NULL),
(630, 418, 'Delivered', '04:49:44', 492),
(631, 519, 'Pending', NULL, 131),
(632, 1658, 'Cancelled', NULL, 67),
(633, 934, 'Cancelled', '00:59:32', 94),
(634, 1188, 'Pending', NULL, NULL),
(635, 1955, 'Delivered', '03:01:07', 164),
(636, 1626, 'Pending', '05:36:55', NULL),
(637, 2320, 'Pending', '00:03:40', NULL),
(638, 867, 'Pending', NULL, NULL),
(639, 725, 'Delivered', '13:44:14', 3),
(640, 302, 'Pending', '23:07:02', 63),
(641, 1421, 'Delivered', NULL, NULL),
(642, 1405, 'Cancelled', NULL, NULL),
(643, 423, 'Cancelled', '22:24:49', 104),
(644, 2462, 'Cancelled', '14:18:04', NULL),
(645, 2377, 'Delivered', '15:17:11', NULL),
(646, 1468, 'Delivered', '19:22:08', 339),
(647, 2184, 'Delivered', '08:26:58', NULL),
(648, 1634, 'Pending', '15:56:40', NULL),
(649, 1341, 'Pending', NULL, 484),
(650, 948, 'Cancelled', NULL, 439),
(651, 415, 'Pending', '11:14:36', NULL),
(652, 2199, 'Cancelled', NULL, NULL),
(653, 20, 'Delivered', '06:33:11', NULL),
(654, 2444, 'Pending', NULL, NULL),
(655, 657, 'Delivered', NULL, 240),
(656, 1586, 'Delivered', NULL, NULL),
(657, 206, 'Delivered', '05:54:36', NULL),
(658, 1423, 'Pending', NULL, NULL),
(659, 538, 'Delivered', NULL, 291),
(660, 479, 'Delivered', '20:24:19', 456),
(661, 1088, 'Cancelled', '08:47:55', 87),
(662, 2418, 'Pending', '23:50:20', NULL),
(663, 1748, 'Delivered', '09:55:58', NULL),
(664, 167, 'Cancelled', '13:22:36', NULL),
(665, 2293, 'Delivered', '11:41:00', NULL),
(666, 5, 'Pending', NULL, NULL),
(667, 2108, 'Cancelled', '14:50:42', 234),
(668, 525, 'Cancelled', '10:08:25', 369),
(669, 1976, 'Pending', NULL, 264),
(670, 1191, 'Pending', NULL, 39),
(671, 1815, 'Pending', NULL, 381),
(672, 259, 'Delivered', '01:33:13', 472),
(673, 2335, 'Cancelled', '01:11:21', 295),
(674, 2471, 'Pending', '23:52:24', NULL),
(675, 1993, 'Pending', NULL, NULL),
(676, 436, 'Delivered', '00:11:06', 320),
(677, 57, 'Pending', NULL, 85),
(678, 1650, 'Delivered', NULL, 243),
(679, 511, 'Cancelled', NULL, NULL),
(680, 478, 'Cancelled', '09:53:51', 419),
(681, 962, 'Cancelled', NULL, NULL),
(682, 882, 'Cancelled', '08:39:32', NULL),
(683, 295, 'Cancelled', '01:33:08', NULL),
(684, 2302, 'Delivered', NULL, NULL),
(685, 1722, 'Delivered', '02:51:04', NULL),
(686, 2036, 'Cancelled', '15:21:11', NULL),
(687, 1041, 'Pending', '15:21:30', 388),
(688, 882, 'Pending', '22:41:17', 158),
(689, 281, 'Delivered', NULL, 192),
(690, 1961, 'Cancelled', NULL, NULL),
(691, 1930, 'Delivered', '21:27:35', NULL),
(692, 3, 'Cancelled', '01:21:45', 45),
(693, 600, 'Cancelled', NULL, NULL),
(694, 1763, 'Delivered', '12:17:52', 331),
(695, 1922, 'Pending', NULL, 382),
(696, 1079, 'Pending', NULL, 321),
(697, 2128, 'Cancelled', NULL, NULL),
(698, 44, 'Pending', '15:38:09', NULL),
(699, 1002, 'Delivered', '19:16:24', NULL),
(700, 58, 'Pending', '20:26:30', NULL),
(701, 1098, 'Pending', '05:54:11', NULL),
(702, 217, 'Delivered', '16:26:05', 92),
(703, 2419, 'Delivered', '22:20:39', 47),
(704, 2172, 'Cancelled', NULL, 77),
(705, 1162, 'Delivered', NULL, NULL),
(706, 1334, 'Pending', NULL, NULL),
(707, 1813, 'Delivered', '03:28:02', 299),
(708, 511, 'Pending', NULL, NULL),
(709, 72, 'Pending', NULL, 19),
(710, 1134, 'Pending', '08:25:44', 150),
(711, 1772, 'Delivered', '14:07:32', 476),
(712, 1298, 'Pending', '14:53:20', 264),
(713, 28, 'Delivered', NULL, NULL),
(714, 410, 'Delivered', NULL, NULL),
(715, 1650, 'Delivered', '18:38:51', NULL),
(716, 1932, 'Pending', NULL, 500),
(717, 120, 'Delivered', '04:44:37', 450),
(718, 1954, 'Cancelled', NULL, NULL),
(719, 192, 'Pending', NULL, 50),
(720, 1918, 'Cancelled', '15:22:23', NULL),
(721, 2383, 'Cancelled', '15:26:03', 150),
(722, 379, 'Delivered', '22:41:32', 277),
(723, 1288, 'Cancelled', '00:52:42', 402),
(724, 1071, 'Cancelled', NULL, 130),
(725, 1692, 'Pending', '07:16:38', NULL),
(726, 572, 'Pending', NULL, 373),
(727, 2161, 'Cancelled', '04:55:48', NULL),
(728, 325, 'Pending', NULL, NULL),
(729, 2479, 'Delivered', NULL, 409),
(730, 473, 'Cancelled', '09:49:21', NULL),
(731, 810, 'Cancelled', '07:27:18', NULL),
(732, 1975, 'Pending', '07:30:36', NULL),
(733, 405, 'Cancelled', NULL, NULL),
(734, 2461, 'Cancelled', NULL, NULL),
(735, 817, 'Cancelled', '14:34:41', NULL),
(736, 18, 'Cancelled', NULL, 418),
(737, 1069, 'Cancelled', '21:31:22', NULL),
(738, 1231, 'Pending', '01:45:40', 58),
(739, 1079, 'Delivered', NULL, 139),
(740, 872, 'Cancelled', NULL, 333),
(741, 1499, 'Delivered', '21:15:08', 287),
(742, 1603, 'Pending', NULL, NULL),
(743, 503, 'Pending', NULL, NULL),
(744, 661, 'Pending', '08:00:00', 237),
(745, 2231, 'Pending', '06:38:56', NULL),
(746, 1282, 'Cancelled', '08:39:27', NULL),
(747, 2255, 'Pending', NULL, 422),
(748, 1087, 'Cancelled', NULL, 54),
(749, 573, 'Pending', NULL, NULL),
(750, 995, 'Delivered', '07:50:15', NULL),
(751, 1988, 'Delivered', NULL, NULL),
(752, 19, 'Delivered', '01:59:36', 472),
(753, 951, 'Delivered', '11:44:47', NULL),
(754, 700, 'Pending', NULL, 286),
(755, 1358, 'Cancelled', NULL, NULL),
(756, 240, 'Cancelled', '04:38:21', NULL),
(757, 478, 'Cancelled', '21:20:24', NULL),
(758, 1039, 'Pending', '14:25:29', NULL),
(759, 1430, 'Cancelled', NULL, 128),
(760, 1984, 'Delivered', '08:46:15', 423),
(761, 269, 'Cancelled', NULL, 248),
(762, 173, 'Pending', NULL, 251),
(763, 1559, 'Cancelled', NULL, NULL),
(764, 1702, 'Pending', '20:55:58', NULL),
(765, 773, 'Delivered', '19:07:47', 17),
(766, 542, 'Pending', NULL, 400),
(767, 603, 'Delivered', '16:49:18', 463),
(768, 1937, 'Cancelled', '04:13:55', 126),
(769, 1413, 'Delivered', '00:57:01', 441),
(770, 280, 'Delivered', '09:32:50', NULL),
(771, 1396, 'Cancelled', '18:08:00', NULL),
(772, 164, 'Pending', '21:38:26', 35),
(773, 205, 'Delivered', '16:11:25', NULL),
(774, 1659, 'Pending', '23:12:18', NULL),
(775, 7, 'Delivered', '13:50:08', 38),
(776, 1162, 'Cancelled', NULL, NULL),
(777, 815, 'Pending', NULL, NULL),
(778, 2248, 'Delivered', NULL, 370),
(779, 2228, 'Cancelled', NULL, NULL),
(780, 2080, 'Cancelled', NULL, NULL),
(781, 940, 'Pending', '19:26:13', 366),
(782, 324, 'Cancelled', '17:37:32', NULL),
(783, 1919, 'Delivered', NULL, 119),
(784, 815, 'Cancelled', NULL, NULL),
(785, 1283, 'Delivered', NULL, NULL),
(786, 1455, 'Delivered', '23:38:06', 54),
(787, 1106, 'Cancelled', NULL, NULL),
(788, 1709, 'Delivered', NULL, 253),
(789, 1829, 'Cancelled', '14:35:18', 284),
(790, 786, 'Delivered', NULL, NULL),
(791, 2009, 'Cancelled', NULL, 100),
(792, 1072, 'Delivered', '01:26:07', NULL),
(793, 747, 'Cancelled', '15:31:01', 369),
(794, 2040, 'Cancelled', '22:04:51', NULL),
(795, 900, 'Delivered', '08:31:19', NULL),
(796, 1455, 'Cancelled', NULL, NULL),
(797, 1994, 'Cancelled', NULL, 217),
(798, 2208, 'Delivered', '23:22:24', NULL),
(799, 311, 'Delivered', NULL, 1),
(800, 2166, 'Cancelled', NULL, NULL),
(801, 1266, 'Delivered', '13:14:20', NULL),
(802, 189, 'Delivered', '22:59:18', 428),
(803, 2403, 'Pending', '21:30:10', 211),
(804, 1908, 'Cancelled', '10:00:10', NULL),
(805, 1380, 'Delivered', '23:19:23', 337),
(806, 1808, 'Delivered', '17:13:45', NULL),
(807, 512, 'Pending', '19:42:13', 230),
(808, 1458, 'Delivered', '17:23:51', NULL),
(809, 1360, 'Delivered', '05:43:33', 58),
(810, 748, 'Pending', NULL, 92),
(811, 902, 'Delivered', '08:10:39', 46),
(812, 2304, 'Delivered', '19:13:34', NULL),
(813, 162, 'Delivered', NULL, 68),
(814, 292, 'Pending', NULL, NULL),
(815, 1993, 'Cancelled', NULL, NULL),
(816, 257, 'Pending', '00:46:37', 112),
(817, 28, 'Cancelled', '14:39:51', 277),
(818, 58, 'Cancelled', NULL, 282),
(819, 913, 'Pending', NULL, 346),
(820, 45, 'Pending', '17:01:54', 360),
(821, 1318, 'Cancelled', NULL, NULL),
(822, 2011, 'Cancelled', NULL, NULL),
(823, 1501, 'Cancelled', '15:19:43', 458),
(824, 1451, 'Pending', '14:35:22', NULL),
(825, 422, 'Cancelled', NULL, 288),
(826, 338, 'Pending', '21:48:16', 135),
(827, 346, 'Delivered', NULL, 459),
(828, 1004, 'Pending', NULL, NULL),
(829, 498, 'Delivered', '20:32:05', NULL),
(830, 1916, 'Delivered', '23:40:50', NULL),
(831, 1901, 'Delivered', NULL, 386),
(832, 854, 'Cancelled', NULL, 262),
(833, 639, 'Delivered', NULL, NULL),
(834, 1737, 'Cancelled', NULL, 392),
(835, 404, 'Delivered', NULL, 82),
(836, 1352, 'Cancelled', NULL, 365),
(837, 1498, 'Cancelled', '14:30:09', NULL),
(838, 1296, 'Delivered', '03:06:44', 133),
(839, 1073, 'Delivered', '08:50:48', 310),
(840, 697, 'Delivered', NULL, NULL),
(841, 891, 'Pending', NULL, 261),
(842, 1744, 'Cancelled', NULL, NULL),
(843, 1238, 'Pending', NULL, NULL),
(844, 1623, 'Cancelled', NULL, 99),
(845, 615, 'Delivered', NULL, NULL),
(846, 1221, 'Pending', '01:23:50', NULL),
(847, 1157, 'Pending', '05:56:50', 247),
(848, 571, 'Cancelled', '15:29:10', NULL),
(849, 83, 'Pending', NULL, 427),
(850, 713, 'Pending', NULL, 480),
(851, 1519, 'Cancelled', '05:56:39', 172),
(852, 2315, 'Cancelled', '16:33:29', NULL),
(853, 1449, 'Pending', NULL, NULL),
(854, 751, 'Pending', '06:45:43', NULL),
(855, 870, 'Cancelled', NULL, 93),
(856, 1217, 'Pending', NULL, 378),
(857, 479, 'Cancelled', '23:46:31', NULL),
(858, 558, 'Pending', '04:07:51', 247),
(859, 602, 'Pending', NULL, 273),
(860, 946, 'Pending', NULL, 167),
(861, 2473, 'Cancelled', NULL, NULL),
(862, 716, 'Pending', NULL, 271),
(863, 103, 'Pending', NULL, 238),
(864, 793, 'Delivered', '02:16:26', NULL),
(865, 977, 'Pending', NULL, 298),
(866, 820, 'Delivered', '20:01:02', NULL),
(867, 9, 'Cancelled', NULL, 494),
(868, 575, 'Pending', NULL, 451),
(869, 1180, 'Delivered', '10:05:24', NULL),
(870, 691, 'Pending', NULL, 354),
(871, 64, 'Delivered', NULL, NULL),
(872, 1328, 'Cancelled', '20:22:49', 208),
(873, 509, 'Delivered', '18:19:41', 418),
(874, 1852, 'Pending', NULL, 151),
(875, 1403, 'Pending', '02:16:47', NULL),
(876, 324, 'Delivered', '12:00:47', NULL),
(877, 2170, 'Pending', NULL, NULL),
(878, 731, 'Delivered', '17:00:33', 380),
(879, 1617, 'Cancelled', NULL, 481),
(880, 124, 'Cancelled', '13:16:54', 18),
(881, 2145, 'Cancelled', '14:25:44', 174),
(882, 879, 'Delivered', NULL, NULL),
(883, 44, 'Cancelled', NULL, 107),
(884, 2142, 'Pending', NULL, NULL),
(885, 2121, 'Pending', NULL, 103),
(886, 1790, 'Cancelled', NULL, 276),
(887, 1460, 'Pending', NULL, NULL),
(888, 2293, 'Cancelled', NULL, 122),
(889, 645, 'Pending', '00:56:04', NULL),
(890, 2283, 'Pending', '12:17:29', NULL),
(891, 683, 'Cancelled', '10:33:51', 211),
(892, 968, 'Delivered', '16:40:45', 112),
(893, 1733, 'Delivered', NULL, NULL),
(894, 2419, 'Pending', '10:00:11', 14),
(895, 198, 'Delivered', '10:16:44', 4),
(896, 1143, 'Cancelled', '01:39:16', 32),
(897, 1665, 'Pending', '12:16:34', 442),
(898, 2443, 'Cancelled', NULL, NULL),
(899, 1461, 'Cancelled', '15:26:44', 428),
(900, 483, 'Cancelled', '11:08:22', 309),
(901, 2118, 'Delivered', '06:28:15', NULL),
(902, 806, 'Pending', NULL, NULL),
(903, 1407, 'Delivered', NULL, NULL),
(904, 1618, 'Cancelled', '00:01:44', NULL),
(905, 836, 'Delivered', '04:43:19', 114),
(906, 839, 'Pending', NULL, NULL),
(907, 1211, 'Pending', '16:33:11', NULL),
(908, 1730, 'Pending', '23:42:53', 489),
(909, 2371, 'Delivered', NULL, NULL),
(910, 1542, 'Delivered', '16:02:08', 441),
(911, 1174, 'Delivered', NULL, 355),
(912, 2329, 'Cancelled', '12:31:56', NULL),
(913, 777, 'Delivered', NULL, 41),
(914, 819, 'Pending', NULL, NULL),
(915, 2078, 'Pending', NULL, 70),
(916, 37, 'Delivered', NULL, 320),
(917, 755, 'Pending', NULL, 42),
(918, 80, 'Delivered', '00:26:59', 468),
(919, 1126, 'Pending', '17:19:57', NULL),
(920, 1929, 'Pending', NULL, 406),
(921, 1298, 'Delivered', NULL, 250),
(922, 1988, 'Delivered', NULL, 19),
(923, 2120, 'Delivered', NULL, NULL),
(924, 1395, 'Cancelled', NULL, 425),
(925, 2463, 'Pending', NULL, NULL),
(926, 2076, 'Delivered', NULL, NULL),
(927, 1885, 'Cancelled', NULL, NULL),
(928, 260, 'Delivered', NULL, 64),
(929, 748, 'Cancelled', '20:25:11', NULL),
(930, 1946, 'Delivered', NULL, NULL),
(931, 2182, 'Delivered', NULL, NULL),
(932, 2479, 'Delivered', '02:59:15', NULL),
(933, 2259, 'Pending', NULL, 364),
(934, 122, 'Delivered', '21:44:10', 159),
(935, 1471, 'Pending', NULL, 108),
(936, 1078, 'Delivered', '01:13:39', 409),
(937, 1681, 'Delivered', NULL, NULL),
(938, 914, 'Cancelled', NULL, NULL),
(939, 2233, 'Cancelled', NULL, 29),
(940, 1080, 'Pending', NULL, NULL),
(941, 1132, 'Cancelled', NULL, NULL),
(942, 2163, 'Delivered', NULL, NULL),
(943, 1611, 'Delivered', NULL, 497),
(944, 1016, 'Pending', NULL, NULL),
(945, 419, 'Delivered', NULL, 340),
(946, 1197, 'Pending', '01:38:16', 42),
(947, 1852, 'Cancelled', '16:43:36', NULL),
(948, 1604, 'Delivered', NULL, NULL),
(949, 1929, 'Cancelled', '05:26:21', NULL),
(950, 210, 'Cancelled', '15:55:33', NULL),
(951, 697, 'Delivered', '21:51:49', 67),
(952, 1262, 'Pending', '02:32:21', 346),
(953, 1053, 'Cancelled', '12:58:33', NULL),
(954, 2317, 'Cancelled', NULL, 261),
(955, 1858, 'Pending', '18:40:55', 74),
(956, 2365, 'Cancelled', '05:00:47', NULL),
(957, 1234, 'Delivered', NULL, 386),
(958, 162, 'Pending', '15:31:47', 47),
(959, 117, 'Pending', '01:51:13', 480),
(960, 199, 'Delivered', '12:50:02', 280),
(961, 1962, 'Delivered', NULL, 8),
(962, 206, 'Cancelled', '21:39:20', 58),
(963, 1336, 'Delivered', NULL, 432),
(964, 653, 'Cancelled', NULL, 460),
(965, 1369, 'Cancelled', '01:00:14', 415),
(966, 1847, 'Pending', NULL, NULL),
(967, 147, 'Cancelled', NULL, NULL),
(968, 871, 'Cancelled', '06:08:22', NULL),
(969, 598, 'Cancelled', NULL, 58),
(970, 1978, 'Delivered', NULL, NULL),
(971, 1746, 'Delivered', '16:02:48', 5),
(972, 10, 'Pending', '16:40:33', NULL),
(973, 219, 'Pending', NULL, NULL),
(974, 1827, 'Pending', NULL, NULL),
(975, 943, 'Delivered', NULL, NULL),
(976, 16, 'Pending', '16:08:45', NULL),
(977, 2435, 'Cancelled', '05:13:11', NULL),
(978, 1981, 'Cancelled', '04:56:52', 453),
(979, 591, 'Delivered', '08:53:56', 97),
(980, 1544, 'Pending', '08:26:59', 116),
(981, 144, 'Delivered', NULL, NULL),
(982, 352, 'Delivered', NULL, 382),
(983, 203, 'Pending', '23:30:23', NULL),
(984, 948, 'Cancelled', '12:43:28', 408),
(985, 382, 'Pending', '21:06:27', NULL),
(986, 454, 'Cancelled', '12:34:43', 438),
(987, 1430, 'Pending', NULL, NULL),
(988, 1851, 'Pending', '09:55:24', 306),
(989, 1107, 'Cancelled', '09:45:32', NULL),
(990, 1652, 'Cancelled', '18:33:06', 32),
(991, 1776, 'Pending', '20:46:21', 365),
(992, 2339, 'Cancelled', NULL, 94),
(993, 1426, 'Pending', NULL, 475),
(994, 488, 'Pending', '06:30:19', NULL),
(995, 111, 'Pending', NULL, NULL),
(996, 1599, 'Pending', '20:58:16', 70),
(997, 217, 'Pending', '07:12:07', NULL),
(998, 1707, 'Delivered', NULL, 69),
(999, 190, 'Cancelled', '15:05:13', NULL),
(1000, 382, 'Cancelled', '20:34:46', 224),
(1001, 1707, 'Cancelled', '04:40:51', NULL),
(1002, 1450, 'Pending', NULL, NULL),
(1003, 2443, 'Cancelled', NULL, 336),
(1004, 2195, 'Pending', '23:40:23', 199),
(1005, 377, 'Cancelled', NULL, 189),
(1006, 2310, 'Pending', '12:37:01', NULL),
(1007, 682, 'Pending', '15:33:02', 204),
(1008, 1874, 'Pending', NULL, NULL),
(1009, 1951, 'Cancelled', NULL, 340),
(1010, 2222, 'Cancelled', NULL, NULL),
(1011, 2376, 'Cancelled', '01:03:29', 47),
(1012, 1488, 'Delivered', NULL, 497),
(1013, 1492, 'Pending', '09:04:47', NULL),
(1014, 2495, 'Pending', NULL, NULL),
(1015, 1781, 'Delivered', '17:39:33', 305),
(1016, 1955, 'Delivered', '19:49:40', 301),
(1017, 9, 'Delivered', '07:30:18', 434),
(1018, 1151, 'Pending', NULL, NULL),
(1019, 596, 'Delivered', '21:27:45', NULL),
(1020, 660, 'Pending', '21:18:59', NULL),
(1021, 953, 'Pending', NULL, 392),
(1022, 800, 'Cancelled', NULL, 57),
(1023, 1349, 'Cancelled', '10:31:19', NULL),
(1024, 170, 'Pending', NULL, NULL),
(1025, 1085, 'Delivered', NULL, 112),
(1026, 503, 'Delivered', '10:40:00', 396),
(1027, 298, 'Pending', '07:27:21', NULL),
(1028, 938, 'Pending', NULL, NULL),
(1029, 2086, 'Pending', NULL, 403),
(1030, 1377, 'Cancelled', NULL, 389),
(1031, 1787, 'Pending', '14:57:49', 247),
(1032, 432, 'Pending', '15:29:25', NULL),
(1033, 1247, 'Pending', '03:21:20', NULL),
(1034, 1697, 'Cancelled', NULL, 178),
(1035, 2393, 'Cancelled', NULL, NULL),
(1036, 1719, 'Delivered', '08:42:41', NULL),
(1037, 202, 'Delivered', NULL, NULL),
(1038, 400, 'Cancelled', NULL, 64),
(1039, 669, 'Cancelled', NULL, 442),
(1040, 2092, 'Delivered', '11:10:41', NULL),
(1041, 879, 'Pending', '13:41:35', NULL),
(1042, 1724, 'Delivered', NULL, 100),
(1043, 832, 'Pending', NULL, NULL),
(1044, 1760, 'Pending', NULL, 136),
(1045, 2180, 'Delivered', NULL, NULL),
(1046, 629, 'Delivered', '23:48:49', NULL),
(1047, 1898, 'Cancelled', NULL, NULL),
(1048, 982, 'Cancelled', '16:00:25', 325),
(1049, 1996, 'Delivered', '07:11:23', NULL),
(1050, 2470, 'Cancelled', NULL, NULL),
(1051, 2135, 'Cancelled', '03:20:12', 476),
(1052, 1601, 'Cancelled', '14:52:37', 183),
(1053, 701, 'Pending', '10:42:58', 166),
(1054, 2147, 'Cancelled', '12:01:14', NULL),
(1055, 2114, 'Pending', NULL, NULL),
(1056, 1748, 'Delivered', NULL, NULL),
(1057, 2331, 'Cancelled', '17:40:19', NULL),
(1058, 1455, 'Pending', NULL, NULL),
(1059, 67, 'Pending', '23:06:12', 387),
(1060, 2012, 'Delivered', NULL, NULL),
(1061, 1957, 'Delivered', NULL, NULL),
(1062, 626, 'Pending', '18:08:24', NULL),
(1063, 968, 'Pending', NULL, NULL),
(1064, 1448, 'Cancelled', '00:09:46', 403),
(1065, 92, 'Pending', '04:06:55', NULL),
(1066, 533, 'Cancelled', '18:14:23', NULL),
(1067, 247, 'Cancelled', '14:04:21', NULL),
(1068, 927, 'Pending', NULL, 48),
(1069, 2469, 'Delivered', NULL, 47),
(1070, 2464, 'Delivered', '19:01:00', NULL),
(1071, 2044, 'Pending', '02:10:56', NULL),
(1072, 1610, 'Delivered', '09:15:21', 227),
(1073, 522, 'Cancelled', '11:03:25', 98),
(1074, 1949, 'Pending', NULL, NULL),
(1075, 478, 'Pending', NULL, 70),
(1076, 952, 'Pending', NULL, 200),
(1077, 2190, 'Delivered', NULL, NULL),
(1078, 1910, 'Cancelled', NULL, 32),
(1079, 1259, 'Pending', '07:07:30', 139),
(1080, 857, 'Cancelled', NULL, 98),
(1081, 2247, 'Delivered', '17:11:47', 258),
(1082, 1688, 'Delivered', '10:21:14', 247),
(1083, 1807, 'Cancelled', '01:29:53', NULL),
(1084, 1834, 'Pending', '12:02:43', 244),
(1085, 1749, 'Delivered', '08:47:19', 284),
(1086, 1835, 'Pending', NULL, 108),
(1087, 497, 'Delivered', NULL, NULL),
(1088, 1731, 'Cancelled', NULL, 145),
(1089, 693, 'Pending', NULL, 218),
(1090, 136, 'Pending', '14:10:02', NULL),
(1091, 106, 'Delivered', '10:52:27', 138),
(1092, 1084, 'Pending', '15:00:53', 228),
(1093, 1225, 'Cancelled', NULL, 300),
(1094, 486, 'Pending', '18:58:59', NULL),
(1095, 1540, 'Delivered', NULL, NULL),
(1096, 26, 'Delivered', NULL, NULL),
(1097, 1349, 'Pending', NULL, 316),
(1098, 1784, 'Delivered', NULL, NULL),
(1099, 679, 'Pending', '21:59:22', NULL),
(1100, 2067, 'Cancelled', NULL, NULL),
(1101, 861, 'Cancelled', '12:28:41', NULL),
(1102, 1263, 'Cancelled', '13:32:16', NULL),
(1103, 1639, 'Delivered', '06:46:07', NULL),
(1104, 83, 'Delivered', NULL, NULL),
(1105, 2146, 'Pending', '10:31:26', NULL),
(1106, 1481, 'Delivered', '08:34:11', 126),
(1107, 672, 'Pending', '01:19:22', NULL),
(1108, 653, 'Pending', '19:57:42', NULL),
(1109, 1472, 'Delivered', '02:23:16', 321),
(1110, 191, 'Pending', NULL, NULL),
(1111, 584, 'Pending', '22:03:08', NULL),
(1112, 1685, 'Pending', '20:29:42', 35),
(1113, 1745, 'Delivered', NULL, NULL),
(1114, 1738, 'Cancelled', '23:31:42', 262),
(1115, 626, 'Cancelled', NULL, 63),
(1116, 1385, 'Cancelled', NULL, 36),
(1117, 983, 'Pending', NULL, 70),
(1118, 475, 'Cancelled', NULL, NULL),
(1119, 1786, 'Delivered', '10:44:19', NULL),
(1120, 2471, 'Cancelled', '14:34:50', NULL),
(1121, 1554, 'Pending', NULL, NULL),
(1122, 381, 'Delivered', NULL, NULL),
(1123, 396, 'Delivered', NULL, NULL),
(1124, 1879, 'Cancelled', '01:26:29', 404),
(1125, 396, 'Delivered', NULL, NULL),
(1126, 938, 'Cancelled', NULL, 14),
(1127, 2178, 'Delivered', '02:59:52', 261),
(1128, 790, 'Delivered', '20:31:30', 195),
(1129, 1174, 'Delivered', '12:54:02', NULL),
(1130, 759, 'Pending', '02:54:23', NULL),
(1131, 1406, 'Pending', '22:31:40', 451),
(1132, 1460, 'Delivered', '16:30:44', 424),
(1133, 2352, 'Cancelled', '08:28:01', 32),
(1134, 768, 'Cancelled', NULL, 370),
(1135, 779, 'Pending', NULL, NULL),
(1136, 998, 'Delivered', NULL, 3),
(1137, 1400, 'Delivered', '22:15:43', NULL),
(1138, 2124, 'Pending', NULL, 196),
(1139, 77, 'Pending', '22:38:50', 435),
(1140, 1241, 'Cancelled', NULL, NULL),
(1141, 1177, 'Cancelled', NULL, NULL),
(1142, 1887, 'Pending', '08:38:47', NULL),
(1143, 1408, 'Pending', NULL, NULL),
(1144, 1013, 'Cancelled', '12:21:15', 290),
(1145, 164, 'Cancelled', NULL, 5),
(1146, 646, 'Pending', NULL, 111),
(1147, 1975, 'Pending', '12:42:25', NULL),
(1148, 525, 'Cancelled', NULL, 132),
(1149, 983, 'Pending', '04:42:00', NULL),
(1150, 2051, 'Pending', NULL, NULL),
(1151, 1052, 'Cancelled', NULL, NULL),
(1152, 575, 'Delivered', '07:54:43', NULL),
(1153, 1960, 'Pending', '12:55:59', 75),
(1154, 234, 'Delivered', NULL, 224),
(1155, 927, 'Cancelled', '13:01:24', 153),
(1156, 805, 'Cancelled', NULL, NULL),
(1157, 1841, 'Delivered', NULL, NULL),
(1158, 238, 'Cancelled', NULL, 111),
(1159, 645, 'Delivered', NULL, NULL),
(1160, 1608, 'Cancelled', '01:38:51', 288),
(1161, 1250, 'Pending', '13:40:10', NULL),
(1162, 740, 'Pending', '17:46:58', 380),
(1163, 754, 'Pending', '13:52:59', 137),
(1164, 396, 'Cancelled', NULL, 260),
(1165, 1618, 'Delivered', '10:26:33', NULL),
(1166, 1818, 'Pending', '00:43:45', NULL),
(1167, 2442, 'Cancelled', NULL, NULL),
(1168, 2476, 'Pending', NULL, NULL),
(1169, 1038, 'Cancelled', '15:20:01', 462),
(1170, 1118, 'Cancelled', NULL, NULL),
(1171, 1775, 'Cancelled', NULL, 358),
(1172, 542, 'Pending', NULL, NULL),
(1173, 759, 'Cancelled', '23:35:17', 366),
(1174, 621, 'Pending', NULL, NULL),
(1175, 208, 'Delivered', NULL, 318),
(1176, 894, 'Delivered', '07:40:06', NULL),
(1177, 1167, 'Pending', NULL, NULL),
(1178, 5, 'Delivered', NULL, 94),
(1179, 2353, 'Cancelled', '12:03:04', NULL),
(1180, 904, 'Pending', '08:59:41', 93),
(1181, 1674, 'Cancelled', NULL, NULL),
(1182, 509, 'Pending', '14:58:18', 459),
(1183, 1109, 'Delivered', '16:22:51', 2),
(1184, 449, 'Cancelled', NULL, NULL),
(1185, 1841, 'Delivered', NULL, NULL),
(1186, 51, 'Cancelled', NULL, 439),
(1187, 1503, 'Delivered', NULL, NULL),
(1188, 128, 'Cancelled', NULL, NULL),
(1189, 922, 'Pending', NULL, 256),
(1190, 968, 'Pending', '22:19:44', NULL),
(1191, 400, 'Delivered', NULL, 47),
(1192, 2329, 'Cancelled', NULL, NULL),
(1193, 777, 'Delivered', '04:31:47', 81),
(1194, 2037, 'Pending', '05:06:02', 169),
(1195, 2339, 'Cancelled', '22:05:43', NULL),
(1196, 939, 'Cancelled', NULL, 479),
(1197, 800, 'Cancelled', '18:16:15', 330),
(1198, 1516, 'Pending', NULL, 145),
(1199, 1452, 'Cancelled', NULL, 171),
(1200, 1551, 'Cancelled', NULL, 468),
(1201, 43, 'Pending', '01:07:26', NULL),
(1202, 875, 'Pending', NULL, NULL),
(1203, 890, 'Pending', '21:47:12', 280),
(1204, 2097, 'Pending', NULL, 391),
(1205, 918, 'Pending', '13:00:12', NULL),
(1206, 1602, 'Pending', NULL, 90),
(1207, 1327, 'Pending', '16:03:31', 139),
(1208, 778, 'Delivered', '18:32:45', 478),
(1209, 1732, 'Pending', NULL, NULL),
(1210, 1677, 'Delivered', '16:00:38', 483),
(1211, 1963, 'Cancelled', '10:01:16', NULL),
(1212, 255, 'Delivered', NULL, 475),
(1213, 951, 'Pending', '07:18:35', NULL),
(1214, 622, 'Cancelled', NULL, NULL),
(1215, 310, 'Pending', NULL, NULL),
(1216, 2124, 'Pending', NULL, NULL),
(1217, 329, 'Pending', NULL, NULL),
(1218, 1018, 'Delivered', '19:50:10', 175),
(1219, 2121, 'Delivered', NULL, NULL),
(1220, 2354, 'Pending', NULL, 223),
(1221, 1476, 'Pending', '13:01:00', 108),
(1222, 728, 'Cancelled', '02:08:49', NULL),
(1223, 1664, 'Pending', '18:33:44', NULL),
(1224, 1887, 'Pending', '19:31:04', 76),
(1225, 1832, 'Pending', NULL, 19),
(1226, 1784, 'Pending', '10:33:32', NULL),
(1227, 1006, 'Pending', NULL, NULL),
(1228, 889, 'Pending', NULL, NULL),
(1229, 1848, 'Cancelled', '02:20:53', 223),
(1230, 1710, 'Cancelled', NULL, NULL),
(1231, 2399, 'Delivered', '14:15:45', 292),
(1232, 761, 'Cancelled', NULL, NULL),
(1233, 2217, 'Delivered', '17:13:58', NULL),
(1234, 945, 'Delivered', NULL, NULL),
(1235, 1163, 'Delivered', '04:51:04', NULL),
(1236, 1756, 'Cancelled', '10:40:14', 75),
(1237, 1389, 'Delivered', NULL, 64),
(1238, 1421, 'Delivered', '06:14:37', 310),
(1239, 1804, 'Cancelled', NULL, 496),
(1240, 891, 'Pending', '09:15:56', 51),
(1241, 1126, 'Pending', NULL, NULL),
(1242, 1513, 'Delivered', '00:26:16', NULL),
(1243, 2407, 'Pending', '16:36:25', NULL),
(1244, 761, 'Cancelled', NULL, NULL),
(1245, 358, 'Delivered', NULL, NULL),
(1246, 2241, 'Delivered', '15:00:23', 100),
(1247, 331, 'Delivered', NULL, 488),
(1248, 1887, 'Pending', '05:21:01', NULL),
(1249, 2015, 'Delivered', NULL, 243),
(1250, 823, 'Delivered', NULL, NULL),
(1251, 1774, 'Cancelled', '21:35:16', 461),
(1252, 41, 'Pending', NULL, NULL),
(1253, 766, 'Cancelled', NULL, 269),
(1254, 378, 'Pending', NULL, NULL),
(1255, 359, 'Delivered', '13:47:53', NULL),
(1256, 1429, 'Delivered', NULL, 104),
(1257, 2283, 'Cancelled', '01:19:15', NULL),
(1258, 768, 'Cancelled', '04:05:36', NULL),
(1259, 2022, 'Cancelled', '18:31:44', NULL),
(1260, 426, 'Cancelled', NULL, 202),
(1261, 994, 'Cancelled', '21:59:34', 55),
(1262, 858, 'Delivered', NULL, 8),
(1263, 522, 'Delivered', NULL, NULL),
(1264, 2317, 'Cancelled', '05:13:13', 223),
(1265, 1924, 'Cancelled', '12:22:57', 365),
(1266, 1899, 'Pending', NULL, NULL),
(1267, 1580, 'Cancelled', NULL, NULL),
(1268, 1333, 'Delivered', NULL, 201),
(1269, 1537, 'Cancelled', '23:54:34', 370),
(1270, 602, 'Pending', '10:00:27', NULL),
(1271, 166, 'Delivered', NULL, NULL),
(1272, 38, 'Cancelled', NULL, 231),
(1273, 1883, 'Delivered', '05:19:06', 120),
(1274, 837, 'Cancelled', '12:04:14', NULL),
(1275, 1999, 'Cancelled', '19:35:02', 69),
(1276, 1651, 'Pending', '06:11:14', 31),
(1277, 677, 'Cancelled', NULL, NULL),
(1278, 1226, 'Cancelled', NULL, 394),
(1279, 365, 'Cancelled', NULL, 340),
(1280, 1560, 'Delivered', '02:17:14', 493),
(1281, 1280, 'Pending', '00:42:11', 139),
(1282, 2160, 'Cancelled', '15:58:21', 366),
(1283, 1610, 'Pending', '16:19:12', 449),
(1284, 1299, 'Cancelled', NULL, 134),
(1285, 1040, 'Delivered', '19:29:31', NULL),
(1286, 1577, 'Delivered', '19:01:03', NULL),
(1287, 243, 'Delivered', '01:18:23', NULL),
(1288, 1932, 'Pending', NULL, NULL),
(1289, 1855, 'Delivered', NULL, NULL),
(1290, 2228, 'Pending', '01:24:27', NULL),
(1291, 320, 'Delivered', NULL, NULL),
(1292, 1880, 'Delivered', '21:05:38', 490),
(1293, 2465, 'Delivered', '22:57:59', NULL),
(1294, 1193, 'Cancelled', NULL, 479),
(1295, 2184, 'Delivered', NULL, 125),
(1296, 1840, 'Cancelled', NULL, NULL),
(1297, 876, 'Pending', NULL, NULL),
(1298, 999, 'Pending', '14:39:43', 291),
(1299, 2313, 'Cancelled', NULL, NULL),
(1300, 1308, 'Cancelled', '01:50:25', NULL),
(1301, 919, 'Cancelled', '16:20:24', 469),
(1302, 1136, 'Pending', NULL, NULL),
(1303, 64, 'Cancelled', '15:21:41', 235),
(1304, 906, 'Delivered', '15:48:18', NULL),
(1305, 1792, 'Cancelled', '01:01:16', NULL),
(1306, 2143, 'Delivered', '14:04:19', 133),
(1307, 315, 'Cancelled', NULL, NULL),
(1308, 1021, 'Pending', NULL, NULL),
(1309, 1062, 'Delivered', '04:14:07', 357),
(1310, 2259, 'Cancelled', '13:05:43', NULL),
(1311, 824, 'Cancelled', '02:42:57', NULL),
(1312, 1579, 'Pending', '09:35:38', NULL),
(1313, 1733, 'Pending', '19:03:17', NULL),
(1314, 829, 'Delivered', NULL, NULL),
(1315, 1437, 'Cancelled', '00:21:59', NULL),
(1316, 1396, 'Pending', NULL, 421),
(1317, 1185, 'Delivered', '01:05:49', 356),
(1318, 2124, 'Delivered', NULL, 437),
(1319, 2343, 'Cancelled', NULL, NULL),
(1320, 2178, 'Cancelled', '11:13:01', NULL),
(1321, 236, 'Cancelled', '03:03:32', NULL),
(1322, 2275, 'Delivered', '04:12:32', 155),
(1323, 92, 'Pending', NULL, 235),
(1324, 2471, 'Delivered', '23:45:28', 52),
(1325, 518, 'Cancelled', NULL, 73),
(1326, 1519, 'Pending', NULL, 251),
(1327, 1806, 'Pending', NULL, NULL),
(1328, 160, 'Pending', NULL, NULL),
(1329, 611, 'Pending', NULL, NULL),
(1330, 337, 'Delivered', '05:28:44', 253),
(1331, 1027, 'Cancelled', '18:51:56', NULL),
(1332, 942, 'Cancelled', NULL, 8),
(1333, 184, 'Delivered', NULL, NULL),
(1334, 963, 'Delivered', '05:27:01', 147),
(1335, 1447, 'Pending', NULL, 40),
(1336, 1003, 'Cancelled', NULL, NULL),
(1337, 2447, 'Cancelled', NULL, NULL),
(1338, 2436, 'Cancelled', NULL, NULL),
(1339, 2040, 'Cancelled', '21:21:07', NULL),
(1340, 757, 'Pending', '04:32:13', 330),
(1341, 1369, 'Cancelled', NULL, 447),
(1342, 714, 'Pending', NULL, 465),
(1343, 576, 'Delivered', '21:40:00', 5),
(1344, 456, 'Delivered', NULL, NULL),
(1345, 1364, 'Cancelled', '22:53:38', NULL),
(1346, 697, 'Cancelled', NULL, NULL),
(1347, 2065, 'Cancelled', '09:01:20', 198),
(1348, 147, 'Pending', NULL, NULL),
(1349, 1173, 'Pending', NULL, 174),
(1350, 1970, 'Pending', NULL, 70),
(1351, 345, 'Pending', '10:45:55', 30),
(1352, 781, 'Pending', NULL, NULL),
(1353, 178, 'Delivered', NULL, NULL),
(1354, 1760, 'Delivered', '05:12:57', 305),
(1355, 642, 'Pending', NULL, NULL),
(1356, 1739, 'Cancelled', NULL, NULL),
(1357, 1531, 'Cancelled', NULL, NULL),
(1358, 1879, 'Pending', '21:35:57', 444),
(1359, 2032, 'Delivered', NULL, NULL),
(1360, 643, 'Delivered', '07:54:10', 325),
(1361, 1238, 'Delivered', NULL, NULL),
(1362, 1228, 'Delivered', NULL, NULL),
(1363, 2079, 'Cancelled', NULL, NULL),
(1364, 2039, 'Delivered', NULL, NULL),
(1365, 2099, 'Pending', NULL, 184),
(1366, 2180, 'Cancelled', '05:16:43', NULL),
(1367, 1656, 'Cancelled', '01:35:24', NULL),
(1368, 1353, 'Delivered', '11:11:59', NULL),
(1369, 2006, 'Cancelled', NULL, NULL),
(1370, 1842, 'Pending', '01:32:29', NULL),
(1371, 103, 'Pending', '05:52:58', NULL),
(1372, 1711, 'Cancelled', '08:37:21', NULL),
(1373, 454, 'Pending', NULL, 252),
(1374, 672, 'Cancelled', NULL, NULL),
(1375, 429, 'Pending', NULL, NULL),
(1376, 831, 'Delivered', '16:29:52', NULL),
(1377, 1569, 'Pending', NULL, 87),
(1378, 779, 'Cancelled', NULL, 417),
(1379, 1077, 'Cancelled', '05:18:34', NULL),
(1380, 2396, 'Cancelled', '02:24:42', 26),
(1381, 2303, 'Cancelled', NULL, NULL),
(1382, 818, 'Delivered', '01:37:55', NULL),
(1383, 324, 'Cancelled', NULL, NULL),
(1384, 2305, 'Pending', NULL, NULL),
(1385, 1840, 'Pending', '14:12:14', 81),
(1386, 925, 'Cancelled', '04:58:28', NULL),
(1387, 2441, 'Delivered', '01:29:37', NULL),
(1388, 419, 'Pending', NULL, NULL),
(1389, 268, 'Cancelled', NULL, NULL),
(1390, 858, 'Pending', '11:00:18', NULL),
(1391, 1415, 'Pending', '03:58:58', 15),
(1392, 446, 'Pending', '17:12:42', 190),
(1393, 1151, 'Pending', '22:25:32', NULL),
(1394, 464, 'Delivered', '18:17:39', 440),
(1395, 94, 'Cancelled', NULL, NULL),
(1396, 2376, 'Cancelled', NULL, 15),
(1397, 830, 'Delivered', NULL, 108),
(1398, 341, 'Delivered', NULL, 269),
(1399, 967, 'Pending', NULL, NULL),
(1400, 917, 'Delivered', NULL, NULL),
(1401, 2221, 'Cancelled', NULL, NULL),
(1402, 1375, 'Pending', '04:36:52', NULL),
(1403, 723, 'Delivered', '00:21:05', 482),
(1404, 2190, 'Pending', NULL, 19),
(1405, 126, 'Pending', NULL, 167),
(1406, 1219, 'Delivered', '02:19:44', NULL),
(1407, 238, 'Cancelled', '10:17:38', 73),
(1408, 2295, 'Pending', '21:38:54', 460),
(1409, 1270, 'Delivered', '23:58:57', NULL),
(1410, 831, 'Pending', NULL, NULL),
(1411, 336, 'Cancelled', '01:17:35', 253),
(1412, 1815, 'Pending', NULL, NULL),
(1413, 1376, 'Cancelled', NULL, NULL),
(1414, 1090, 'Cancelled', NULL, 4),
(1415, 89, 'Delivered', '04:19:06', 268),
(1416, 1255, 'Delivered', '16:25:26', NULL),
(1417, 1712, 'Cancelled', NULL, NULL),
(1418, 1403, 'Pending', NULL, 214),
(1419, 1985, 'Pending', '01:21:23', NULL),
(1420, 141, 'Pending', '07:18:05', NULL),
(1421, 1575, 'Delivered', '04:19:04', NULL),
(1422, 917, 'Pending', '21:26:53', 427),
(1423, 390, 'Pending', '23:18:04', 151),
(1424, 258, 'Pending', '18:37:40', 205),
(1425, 96, 'Pending', NULL, 49),
(1426, 2362, 'Cancelled', NULL, 171),
(1427, 1003, 'Delivered', NULL, NULL),
(1428, 93, 'Cancelled', NULL, 223),
(1429, 1848, 'Cancelled', NULL, 315),
(1430, 1847, 'Pending', NULL, 331),
(1431, 182, 'Delivered', NULL, NULL),
(1432, 906, 'Cancelled', '17:22:22', 82),
(1433, 2042, 'Cancelled', '13:27:06', 455),
(1434, 918, 'Delivered', NULL, 311),
(1435, 1525, 'Delivered', '05:49:50', NULL),
(1436, 1707, 'Pending', NULL, 293),
(1437, 1852, 'Cancelled', '04:59:28', NULL),
(1438, 1714, 'Cancelled', NULL, 36),
(1439, 1436, 'Delivered', NULL, 65),
(1440, 1246, 'Cancelled', '18:28:32', 173),
(1441, 283, 'Cancelled', NULL, NULL),
(1442, 2415, 'Pending', '07:47:31', 448),
(1443, 414, 'Cancelled', '03:17:31', 22),
(1444, 221, 'Delivered', '21:12:48', NULL),
(1445, 488, 'Pending', NULL, NULL),
(1446, 743, 'Cancelled', '10:20:49', 362),
(1447, 1760, 'Delivered', '22:12:31', 285),
(1448, 1918, 'Pending', '06:54:02', 75),
(1449, 1788, 'Delivered', '16:13:21', 500),
(1450, 2261, 'Cancelled', NULL, 433),
(1451, 1057, 'Pending', NULL, 289),
(1452, 158, 'Delivered', '12:20:21', NULL),
(1453, 1514, 'Cancelled', NULL, 367),
(1454, 326, 'Pending', NULL, 216),
(1455, 678, 'Delivered', NULL, NULL),
(1456, 2073, 'Delivered', '17:20:35', 197),
(1457, 538, 'Pending', NULL, NULL),
(1458, 62, 'Delivered', NULL, NULL),
(1459, 1131, 'Delivered', '17:19:13', 68),
(1460, 1794, 'Delivered', '00:19:41', NULL),
(1461, 1337, 'Cancelled', '00:04:56', NULL),
(1462, 88, 'Cancelled', NULL, 90),
(1463, 1164, 'Delivered', NULL, NULL),
(1464, 2402, 'Delivered', NULL, 342),
(1465, 594, 'Delivered', '07:08:20', 100),
(1466, 1135, 'Delivered', '08:49:53', NULL),
(1467, 1932, 'Delivered', '05:55:07', 481),
(1468, 1294, 'Cancelled', '02:03:26', 135),
(1469, 736, 'Delivered', '14:23:58', 186),
(1470, 1678, 'Cancelled', NULL, NULL),
(1471, 552, 'Cancelled', '19:47:50', NULL),
(1472, 79, 'Delivered', NULL, NULL),
(1473, 1660, 'Pending', NULL, NULL),
(1474, 1572, 'Delivered', NULL, NULL),
(1475, 914, 'Delivered', NULL, NULL),
(1476, 60, 'Delivered', '13:10:43', 354),
(1477, 568, 'Pending', NULL, NULL),
(1478, 1534, 'Delivered', NULL, NULL),
(1479, 1252, 'Pending', '20:55:47', 160),
(1480, 2439, 'Cancelled', NULL, NULL),
(1481, 1950, 'Cancelled', '13:57:06', NULL),
(1482, 1912, 'Cancelled', NULL, 125),
(1483, 1081, 'Delivered', NULL, 379),
(1484, 1181, 'Pending', '06:23:46', 35),
(1485, 1588, 'Cancelled', '01:38:23', NULL),
(1486, 150, 'Pending', NULL, NULL),
(1487, 1607, 'Cancelled', '14:27:21', NULL),
(1488, 2108, 'Delivered', NULL, 431),
(1489, 468, 'Pending', NULL, NULL),
(1490, 1513, 'Cancelled', NULL, 66),
(1491, 1002, 'Delivered', '20:42:35', 203),
(1492, 949, 'Cancelled', '02:35:05', 155),
(1493, 582, 'Delivered', NULL, NULL),
(1494, 991, 'Cancelled', NULL, 242),
(1495, 2333, 'Delivered', NULL, NULL),
(1496, 2425, 'Delivered', NULL, 66),
(1497, 784, 'Pending', '00:54:28', NULL),
(1498, 436, 'Delivered', '04:30:57', 36),
(1499, 1955, 'Cancelled', '10:37:15', 300),
(1500, 238, 'Delivered', '22:21:15', NULL),
(1501, 70, 'Pending', NULL, NULL),
(1502, 2177, 'Delivered', '08:44:42', NULL),
(1503, 998, 'Pending', NULL, 285),
(1504, 699, 'Pending', '16:41:04', NULL),
(1505, 1458, 'Delivered', '17:52:39', 226),
(1506, 1751, 'Delivered', '15:03:31', 201),
(1507, 2241, 'Pending', '01:41:03', 37),
(1508, 2431, 'Pending', NULL, NULL),
(1509, 2199, 'Delivered', NULL, NULL),
(1510, 2215, 'Cancelled', '21:11:12', NULL),
(1511, 1410, 'Pending', '21:38:47', NULL),
(1512, 634, 'Delivered', NULL, NULL),
(1513, 2010, 'Delivered', NULL, NULL),
(1514, 2076, 'Pending', NULL, NULL),
(1515, 1687, 'Pending', '03:40:57', 53),
(1516, 2373, 'Delivered', '21:47:33', NULL),
(1517, 1829, 'Pending', NULL, NULL),
(1518, 1840, 'Pending', '07:59:28', 122),
(1519, 699, 'Cancelled', NULL, 31),
(1520, 1489, 'Cancelled', NULL, NULL),
(1521, 1187, 'Cancelled', NULL, NULL),
(1522, 1744, 'Pending', NULL, NULL),
(1523, 958, 'Delivered', '06:27:46', NULL),
(1524, 1396, 'Cancelled', NULL, 295),
(1525, 696, 'Pending', NULL, 90),
(1526, 704, 'Pending', NULL, NULL),
(1527, 23, 'Delivered', NULL, 273),
(1528, 737, 'Cancelled', '02:00:31', NULL),
(1529, 1174, 'Delivered', '17:50:00', 219),
(1530, 1645, 'Delivered', NULL, NULL),
(1531, 257, 'Pending', NULL, 301),
(1532, 463, 'Delivered', NULL, 453),
(1533, 525, 'Delivered', NULL, NULL),
(1534, 1560, 'Pending', NULL, NULL),
(1535, 1452, 'Cancelled', NULL, 422),
(1536, 261, 'Cancelled', '22:20:51', 53),
(1537, 2103, 'Cancelled', '07:41:25', 210),
(1538, 1239, 'Cancelled', NULL, 369),
(1539, 1434, 'Pending', NULL, 423),
(1540, 1387, 'Cancelled', '20:26:38', 343),
(1541, 2341, 'Delivered', NULL, NULL),
(1542, 1261, 'Cancelled', NULL, 446),
(1543, 1586, 'Delivered', NULL, NULL),
(1544, 2072, 'Pending', NULL, NULL),
(1545, 464, 'Delivered', NULL, NULL),
(1546, 2343, 'Pending', NULL, 276),
(1547, 873, 'Cancelled', '07:41:16', 316),
(1548, 2404, 'Pending', '12:36:32', NULL),
(1549, 287, 'Delivered', '07:58:06', 454),
(1550, 1143, 'Pending', '21:15:25', 390),
(1551, 1018, 'Pending', NULL, 283),
(1552, 1828, 'Cancelled', NULL, 274),
(1553, 1287, 'Pending', '09:55:57', NULL),
(1554, 1708, 'Delivered', '00:48:35', 60),
(1555, 2260, 'Cancelled', '05:37:34', 198),
(1556, 2349, 'Cancelled', NULL, 459),
(1557, 501, 'Delivered', NULL, 268),
(1558, 303, 'Cancelled', '06:21:36', NULL),
(1559, 1135, 'Delivered', NULL, 215),
(1560, 2126, 'Delivered', NULL, 126),
(1561, 1084, 'Pending', '21:35:11', NULL),
(1562, 841, 'Delivered', '16:18:47', NULL),
(1563, 185, 'Pending', '23:03:02', NULL),
(1564, 2040, 'Cancelled', NULL, 166),
(1565, 1678, 'Cancelled', NULL, NULL),
(1566, 334, 'Delivered', NULL, 113),
(1567, 75, 'Delivered', '18:37:31', 66),
(1568, 16, 'Pending', NULL, 349),
(1569, 1147, 'Delivered', '21:01:07', 284),
(1570, 1495, 'Pending', '02:53:44', 176),
(1571, 193, 'Delivered', NULL, NULL),
(1572, 138, 'Delivered', '20:23:01', NULL),
(1573, 780, 'Cancelled', '10:56:10', 332),
(1574, 2121, 'Pending', '01:35:37', NULL),
(1575, 1398, 'Pending', NULL, 178),
(1576, 407, 'Pending', '19:49:20', 228),
(1577, 1301, 'Cancelled', NULL, 280),
(1578, 318, 'Cancelled', '18:49:31', 41),
(1579, 2439, 'Cancelled', NULL, 187),
(1580, 1582, 'Pending', NULL, 369),
(1581, 1246, 'Cancelled', NULL, NULL),
(1582, 2244, 'Cancelled', '19:34:11', 324),
(1583, 1733, 'Pending', NULL, NULL),
(1584, 915, 'Delivered', '05:17:31', 107),
(1585, 204, 'Delivered', '07:33:44', NULL),
(1586, 1226, 'Delivered', NULL, 362),
(1587, 338, 'Pending', NULL, 194),
(1588, 2250, 'Cancelled', NULL, 499),
(1589, 2196, 'Pending', NULL, 336),
(1590, 620, 'Delivered', NULL, 124),
(1591, 222, 'Cancelled', '13:56:42', 379),
(1592, 404, 'Cancelled', NULL, NULL),
(1593, 1308, 'Delivered', '23:39:02', NULL),
(1594, 1131, 'Pending', '11:49:31', 253),
(1595, 2350, 'Cancelled', NULL, NULL),
(1596, 1962, 'Cancelled', '01:06:59', 271),
(1597, 2301, 'Pending', '05:30:04', NULL),
(1598, 1643, 'Pending', '22:40:43', 446),
(1599, 1582, 'Cancelled', NULL, NULL),
(1600, 398, 'Cancelled', '05:31:58', 51),
(1601, 22, 'Pending', NULL, 109),
(1602, 1604, 'Cancelled', '12:46:23', NULL),
(1603, 2075, 'Pending', '18:33:25', NULL),
(1604, 2373, 'Delivered', NULL, NULL),
(1605, 1525, 'Pending', '11:30:29', NULL),
(1606, 1428, 'Cancelled', '05:27:08', NULL),
(1607, 1124, 'Cancelled', '18:06:13', NULL),
(1608, 2343, 'Pending', '02:26:32', 144),
(1609, 2424, 'Cancelled', '22:29:19', 174),
(1610, 2198, 'Delivered', NULL, NULL),
(1611, 463, 'Delivered', NULL, NULL),
(1612, 1424, 'Cancelled', '20:10:39', NULL),
(1613, 483, 'Pending', '13:24:02', NULL),
(1614, 958, 'Pending', '19:29:22', 396),
(1615, 19, 'Pending', '19:04:48', NULL),
(1616, 1465, 'Delivered', '12:14:23', 418),
(1617, 714, 'Cancelled', NULL, NULL),
(1618, 2170, 'Delivered', '01:01:30', 43),
(1619, 41, 'Cancelled', '17:27:25', NULL),
(1620, 75, 'Delivered', '15:42:43', 46),
(1621, 519, 'Cancelled', NULL, 103),
(1622, 2478, 'Cancelled', '03:39:41', 36),
(1623, 2040, 'Delivered', NULL, NULL),
(1624, 1496, 'Pending', NULL, 454),
(1625, 1129, 'Delivered', NULL, NULL),
(1626, 1119, 'Cancelled', '12:58:01', 165),
(1627, 386, 'Cancelled', '17:32:45', NULL),
(1628, 2204, 'Cancelled', NULL, NULL),
(1629, 2078, 'Pending', NULL, NULL),
(1630, 1734, 'Pending', NULL, NULL),
(1631, 157, 'Delivered', NULL, 109),
(1632, 1879, 'Delivered', '00:56:36', 24),
(1633, 1862, 'Cancelled', '22:00:04', NULL),
(1634, 1464, 'Cancelled', NULL, NULL),
(1635, 977, 'Pending', '11:37:23', 39),
(1636, 1343, 'Pending', NULL, 30),
(1637, 950, 'Pending', '21:14:30', NULL),
(1638, 305, 'Pending', NULL, 236),
(1639, 2446, 'Pending', NULL, NULL),
(1640, 505, 'Cancelled', '05:11:40', NULL),
(1641, 595, 'Cancelled', '04:13:18', 186),
(1642, 1238, 'Pending', '03:48:27', NULL),
(1643, 680, 'Pending', NULL, 60),
(1644, 81, 'Pending', '19:33:50', 385),
(1645, 370, 'Cancelled', '09:20:27', NULL),
(1646, 5, 'Pending', NULL, NULL),
(1647, 317, 'Pending', NULL, NULL),
(1648, 427, 'Pending', NULL, 295),
(1649, 2327, 'Pending', NULL, 460),
(1650, 1726, 'Cancelled', NULL, 107),
(1651, 1445, 'Pending', NULL, 327),
(1652, 684, 'Cancelled', NULL, 355),
(1653, 110, 'Cancelled', '03:29:27', NULL),
(1654, 1036, 'Pending', NULL, NULL),
(1655, 2473, 'Pending', NULL, 211),
(1656, 374, 'Pending', '18:10:35', NULL),
(1657, 1001, 'Pending', '13:22:12', 460),
(1658, 1803, 'Delivered', '13:03:43', 150),
(1659, 1352, 'Cancelled', '07:23:06', 218),
(1660, 2322, 'Cancelled', '17:29:30', 359),
(1661, 496, 'Cancelled', '19:51:05', 251),
(1662, 1907, 'Cancelled', NULL, 38),
(1663, 409, 'Cancelled', NULL, NULL),
(1664, 2110, 'Pending', NULL, 331),
(1665, 259, 'Cancelled', '05:25:54', NULL),
(1666, 2440, 'Cancelled', NULL, NULL),
(1667, 1920, 'Delivered', NULL, 337),
(1668, 1998, 'Delivered', '11:58:45', 345),
(1669, 1523, 'Delivered', NULL, NULL),
(1670, 2392, 'Pending', NULL, 289),
(1671, 1580, 'Pending', NULL, NULL),
(1672, 884, 'Delivered', NULL, 87),
(1673, 761, 'Pending', '21:34:33', 247),
(1674, 144, 'Cancelled', NULL, 61),
(1675, 1264, 'Cancelled', '03:52:22', NULL),
(1676, 235, 'Cancelled', NULL, 476),
(1677, 351, 'Delivered', '22:02:48', NULL),
(1678, 2419, 'Pending', NULL, NULL),
(1679, 2482, 'Delivered', '02:38:00', NULL),
(1680, 122, 'Pending', NULL, 279),
(1681, 2325, 'Cancelled', '14:34:37', 51),
(1682, 101, 'Delivered', NULL, NULL),
(1683, 1292, 'Pending', NULL, 451),
(1684, 1827, 'Delivered', '21:42:10', 146),
(1685, 580, 'Delivered', NULL, 178),
(1686, 1008, 'Cancelled', NULL, 180),
(1687, 1823, 'Delivered', '17:21:34', NULL),
(1688, 1152, 'Cancelled', NULL, NULL),
(1689, 174, 'Delivered', NULL, 172),
(1690, 1054, 'Pending', NULL, NULL),
(1691, 1450, 'Delivered', NULL, NULL),
(1692, 2083, 'Cancelled', NULL, NULL),
(1693, 671, 'Cancelled', NULL, NULL),
(1694, 2071, 'Cancelled', '10:52:14', 346),
(1695, 1585, 'Delivered', NULL, NULL),
(1696, 2123, 'Pending', '08:47:35', NULL),
(1697, 1976, 'Pending', NULL, NULL),
(1698, 1168, 'Pending', NULL, NULL),
(1699, 284, 'Delivered', '02:36:21', 263),
(1700, 862, 'Delivered', '22:55:44', NULL),
(1701, 846, 'Delivered', '07:38:18', 372),
(1702, 1590, 'Pending', NULL, NULL),
(1703, 1638, 'Delivered', NULL, 271),
(1704, 1961, 'Delivered', '19:24:05', NULL),
(1705, 325, 'Delivered', NULL, NULL),
(1706, 2139, 'Delivered', NULL, NULL),
(1707, 1576, 'Delivered', '21:25:00', 374),
(1708, 252, 'Pending', NULL, NULL),
(1709, 585, 'Cancelled', NULL, NULL),
(1710, 10, 'Cancelled', NULL, 76),
(1711, 2439, 'Pending', '20:24:50', 366),
(1712, 2308, 'Pending', NULL, NULL),
(1713, 475, 'Cancelled', '01:40:55', NULL),
(1714, 190, 'Pending', NULL, 382),
(1715, 822, 'Pending', NULL, 379),
(1716, 569, 'Delivered', '06:06:32', 420),
(1717, 1242, 'Pending', '17:36:32', NULL),
(1718, 135, 'Delivered', '19:36:23', 455),
(1719, 2010, 'Delivered', '17:35:21', 435),
(1720, 1123, 'Cancelled', '12:55:48', NULL),
(1721, 1721, 'Cancelled', NULL, 200),
(1722, 176, 'Delivered', '04:29:50', NULL),
(1723, 2248, 'Pending', '18:33:55', NULL),
(1724, 1283, 'Delivered', NULL, 112),
(1725, 1461, 'Delivered', '21:03:48', 348),
(1726, 502, 'Delivered', '09:10:41', NULL),
(1727, 1809, 'Pending', '14:44:22', 419),
(1728, 1164, 'Pending', '06:19:11', NULL),
(1729, 1428, 'Pending', '17:22:17', 285),
(1730, 523, 'Delivered', '13:44:29', 8),
(1731, 2321, 'Cancelled', NULL, NULL),
(1732, 2184, 'Pending', NULL, 104),
(1733, 220, 'Cancelled', '05:32:05', 387),
(1734, 2190, 'Delivered', '07:48:43', 116),
(1735, 1862, 'Cancelled', '18:03:19', NULL),
(1736, 76, 'Pending', NULL, NULL),
(1737, 2469, 'Cancelled', '23:00:32', 430),
(1738, 585, 'Cancelled', NULL, NULL),
(1739, 340, 'Delivered', '02:00:52', 363),
(1740, 1708, 'Cancelled', '14:36:57', NULL),
(1741, 1702, 'Cancelled', '07:03:16', NULL),
(1742, 2002, 'Pending', '10:55:30', NULL),
(1743, 2340, 'Pending', NULL, NULL),
(1744, 672, 'Cancelled', '03:36:02', 90),
(1745, 255, 'Cancelled', '16:26:55', 279),
(1746, 1993, 'Cancelled', '13:59:23', NULL),
(1747, 1545, 'Delivered', '19:11:31', 371),
(1748, 1738, 'Pending', '08:56:18', NULL),
(1749, 806, 'Cancelled', '19:14:20', NULL),
(1750, 1360, 'Delivered', '05:10:19', 490),
(1751, 1768, 'Cancelled', NULL, 410),
(1752, 1699, 'Pending', '19:07:56', NULL),
(1753, 1027, 'Cancelled', '23:02:39', 247),
(1754, 1727, 'Cancelled', NULL, 169),
(1755, 2379, 'Delivered', NULL, NULL),
(1756, 1566, 'Cancelled', NULL, 126),
(1757, 1864, 'Cancelled', NULL, 107),
(1758, 821, 'Pending', '07:39:01', 242),
(1759, 918, 'Delivered', NULL, 439),
(1760, 65, 'Pending', NULL, 162),
(1761, 1567, 'Delivered', '01:00:41', NULL),
(1762, 1062, 'Pending', NULL, NULL),
(1763, 1903, 'Delivered', '23:35:48', NULL),
(1764, 1295, 'Cancelled', '00:31:40', NULL),
(1765, 85, 'Delivered', '20:31:27', NULL),
(1766, 2103, 'Delivered', '12:33:10', 449),
(1767, 1397, 'Pending', NULL, 451),
(1768, 1699, 'Delivered', NULL, 111),
(1769, 61, 'Delivered', NULL, 21),
(1770, 912, 'Delivered', '22:00:20', NULL),
(1771, 1197, 'Pending', NULL, NULL),
(1772, 1648, 'Pending', NULL, 286),
(1773, 313, 'Pending', '07:51:08', 472),
(1774, 1873, 'Pending', '01:22:38', NULL),
(1775, 1379, 'Pending', '18:00:39', 377),
(1776, 1308, 'Pending', NULL, NULL),
(1777, 550, 'Delivered', NULL, 300),
(1778, 1111, 'Pending', '19:29:48', 296),
(1779, 482, 'Pending', '08:07:28', 494),
(1780, 2056, 'Pending', NULL, 186),
(1781, 74, 'Delivered', '15:07:46', NULL),
(1782, 2151, 'Cancelled', NULL, NULL),
(1783, 1630, 'Pending', NULL, NULL),
(1784, 700, 'Cancelled', NULL, NULL),
(1785, 1692, 'Cancelled', NULL, NULL),
(1786, 160, 'Pending', '17:16:07', 444),
(1787, 341, 'Pending', '17:18:39', NULL),
(1788, 459, 'Delivered', '01:29:12', 405),
(1789, 2463, 'Cancelled', NULL, NULL),
(1790, 765, 'Cancelled', NULL, NULL),
(1791, 2480, 'Pending', NULL, 423),
(1792, 1814, 'Cancelled', '02:03:38', 156),
(1793, 1429, 'Pending', '23:50:51', NULL),
(1794, 623, 'Pending', NULL, NULL),
(1795, 1413, 'Pending', NULL, NULL),
(1796, 1157, 'Delivered', NULL, 335),
(1797, 442, 'Pending', NULL, NULL),
(1798, 1490, 'Pending', NULL, 397),
(1799, 2226, 'Delivered', NULL, NULL),
(1800, 2327, 'Delivered', NULL, NULL),
(1801, 1267, 'Cancelled', '06:54:12', 152),
(1802, 2266, 'Cancelled', NULL, 108),
(1803, 1729, 'Pending', '17:51:17', NULL),
(1804, 630, 'Delivered', NULL, NULL),
(1805, 1931, 'Delivered', '09:12:05', NULL),
(1806, 388, 'Cancelled', NULL, 246),
(1807, 33, 'Cancelled', '14:15:18', NULL),
(1808, 681, 'Delivered', '17:56:33', NULL),
(1809, 2119, 'Pending', '21:42:57', 198),
(1810, 2304, 'Cancelled', '22:24:24', NULL),
(1811, 1702, 'Delivered', '21:14:57', NULL),
(1812, 1159, 'Pending', NULL, 112),
(1813, 1566, 'Cancelled', NULL, NULL),
(1814, 288, 'Cancelled', '23:56:41', NULL),
(1815, 565, 'Cancelled', NULL, 345),
(1816, 251, 'Pending', NULL, 58),
(1817, 137, 'Pending', NULL, NULL),
(1818, 1232, 'Delivered', '09:19:26', 345),
(1819, 1637, 'Delivered', '21:02:00', 256),
(1820, 2377, 'Delivered', '20:52:37', NULL),
(1821, 259, 'Delivered', '12:00:17', 369),
(1822, 1130, 'Cancelled', '22:24:37', 200),
(1823, 2087, 'Cancelled', '05:55:22', 195),
(1824, 1112, 'Delivered', '00:30:59', NULL),
(1825, 725, 'Cancelled', NULL, NULL),
(1826, 1378, 'Delivered', NULL, 419),
(1827, 2213, 'Pending', '12:31:08', NULL),
(1828, 1143, 'Delivered', '19:20:36', 473),
(1829, 1471, 'Pending', '06:02:01', 158),
(1830, 1990, 'Pending', NULL, 146),
(1831, 539, 'Cancelled', '07:17:14', 284),
(1832, 707, 'Cancelled', NULL, NULL),
(1833, 1435, 'Delivered', NULL, NULL),
(1834, 756, 'Pending', '15:11:31', 224),
(1835, 2155, 'Cancelled', '04:22:47', NULL),
(1836, 1450, 'Delivered', NULL, NULL),
(1837, 1361, 'Cancelled', '09:53:55', 453),
(1838, 2143, 'Delivered', NULL, NULL),
(1839, 301, 'Pending', '12:54:42', NULL),
(1840, 2368, 'Delivered', '13:44:33', 105),
(1841, 186, 'Cancelled', NULL, NULL),
(1842, 291, 'Delivered', '12:57:37', 126),
(1843, 145, 'Pending', NULL, 172),
(1844, 1685, 'Pending', '19:51:21', NULL),
(1845, 1724, 'Delivered', NULL, NULL),
(1846, 1480, 'Cancelled', NULL, 171),
(1847, 2055, 'Pending', '21:14:08', NULL),
(1848, 2433, 'Pending', '05:54:14', NULL),
(1849, 2005, 'Delivered', NULL, NULL),
(1850, 1626, 'Pending', NULL, NULL),
(1851, 110, 'Delivered', NULL, NULL),
(1852, 98, 'Cancelled', NULL, NULL),
(1853, 1794, 'Cancelled', '14:40:37', NULL),
(1854, 1772, 'Delivered', NULL, 170),
(1855, 1070, 'Pending', '03:02:13', NULL),
(1856, 2413, 'Cancelled', NULL, 358),
(1857, 1613, 'Pending', NULL, NULL),
(1858, 745, 'Pending', NULL, 224),
(1859, 1638, 'Pending', NULL, 75),
(1860, 284, 'Cancelled', NULL, NULL),
(1861, 1874, 'Cancelled', '12:05:34', NULL),
(1862, 11, 'Cancelled', NULL, NULL),
(1863, 737, 'Cancelled', NULL, 402),
(1864, 1459, 'Cancelled', '15:33:28', 84),
(1865, 1464, 'Cancelled', NULL, 95),
(1866, 548, 'Cancelled', '03:58:25', NULL),
(1867, 792, 'Cancelled', NULL, 103),
(1868, 521, 'Delivered', '19:25:32', 160),
(1869, 339, 'Delivered', NULL, 212),
(1870, 1600, 'Delivered', '02:43:56', 322),
(1871, 1507, 'Delivered', NULL, 488),
(1872, 2303, 'Pending', NULL, 237),
(1873, 744, 'Pending', NULL, 462),
(1874, 1490, 'Delivered', '21:00:50', 217),
(1875, 1444, 'Pending', '06:06:33', 137),
(1876, 672, 'Delivered', NULL, 244),
(1877, 250, 'Cancelled', '04:41:05', NULL),
(1878, 1355, 'Delivered', '19:08:33', 400),
(1879, 1808, 'Cancelled', '15:08:23', 213),
(1880, 1604, 'Cancelled', '21:48:09', 465),
(1881, 2451, 'Cancelled', NULL, NULL),
(1882, 1938, 'Cancelled', '23:47:09', NULL),
(1883, 1035, 'Cancelled', NULL, 81),
(1884, 828, 'Cancelled', '07:15:59', 248),
(1885, 1363, 'Delivered', NULL, NULL),
(1886, 504, 'Cancelled', '21:42:57', NULL),
(1887, 32, 'Cancelled', NULL, NULL),
(1888, 1931, 'Cancelled', NULL, NULL),
(1889, 788, 'Cancelled', NULL, 273),
(1890, 907, 'Pending', '18:14:49', 42),
(1891, 176, 'Cancelled', NULL, 163),
(1892, 895, 'Cancelled', '01:53:30', NULL),
(1893, 89, 'Pending', NULL, NULL),
(1894, 529, 'Cancelled', NULL, NULL),
(1895, 2385, 'Delivered', NULL, 313),
(1896, 591, 'Delivered', '00:26:32', 67),
(1897, 1380, 'Cancelled', NULL, NULL),
(1898, 1877, 'Cancelled', NULL, 327),
(1899, 957, 'Delivered', NULL, 218),
(1900, 451, 'Pending', '23:18:27', NULL),
(1901, 1226, 'Delivered', NULL, 443),
(1902, 653, 'Pending', NULL, NULL),
(1903, 1548, 'Delivered', '14:46:19', NULL),
(1904, 1897, 'Delivered', '07:06:52', 235),
(1905, 288, 'Delivered', NULL, NULL),
(1906, 1513, 'Cancelled', NULL, 95),
(1907, 2147, 'Delivered', '18:25:20', 214),
(1908, 170, 'Pending', '19:45:16', 133),
(1909, 1986, 'Cancelled', '15:24:45', 361),
(1910, 1226, 'Pending', '15:37:59', NULL),
(1911, 145, 'Cancelled', '15:27:41', 296),
(1912, 977, 'Cancelled', '05:54:07', 328),
(1913, 1292, 'Cancelled', '21:00:54', 453),
(1914, 2457, 'Pending', '23:40:55', 254),
(1915, 2157, 'Cancelled', NULL, 434),
(1916, 1514, 'Cancelled', NULL, 88),
(1917, 2230, 'Pending', '21:37:41', NULL),
(1918, 1730, 'Delivered', NULL, 338),
(1919, 321, 'Cancelled', NULL, NULL),
(1920, 1949, 'Cancelled', '14:35:51', 388),
(1921, 661, 'Pending', '02:06:08', 237),
(1922, 524, 'Cancelled', NULL, 305),
(1923, 598, 'Cancelled', NULL, 255),
(1924, 1049, 'Cancelled', '23:00:40', 166),
(1925, 1835, 'Delivered', NULL, 244),
(1926, 2221, 'Delivered', '19:11:10', 407),
(1927, 1442, 'Delivered', NULL, 164),
(1928, 1842, 'Pending', '00:14:54', NULL),
(1929, 1458, 'Delivered', NULL, NULL),
(1930, 1144, 'Cancelled', NULL, NULL),
(1931, 2030, 'Pending', NULL, NULL),
(1932, 553, 'Cancelled', '18:13:57', NULL),
(1933, 867, 'Delivered', '16:07:01', 299),
(1934, 168, 'Pending', NULL, NULL),
(1935, 1754, 'Cancelled', '19:11:23', 113),
(1936, 1420, 'Delivered', NULL, NULL),
(1937, 2194, 'Cancelled', '09:13:58', NULL),
(1938, 714, 'Delivered', NULL, 266),
(1939, 1799, 'Cancelled', '09:14:45', NULL),
(1940, 1560, 'Pending', '10:29:21', 224),
(1941, 820, 'Cancelled', '09:12:52', NULL),
(1942, 2125, 'Pending', NULL, 219),
(1943, 642, 'Pending', '13:12:19', 328),
(1944, 229, 'Pending', '15:25:17', 133),
(1945, 558, 'Cancelled', NULL, 369),
(1946, 120, 'Pending', '23:18:45', 487),
(1947, 2386, 'Pending', NULL, NULL),
(1948, 2260, 'Delivered', NULL, NULL),
(1949, 1291, 'Delivered', NULL, NULL),
(1950, 2396, 'Pending', NULL, 453),
(1951, 1276, 'Cancelled', NULL, NULL),
(1952, 1554, 'Cancelled', NULL, NULL),
(1953, 530, 'Pending', NULL, NULL),
(1954, 767, 'Cancelled', '01:31:30', 23),
(1955, 142, 'Pending', NULL, NULL),
(1956, 2392, 'Delivered', '08:47:46', NULL),
(1957, 928, 'Cancelled', NULL, 198),
(1958, 1022, 'Delivered', NULL, NULL),
(1959, 277, 'Pending', NULL, 420),
(1960, 2109, 'Delivered', NULL, NULL),
(1961, 1431, 'Cancelled', '08:53:28', 62),
(1962, 1722, 'Delivered', '06:56:14', 179),
(1963, 1178, 'Pending', '09:49:13', NULL),
(1964, 1169, 'Delivered', NULL, NULL),
(1965, 1081, 'Pending', NULL, NULL),
(1966, 1765, 'Delivered', NULL, NULL),
(1967, 244, 'Pending', NULL, NULL),
(1968, 2367, 'Cancelled', '19:58:43', 376),
(1969, 361, 'Cancelled', NULL, NULL),
(1970, 1232, 'Cancelled', '06:13:14', NULL),
(1971, 586, 'Delivered', NULL, NULL),
(1972, 1853, 'Pending', '15:03:01', 496),
(1973, 1995, 'Cancelled', '11:41:30', NULL),
(1974, 1975, 'Cancelled', NULL, 414),
(1975, 371, 'Cancelled', NULL, 115),
(1976, 853, 'Delivered', NULL, NULL),
(1977, 1104, 'Pending', '11:49:43', 397),
(1978, 1871, 'Cancelled', NULL, 403),
(1979, 1151, 'Pending', NULL, NULL),
(1980, 1762, 'Delivered', '00:14:08', NULL),
(1981, 1168, 'Cancelled', '22:41:18', 138),
(1982, 1577, 'Delivered', '18:41:37', NULL),
(1983, 1180, 'Pending', NULL, 419),
(1984, 2041, 'Cancelled', NULL, 369),
(1985, 1407, 'Cancelled', NULL, 78),
(1986, 1549, 'Delivered', '19:31:49', NULL),
(1987, 2009, 'Delivered', '08:27:28', NULL),
(1988, 436, 'Cancelled', NULL, 242),
(1989, 108, 'Delivered', '07:43:21', 206),
(1990, 1455, 'Cancelled', NULL, 8),
(1991, 1169, 'Pending', NULL, 18),
(1992, 1325, 'Pending', NULL, NULL),
(1993, 550, 'Pending', '19:47:37', NULL),
(1994, 603, 'Pending', '15:45:54', NULL),
(1995, 1476, 'Delivered', NULL, NULL),
(1996, 513, 'Cancelled', NULL, 374),
(1997, 2445, 'Cancelled', NULL, NULL),
(1998, 1053, 'Cancelled', NULL, NULL),
(1999, 2319, 'Pending', NULL, NULL),
(2000, 1438, 'Delivered', '07:38:47', 473),
(2001, 1707, 'Pending', NULL, NULL),
(2002, 395, 'Delivered', '21:28:13', NULL),
(2003, 1557, 'Cancelled', '21:59:33', 112),
(2004, 1903, 'Pending', '21:52:56', NULL),
(2005, 373, 'Delivered', NULL, NULL),
(2006, 2249, 'Delivered', NULL, NULL),
(2007, 877, 'Delivered', '06:08:19', NULL),
(2008, 1830, 'Cancelled', '01:08:19', NULL),
(2009, 1639, 'Delivered', NULL, NULL),
(2010, 911, 'Cancelled', '22:27:59', 78),
(2011, 402, 'Cancelled', '14:39:26', 79),
(2012, 1226, 'Cancelled', NULL, NULL),
(2013, 1666, 'Cancelled', NULL, 226),
(2014, 1855, 'Cancelled', NULL, 245),
(2015, 2412, 'Cancelled', '05:13:36', NULL),
(2016, 1188, 'Cancelled', NULL, NULL),
(2017, 406, 'Cancelled', '16:26:12', NULL),
(2018, 1073, 'Delivered', '17:39:02', NULL),
(2019, 1068, 'Pending', '02:36:06', NULL),
(2020, 217, 'Cancelled', NULL, 89),
(2021, 1642, 'Pending', NULL, 426),
(2022, 2441, 'Delivered', NULL, 200),
(2023, 2189, 'Pending', '01:14:19', NULL),
(2024, 1057, 'Cancelled', NULL, NULL),
(2025, 923, 'Delivered', NULL, NULL),
(2026, 833, 'Delivered', '07:55:38', NULL),
(2027, 11, 'Cancelled', '13:51:12', 473),
(2028, 268, 'Pending', '14:39:44', 426),
(2029, 1775, 'Cancelled', '22:43:39', 338),
(2030, 1526, 'Cancelled', '23:56:43', NULL),
(2031, 901, 'Pending', '19:30:51', NULL),
(2032, 813, 'Cancelled', '12:43:22', NULL),
(2033, 2466, 'Cancelled', '12:42:06', 102),
(2034, 339, 'Pending', '00:01:19', 413),
(2035, 1709, 'Cancelled', NULL, NULL),
(2036, 1800, 'Delivered', '20:06:20', NULL),
(2037, 278, 'Pending', NULL, NULL),
(2038, 2270, 'Pending', NULL, NULL),
(2039, 2306, 'Cancelled', NULL, 129),
(2040, 1330, 'Cancelled', '13:27:53', 6),
(2041, 1510, 'Cancelled', NULL, NULL),
(2042, 1889, 'Pending', NULL, NULL),
(2043, 894, 'Cancelled', NULL, NULL),
(2044, 1564, 'Cancelled', NULL, 40),
(2045, 1393, 'Cancelled', NULL, NULL),
(2046, 1922, 'Pending', NULL, 46),
(2047, 2153, 'Delivered', '08:49:21', 448),
(2048, 1353, 'Delivered', '21:49:17', NULL),
(2049, 61, 'Delivered', '07:51:15', 316),
(2050, 1289, 'Pending', NULL, 475),
(2051, 1376, 'Pending', '12:28:07', 421),
(2052, 271, 'Pending', NULL, NULL),
(2053, 256, 'Cancelled', NULL, NULL),
(2054, 948, 'Delivered', NULL, NULL),
(2055, 1638, 'Delivered', NULL, NULL),
(2056, 1301, 'Cancelled', '12:55:07', NULL),
(2057, 2313, 'Pending', '21:34:02', NULL),
(2058, 934, 'Delivered', NULL, NULL),
(2059, 1957, 'Cancelled', NULL, 166),
(2060, 888, 'Cancelled', NULL, NULL),
(2061, 454, 'Cancelled', NULL, NULL),
(2062, 1718, 'Cancelled', NULL, 319),
(2063, 1483, 'Pending', NULL, NULL),
(2064, 731, 'Delivered', NULL, 329),
(2065, 75, 'Delivered', NULL, 1),
(2066, 2297, 'Delivered', NULL, 302),
(2067, 140, 'Delivered', NULL, 15),
(2068, 1551, 'Pending', NULL, NULL),
(2069, 1620, 'Pending', NULL, 33),
(2070, 920, 'Cancelled', '23:46:42', 334),
(2071, 1173, 'Pending', NULL, 138),
(2072, 367, 'Delivered', NULL, NULL),
(2073, 405, 'Pending', '12:09:27', 113),
(2074, 184, 'Delivered', '06:43:52', NULL),
(2075, 1924, 'Pending', NULL, 441),
(2076, 1566, 'Delivered', NULL, 423),
(2077, 306, 'Cancelled', NULL, NULL),
(2078, 1154, 'Delivered', NULL, 140),
(2079, 1623, 'Delivered', NULL, NULL),
(2080, 1040, 'Cancelled', NULL, 400),
(2081, 2114, 'Cancelled', NULL, NULL),
(2082, 871, 'Pending', NULL, NULL),
(2083, 335, 'Delivered', '23:08:23', NULL),
(2084, 1266, 'Pending', NULL, 177),
(2085, 1270, 'Delivered', '14:04:12', NULL),
(2086, 77, 'Cancelled', '10:37:35', NULL),
(2087, 93, 'Pending', NULL, 129),
(2088, 1121, 'Cancelled', '07:48:29', 423),
(2089, 835, 'Cancelled', NULL, NULL),
(2090, 87, 'Delivered', '00:02:05', NULL),
(2091, 1817, 'Delivered', NULL, 81),
(2092, 484, 'Pending', NULL, NULL),
(2093, 753, 'Pending', NULL, 67),
(2094, 741, 'Cancelled', '18:50:45', 215),
(2095, 1742, 'Delivered', '08:07:01', NULL),
(2096, 232, 'Pending', NULL, 141),
(2097, 1887, 'Cancelled', NULL, NULL),
(2098, 800, 'Delivered', '19:32:39', NULL),
(2099, 413, 'Cancelled', NULL, 424),
(2100, 485, 'Delivered', '08:33:38', NULL),
(2101, 1415, 'Delivered', NULL, 456),
(2102, 2082, 'Delivered', '20:55:41', 332),
(2103, 1363, 'Pending', NULL, 460),
(2104, 2379, 'Pending', NULL, 305),
(2105, 853, 'Delivered', NULL, 70),
(2106, 1000, 'Cancelled', NULL, 33),
(2107, 1103, 'Cancelled', NULL, 51),
(2108, 827, 'Pending', '01:55:17', 217),
(2109, 1846, 'Delivered', '01:20:25', NULL),
(2110, 49, 'Cancelled', '18:50:33', NULL),
(2111, 1533, 'Pending', '14:23:18', NULL),
(2112, 1993, 'Pending', NULL, NULL),
(2113, 1032, 'Pending', NULL, 471),
(2114, 917, 'Delivered', '16:32:29', 374),
(2115, 1345, 'Delivered', '01:14:24', NULL),
(2116, 1539, 'Pending', NULL, NULL),
(2117, 2122, 'Pending', NULL, 167),
(2118, 1129, 'Pending', '09:28:48', NULL),
(2119, 1182, 'Delivered', '10:51:44', NULL),
(2120, 2494, 'Pending', NULL, NULL),
(2121, 7, 'Delivered', '14:50:49', 385),
(2122, 718, 'Delivered', '16:16:33', 381),
(2123, 1698, 'Delivered', NULL, 303),
(2124, 1865, 'Delivered', '03:48:29', 404),
(2125, 139, 'Pending', '05:58:04', 438),
(2126, 2125, 'Delivered', '08:27:16', 243),
(2127, 2173, 'Delivered', NULL, 400),
(2128, 1850, 'Pending', '05:09:00', NULL),
(2129, 1025, 'Delivered', NULL, NULL),
(2130, 1622, 'Delivered', '20:55:32', 380),
(2131, 288, 'Delivered', NULL, NULL),
(2132, 1717, 'Delivered', NULL, NULL),
(2133, 1220, 'Cancelled', NULL, 278),
(2134, 2059, 'Delivered', NULL, NULL),
(2135, 1446, 'Pending', '20:34:57', NULL),
(2136, 1557, 'Delivered', NULL, NULL),
(2137, 2262, 'Pending', '13:13:45', NULL),
(2138, 2252, 'Delivered', NULL, NULL),
(2139, 1873, 'Cancelled', NULL, NULL),
(2140, 1209, 'Cancelled', NULL, 290),
(2141, 326, 'Delivered', '11:17:46', NULL),
(2142, 903, 'Delivered', '18:37:51', 448),
(2143, 572, 'Pending', '10:02:27', NULL),
(2144, 1661, 'Cancelled', '00:19:52', NULL),
(2145, 46, 'Pending', '19:50:44', 417),
(2146, 718, 'Delivered', '14:39:08', 384),
(2147, 2263, 'Cancelled', NULL, NULL),
(2148, 2081, 'Pending', NULL, NULL),
(2149, 850, 'Cancelled', '11:34:55', NULL),
(2150, 728, 'Cancelled', NULL, NULL),
(2151, 1686, 'Pending', '14:05:42', NULL),
(2152, 2014, 'Pending', '18:22:28', 142),
(2153, 913, 'Delivered', NULL, 286),
(2154, 2446, 'Cancelled', NULL, 362),
(2155, 1271, 'Pending', NULL, NULL),
(2156, 346, 'Cancelled', '03:46:01', NULL),
(2157, 1723, 'Pending', '12:51:42', 9),
(2158, 2127, 'Delivered', '13:42:03', NULL),
(2159, 730, 'Delivered', NULL, 73),
(2160, 2101, 'Cancelled', '13:04:53', NULL),
(2161, 2209, 'Cancelled', '01:54:49', 343),
(2162, 711, 'Pending', '09:34:39', NULL),
(2163, 736, 'Cancelled', '17:53:02', 453),
(2164, 1335, 'Cancelled', '02:04:04', 319),
(2165, 2341, 'Pending', NULL, 59),
(2166, 425, 'Delivered', '17:16:36', 496),
(2167, 400, 'Cancelled', '04:09:53', NULL),
(2168, 1164, 'Pending', '08:28:37', 59),
(2169, 214, 'Delivered', NULL, NULL),
(2170, 1733, 'Delivered', '00:00:47', 179),
(2171, 856, 'Cancelled', NULL, 442),
(2172, 1628, 'Pending', '13:32:33', NULL),
(2173, 2300, 'Pending', NULL, NULL),
(2174, 1741, 'Cancelled', NULL, 34),
(2175, 1774, 'Cancelled', '15:36:34', NULL),
(2176, 237, 'Delivered', '20:15:07', NULL),
(2177, 1380, 'Pending', NULL, 392),
(2178, 2013, 'Cancelled', NULL, NULL),
(2179, 194, 'Pending', NULL, 22),
(2180, 627, 'Delivered', NULL, NULL),
(2181, 1902, 'Cancelled', NULL, 347),
(2182, 44, 'Delivered', NULL, NULL),
(2183, 614, 'Pending', '11:10:06', 105),
(2184, 973, 'Delivered', '19:19:38', 67),
(2185, 1925, 'Delivered', '18:50:10', NULL),
(2186, 1490, 'Delivered', NULL, NULL),
(2187, 1535, 'Pending', NULL, NULL),
(2188, 1050, 'Delivered', '22:50:04', 432),
(2189, 430, 'Delivered', NULL, 31),
(2190, 52, 'Cancelled', NULL, 446),
(2191, 2129, 'Pending', '13:40:55', 318),
(2192, 2439, 'Cancelled', '13:20:50', NULL),
(2193, 2215, 'Pending', '21:09:04', NULL),
(2194, 2213, 'Delivered', NULL, NULL),
(2195, 1239, 'Pending', NULL, 264),
(2196, 1848, 'Cancelled', '05:35:06', NULL),
(2197, 172, 'Cancelled', '04:33:06', NULL),
(2198, 1053, 'Delivered', '10:29:55', NULL),
(2199, 196, 'Pending', NULL, 24),
(2200, 620, 'Delivered', NULL, NULL),
(2201, 843, 'Delivered', '00:22:11', NULL),
(2202, 841, 'Pending', NULL, 116),
(2203, 602, 'Pending', '04:00:01', NULL),
(2204, 134, 'Delivered', '05:34:03', NULL),
(2205, 1179, 'Pending', '10:36:11', NULL),
(2206, 677, 'Cancelled', NULL, 290),
(2207, 916, 'Pending', NULL, NULL),
(2208, 2280, 'Cancelled', NULL, NULL),
(2209, 2227, 'Delivered', NULL, 254),
(2210, 827, 'Cancelled', '17:34:07', NULL),
(2211, 2197, 'Pending', NULL, NULL),
(2212, 2051, 'Cancelled', '02:10:46', 256),
(2213, 1784, 'Delivered', NULL, NULL),
(2214, 2437, 'Cancelled', NULL, 418),
(2215, 1567, 'Cancelled', '07:00:20', 344),
(2216, 679, 'Delivered', NULL, NULL),
(2217, 1987, 'Pending', '04:56:10', 194),
(2218, 2119, 'Pending', '01:53:29', 325),
(2219, 179, 'Delivered', NULL, 268),
(2220, 949, 'Delivered', NULL, NULL),
(2221, 1301, 'Pending', '15:16:49', 414),
(2222, 46, 'Delivered', NULL, 499),
(2223, 249, 'Pending', NULL, NULL),
(2224, 1638, 'Cancelled', '23:07:21', 314),
(2225, 1047, 'Pending', '19:49:17', 410),
(2226, 163, 'Cancelled', NULL, 190),
(2227, 1198, 'Pending', NULL, NULL),
(2228, 2238, 'Delivered', '17:53:52', NULL),
(2229, 1044, 'Pending', '17:56:13', NULL),
(2230, 1430, 'Cancelled', '04:55:26', NULL),
(2231, 849, 'Delivered', '00:34:00', NULL),
(2232, 2124, 'Delivered', '21:53:57', NULL),
(2233, 40, 'Delivered', NULL, NULL),
(2234, 2101, 'Cancelled', NULL, NULL),
(2235, 1689, 'Pending', NULL, NULL),
(2236, 1941, 'Delivered', NULL, NULL),
(2237, 457, 'Cancelled', '07:31:00', NULL),
(2238, 1153, 'Pending', NULL, 397),
(2239, 85, 'Delivered', '13:57:33', 311),
(2240, 1099, 'Delivered', '13:26:05', NULL),
(2241, 1576, 'Cancelled', NULL, NULL),
(2242, 449, 'Delivered', '15:48:57', NULL),
(2243, 221, 'Pending', '15:24:28', NULL),
(2244, 531, 'Pending', NULL, NULL),
(2245, 2496, 'Pending', NULL, 323),
(2246, 1649, 'Delivered', NULL, NULL),
(2247, 1334, 'Cancelled', '13:08:01', NULL),
(2248, 1488, 'Cancelled', NULL, 38),
(2249, 237, 'Pending', NULL, NULL),
(2250, 1543, 'Delivered', '08:36:41', NULL),
(2251, 1618, 'Pending', '13:51:51', 156),
(2252, 2337, 'Pending', '18:20:54', 21),
(2253, 127, 'Delivered', NULL, NULL),
(2254, 280, 'Pending', NULL, 39),
(2255, 1432, 'Cancelled', NULL, NULL),
(2256, 2248, 'Pending', NULL, NULL),
(2257, 2481, 'Cancelled', '02:14:59', NULL),
(2258, 1222, 'Pending', '00:20:03', NULL),
(2259, 2309, 'Delivered', '18:53:21', 229),
(2260, 414, 'Pending', '04:34:43', 391),
(2261, 945, 'Cancelled', '14:09:07', 347),
(2262, 2243, 'Pending', NULL, NULL),
(2263, 2123, 'Pending', '13:02:39', NULL),
(2264, 1053, 'Pending', NULL, NULL),
(2265, 1716, 'Pending', '05:41:28', 334),
(2266, 143, 'Pending', NULL, NULL),
(2267, 932, 'Cancelled', NULL, 119),
(2268, 2431, 'Pending', NULL, 25),
(2269, 494, 'Cancelled', NULL, 337),
(2270, 1222, 'Cancelled', '07:38:01', 486),
(2271, 2019, 'Pending', '01:51:55', NULL),
(2272, 1533, 'Delivered', '01:27:44', 394),
(2273, 1864, 'Cancelled', '00:06:58', NULL),
(2274, 1924, 'Delivered', '21:27:17', 250),
(2275, 1675, 'Pending', NULL, NULL),
(2276, 752, 'Pending', '21:25:20', 84),
(2277, 2175, 'Delivered', '12:46:56', 40),
(2278, 1776, 'Cancelled', '15:23:21', NULL),
(2279, 1496, 'Delivered', '15:18:16', NULL),
(2280, 550, 'Cancelled', NULL, 335),
(2281, 108, 'Cancelled', '05:04:36', 103),
(2282, 2085, 'Cancelled', '06:10:49', NULL),
(2283, 2474, 'Pending', '16:42:13', NULL),
(2284, 27, 'Cancelled', '23:59:39', NULL),
(2285, 378, 'Delivered', '12:34:07', NULL),
(2286, 443, 'Delivered', '23:17:40', 361),
(2287, 2122, 'Cancelled', NULL, NULL),
(2288, 261, 'Delivered', NULL, NULL),
(2289, 699, 'Cancelled', '01:19:17', NULL),
(2290, 194, 'Pending', NULL, NULL),
(2291, 1872, 'Delivered', '20:59:16', 478),
(2292, 1872, 'Cancelled', '19:53:59', NULL),
(2293, 2019, 'Cancelled', NULL, 249),
(2294, 1228, 'Delivered', '18:32:09', NULL),
(2295, 1116, 'Delivered', '10:39:39', 219),
(2296, 1516, 'Cancelled', '09:04:43', 244),
(2297, 1893, 'Cancelled', '18:52:46', 219),
(2298, 624, 'Cancelled', '02:56:36', NULL),
(2299, 1815, 'Pending', NULL, 88),
(2300, 1335, 'Cancelled', NULL, NULL)
-- ON CONFLICT (delivery_id) DO UPDATE SET delivery_id=EXCLUDED.delivery_id, order_id=EXCLUDED.order_id, delivery_status=EXCLUDED.delivery_status, delivery_time=EXCLUDED.delivery_time, rider_id=EXCLUDED.rider_id;
ON DUPLICATE KEY UPDATE order_id = VALUES(order_id), delivery_status = VALUES(delivery_status), delivery_time = VALUES(delivery_time), rider_id = VALUES(rider_id);
